exercise_name,exercise_url,body_part,Target,Synergists,Dynamic Stabilizers,Stabilizers,Antagonist Stabilizers
Barbell Standing Leg Calf Raise,https://exrx.net/WeightExercises/Gastrocnemius/BBStandingCalfRaise,Calves,Gastrocnemius,Soleus,,No significant stabilizers,
Cable Belt Calf Raise,https://exrx.net/WeightExercises/Gastrocnemius/CBStandingCalfRaise,Calves,Gastrocnemius,Soleus,,No significant stabilizers,
Cable One Arm Single Leg Calf Raise,https://exrx.net/WeightExercises/Gastrocnemius/CBOneArmSingleLegCalfRaise,Calves,Gastrocnemius,Soleus,,"Trapezius, Upper; Trapezius, Middle; Levator Scapulae; Gluteus Medius; Gluteus Minimus; Quadratus        Lumborum; Obliques",
Dumbbell Standing Calf Raise,https://exrx.net/WeightExercises/Gastrocnemius/DBStandingCalfRaise,Calves,Gastrocnemius,Soleus,,"Trapezius, Upper; Trapezius, Middle; Levator Scapulae; Gluteus Medius; Gluteus Minimus",
Dumbbell Single Leg Calf Raise,https://exrx.net/WeightExercises/Gastrocnemius/DBSingleLegCalfRaise,Calves,Gastrocnemius,Soleus,,"Trapezius, Upper; Trapezius, Middle; Levator Scapulae; Gluteus Medius; Gluteus Minimus; Quadratus        Lumborum; Obliques",
Lever 45° Calf Press (plate loaded),https://exrx.net/WeightExercises/Gastrocnemius/LV45CalfPress,Calves,Gastrocnemius,Soleus,,No significant stabilizers,
Lever Calf Extension (plate loaded),https://exrx.net/WeightExercises/Gastrocnemius/LVSeatedCalfExtensionHammer,Calves,Gastrocnemius,Soleus,,No significant stabilizers,
Lever Isolateral Seated Calf Press (plate loaded),https://exrx.net/WeightExercises/Gastrocnemius/LVSeatedCalfPressH,Calves,Gastrocnemius,Soleus,,No significant stabilizers,
Lever Standing Calf Raise (plate loaded),https://exrx.net/WeightExercises/Gastrocnemius/LVStandingCalfRaisePL,Calves,Gastrocnemius,Soleus,,"Trapezius, Upper; Trapezius, Middle; Levator Scapulae",
Lever 45° Calf Raise,https://exrx.net/WeightExercises/Gastrocnemius/LV45CalfRaise,Calves,Gastrocnemius,Soleus,,No significant stabilizers,
Lever Calf Extension,https://exrx.net/WeightExercises/Gastrocnemius/LVSeatedCalfExtension,Calves,Gastrocnemius,Soleus,,No significant stabilizers,
Lever Donkey Calf Raise,https://exrx.net/WeightExercises/Gastrocnemius/LVDonkeyCalfRaise,Calves,Gastrocnemius,Soleus,,"Serratus Anterior; Pectoralis Minor; Pectoralis Major, Sternal; Pectoralis Major, Clavicular; Coracobrachialis",
Lever Seated Calf Press,https://exrx.net/WeightExercises/Gastrocnemius/LVSeatedCalfPress,Calves,Gastrocnemius,Soleus,,No significant stabilizers,
Lever Standing Calf Raise,https://exrx.net/WeightExercises/Gastrocnemius/LVStandingCalfRaise,Calves,Gastrocnemius,Soleus,,"Trapezius, Upper; Trapezius, Middle; Levator Scapulae",
Sled 45° Calf Press,https://exrx.net/WeightExercises/Gastrocnemius/SL45CalfPress,Calves,Gastrocnemius,Soleus,,No significant stabilizers,
Sled 45° Calf Raise,https://exrx.net/WeightExercises/Gastrocnemius/SL45CalfRaise,Calves,Gastrocnemius,Soleus,,No significant stabilizers,
Sled Donkey Calf Raise,https://exrx.net/WeightExercises/Gastrocnemius/SLDonkeyCalfRaise,Calves,Gastrocnemius,Soleus,,"Serratus Anterior; Pectoralis Minor; Pectoralis Major, Sternal; Pectoralis Major, Clavicular; Coracobrachialis",
Sled Lying Calf Press,https://exrx.net/WeightExercises/Gastrocnemius/SLLyingCalfPress,Calves,Gastrocnemius,Soleus,,No significant stabilizers,
Sled Seated Calf Press,https://exrx.net/WeightExercises/Gastrocnemius/SLSeatedCalfPress,Calves,Gastrocnemius,Soleus,,No significant stabilizers,
Sled Standing Calf Raise,https://exrx.net/WeightExercises/Gastrocnemius/SLStandingCalfRaise,Calves,Gastrocnemius,Soleus,,"Trapezius, Upper; Trapezius, Middle; Levator Scapulae",
Smith Standing Leg Calf Raise,https://exrx.net/WeightExercises/Gastrocnemius/SMStandingCalfRaise,Calves,Gastrocnemius,Soleus,,No significant stabilizers,
Weighted Single Leg Calf Raise,https://exrx.net/WeightExercises/Gastrocnemius/WTSingleLegCalfRaise,Calves,Gastrocnemius,Soleus,,Gluteus Medius; Gluteus Minimus; Quadratus        Lumborum; Obliques,
Standing Calf Raise,https://exrx.net/WeightExercises/Gastrocnemius/BWStandingCalfRaise,Calves,Gastrocnemius,Soleus,,,
Single Leg Calf Raise,https://exrx.net/WeightExercises/Gastrocnemius/BWSingleLegCalfRaise,Calves,Gastrocnemius,Soleus,,Gluteus Medius; Gluteus Minimus; Quadratus        Lumborum; Obliques,
Self-assisted Single Leg Calf Raise,https://exrx.net/WeightExercises/Gastrocnemius/ASSingleLegCalfRaiseSelf,Calves,Gastrocnemius,Soleus,,Gluteus Medius; Gluteus Minimus; Quadratus        Lumborum; Obliques,
Suspended Forward Angled Single Leg Calf Raise,https://exrx.net/WeightExercises/Gastrocnemius/STSingleLegForwardAngledCalfRaise,Calves,Gastrocnemius,Soleus,,"Gluteus Medius; Gluteus Minimus; Quadratus Lumborum; Obliques; Hip External Rotators; Pectoralis Major, Sternal; Pectoralis Major, Clavicular; Pectoralis Minor; Serratus Anterior; Triceps Brachii; Latissimus Dorsi; Teres Major; Rhomboids; Levator Scapulae; Deltoid, Posterior; Coracobrachialis; Rectus Abdominis; Quadriceps; Wrist Flexors",
Safety Bar Seated Calf Raise,https://exrx.net/WeightExercises/Soleus/SBSeatedCalfRaise,Calves,Soleus,Gastrocnemius,,No significant stabilizers,
Lever Seated Calf Raise (plate loaded),https://exrx.net/WeightExercises/Soleus/LVSeatedCalfRaiseH,Calves,Soleus,Gastrocnemius,,No significant stabilizers,
Lever Seated Calf Raise,https://exrx.net/WeightExercises/Soleus/LVSeatedCalfRaise,Calves,Soleus,Gastrocnemius,,No significant stabilizers,
Smith Seated Calf Raise,https://exrx.net/WeightExercises/Soleus/SMSeatedCalfRaise,Calves,Soleus,Gastrocnemius,,No significant stabilizers,
Safety Bar Reverse Calf Raise,https://exrx.net/WeightExercises/TibialisAnterior/SBReverseCalfRaise,Calves,Tibialis Anterior,,,No significant stabilizers,
Cable Reverse Calf Raise,https://exrx.net/WeightExercises/TibialisAnterior/CBReverseCalfRaise,Calves,Tibialis Anterior,,,No significant stabilizers,
Cable Single Leg Reverse Calf Raise,https://exrx.net/WeightExercises/TibialisAnterior/CBSingleLegReverseCalfRaise,Calves,Tibialis Anterior,,,No significant stabilizers,
Dumbbell Reverse Calf Raise,https://exrx.net/WeightExercises/TibialisAnterior/DBReverseCalfRaise,Calves,Tibialis Anterior,,,"Trapezius, Upper; Trapezius, Middle; Levator Scapulae",
Dumbbell Single Leg Reverse Calf Raise,https://exrx.net/WeightExercises/TibialisAnterior/DBSingleLegRevCalfRaise,Calves,Tibialis Anterior,,,"Gluteus Medius; Gluteus Maximus; Trapezius, Upper; Trapezius, Middle; Levator Scapulae",
Lever 45° Reverse Calf Press (plate loaded),https://exrx.net/WeightExercises/TibialisAnterior/LV45ReverseCalfPress,Calves,Tibialis Anterior,,,No significant stabilizers,
Lever 45° Reverse Calf Raise (plate loaded),https://exrx.net/WeightExercises/TibialisAnterior/LV45ReverseCalfRaise,Calves,Tibialis Anterior,,,No significant stabilizers,
Lever Reverse Calf Raise (plate loaded),https://exrx.net/WeightExercises/TibialisAnterior/LVReverseCalfRaisePL,Calves,Tibialis Anterior,,,"Trapezius, Upper; Trapezius, Middle; Levator Scapulae",
Lever Reverse Calf Extension (plate loaded),https://exrx.net/WeightExercises/TibialisAnterior/LVSeatedReverseCalfExtHammer,Calves,Tibialis Anterior,,,No significant stabilizers,
Lever Reverse Calf Extension,https://exrx.net/WeightExercises/TibialisAnterior/LVReverseCalfExtension,Calves,Tibialis Anterior,,,No significant stabilizers,
Lever Reverse Calf Raise,https://exrx.net/WeightExercises/TibialisAnterior/LVReverseCalfRaise,Calves,Tibialis Anterior,,,"Trapezius, Upper; Trapezius, Middle; Levator Scapulae",
Sled 45° Reverse Calf Press,https://exrx.net/WeightExercises/TibialisAnterior/SL45ReverseCalfPress,Calves,Tibialis Anterior,,,No significant stabilizers,
Sled 45° Reverse Calf Raise (plate loaded),https://exrx.net/WeightExercises/TibialisAnterior/SL45ReverseCalfRaisePL,Calves,Tibialis Anterior,,,No significant stabilizers,
Sled 45° Reverse Calf Raise (on hack press),https://exrx.net/WeightExercises/TibialisAnterior/SL45ReverseCalfRaiseHackPress,Calves,Tibialis Anterior,,,No significant stabilizers,
Sled Hack Reverse Calf Raise,https://exrx.net/WeightExercises/TibialisAnterior/SLHackReverseCalfRaise,Calves,Tibialis Anterior,,,No significant stabilizers,
Sled Lying Reverse Calf Press,https://exrx.net/WeightExercises/TibialisAnterior/SLLyingReverseCalfPress,Calves,Tibialis Anterior,,,No significant stabilizers,
Sled Seated Reverse Calf Press,https://exrx.net/WeightExercises/TibialisAnterior/SLSeatedReverseCalfPress,Calves,Tibialis Anterior,,,No significant stabilizers,
Smith Reverse Calf Raise,https://exrx.net/WeightExercises/TibialisAnterior/SMReverseCalfRaise,Calves,Tibialis Anterior,,,No significant stabilizers,
Reverse Calf Raise,https://exrx.net/WeightExercises/TibialisAnterior/BWReverseCalfRaise,Calves,Tibialis Anterior,,,,
Single Leg Reverse Calf Raise,https://exrx.net/WeightExercises/TibialisAnterior/BWSingleLegRevCalfRaise,Calves,Tibialis Anterior,,,Gluteus Medius; Gluteus Maximus; Quadratus        Lumborum; Obliques,
Machine-assisted Chest Dip,https://exrx.net/WeightExercises/PectoralSternal/AsChestDip,Chest,"Pectoralis Major, Sternal","Deltoid, Anterior; Triceps Brachii; Pectoralis Major, Clavicular; Pectoralis Minor; Rhomboids; Levator Scapulae; Latissimus Dorsi; Teres Major; Coracobrachialis",,"Trapezius, Lower",
Machine-assisted Chest Dip (kneeling),https://exrx.net/WeightExercises/PectoralSternal/AsChestDipKneeling,Chest,"Pectoralis Major, Sternal","Deltoid, Anterior; Triceps Brachii; Pectoralis Major, Clavicular; Pectoralis Minor; Rhomboids; Levator Scapulae; Latissimus Dorsi; Teres Major; Coracobrachialis",,"Trapezius, Lower",
Barbell Bench Press,https://exrx.net/WeightExercises/PectoralSternal/BBBenchPress,Chest,"Pectoralis Major, Sternal","Pectoralis Major, Clavicular; Deltoid, Anterior; Triceps Brachii; Coracobrachialis","Biceps Brachii, Short Head",,
Barbell Bench Press (power lift),https://exrx.net/WeightExercises/PectoralSternal/BBBenchPressPowerLift,Chest,"Pectoralis Major, Sternal","Pectoralis Major, Clavicular; Deltoid, Anterior; Triceps Brachii; Coracobrachialis","Biceps Brachii, Short Head",Erector Spinae; Gluteus Maximus,
Barbell Decline Bench Press,https://exrx.net/WeightExercises/PectoralSternal/BBDeclineBenchPress,Chest,"Pectoralis Major, Sternal","Pectoralis Major, Clavicular; Deltoid, Anterior; Triceps Brachii; Coracobrachialis","Biceps Brachii, Short Head",,
Cable Isolateral Lying Fly,https://exrx.net/WeightExercises/PectoralSternal/CBLyingFly,Chest,"Pectoralis Major, Sternal","Pectoralis Major, Clavicular; Deltoid, Anterior; Biceps Brachii, Short Head; Coracobrachialis",,Biceps Brachii; Brachialis; Triceps Brachii; Wrist Flexors,
Cable Isolateral Cable Fly,https://exrx.net/WeightExercises/PectoralSternal/CBSeatedFly,Chest,"Pectoralis Major, Sternal","Pectoralis Major, Clavicular; Deltoid, Anterior; Biceps Brachii, Short Head; Coracobrachialis",,Biceps Brachii; Brachialis; Triceps Brachii; Wrist Flexors,
Cable Isolateral Standing Fly,https://exrx.net/WeightExercises/PectoralSternal/CBStandingFly,Chest,"Pectoralis Major, Sternal","Pectoralis Major, Clavicular; Pectoralis Minor; Rhomboids; Levator Scapulae; Latissimus Dorsi; Coracobrachialis",,Biceps Brachii; Brachialis; Triceps Brachii; Wrist Flexors; Rectus Abdominis; Obliques,Erector Spinae
Cable Isolateral Bench Press,https://exrx.net/WeightExercises/PectoralSternal/CBBenchPress,Chest,"Pectoralis Major, Sternal","Pectoralis Major, Clavicular; Deltoid, Anterior; Triceps Brachii; Coracobrachialis","Biceps Brachii, Short Head",,
Cable Isolateral Chest Press,https://exrx.net/WeightExercises/PectoralSternal/CBChestPress,Chest,"Pectoralis Major, Sternal","Pectoralis Major, Clavicular; Deltoid, Anterior; Triceps Brachii; Coracobrachialis","Biceps Brachii, Short Head",,
Cable Isolateral Standing Chest Press,https://exrx.net/WeightExercises/PectoralSternal/CBStandingChestPress,Chest,"Pectoralis Major, Sternal","Pectoralis Major, Clavicular; Deltoid, Anterior; Triceps Brachii; Coracobrachialis","Biceps Brachii, Short Head",Pectoralis Minor; Serratus Anterior,
Cable Isolateral Decline Chest Press,https://exrx.net/WeightExercises/PectoralSternal/CBDeclineChestPress,Chest,"Pectoralis Major, Sternal","Pectoralis Major, Clavicular; Deltoid, Anterior; Triceps Brachii; Coracobrachialis","Biceps Brachii, Short Head",,
Dumbbell Bench Press,https://exrx.net/WeightExercises/PectoralSternal/DBBenchPress,Chest,"Pectoralis Major, Sternal","Pectoralis Major, Clavicular; Deltoid, Anterior; Triceps Brachii; Coracobrachialis","Biceps Brachii, Short Head",,
Dumbbell Decline Bench Press,https://exrx.net/WeightExercises/PectoralSternal/DBDeclineBenchPress,Chest,"Pectoralis Major, Sternal","Pectoralis Major, Clavicular; Deltoid, Anterior; Triceps Brachii; Coracobrachialis","Biceps Brachii, Short Head",,
Dumbbell Fly,https://exrx.net/WeightExercises/PectoralSternal/DBFly,Chest,"Pectoralis Major, Sternal","Pectoralis Major, Clavicular; Deltoid, Anterior; Biceps Brachii, Short Head; Coracobrachialis",,Biceps Brachii; Brachialis; Triceps Brachii; Wrist Flexors,
Dumbbell Pullover,https://exrx.net/WeightExercises/PectoralSternal/DBPullover,Chest,"Pectoralis Major, Sternal","Latissimus Dorsi; Teres Major; Triceps, Long Head; Deltoid, Posterior; Pectoralis Minor; Rhomboids; Levator Scapulae",,"Triceps Brachii; Deltoid, Anterior; Pectoralis Major, Clavicular; Coracobrachialis; Wrist Flexors",
Lever Isolateral Bench Press (plate loaded),https://exrx.net/WeightExercises/PectoralSternal/LVBenchPressH,Chest,"Pectoralis Major, Sternal","Pectoralis Major, Clavicular; Deltoid, Anterior; Triceps Brachii; Coracobrachialis","Biceps Brachii, Short Head",,
Lever Chest Dip (plate loaded),https://exrx.net/WeightExercises/PectoralSternal/LVChestDipH,Chest,"Pectoralis Major, Sternal","Deltoid, Anterior; Triceps Brachii; Pectoralis Major, Clavicular; Pectoralis Minor; Rhomboids; Levator Scapulae; Latissimus Dorsi; Teres Major; Coracobrachialis",,"Trapezius, Lower",
Lever Isolateral Chest Press (plate loaded),https://exrx.net/WeightExercises/PectoralSternal/LVChestPressH,Chest,"Pectoralis Major, Sternal","Pectoralis Major, Clavicular; Deltoid, Anterior; Triceps Brachii; Coracobrachialis","Biceps Brachii, Short Head",,
Lever Decline Chest Press (plate loaded),https://exrx.net/WeightExercises/PectoralSternal/LVDeclineChestPressPL,Chest,"Pectoralis Major, Sternal","Pectoralis Major, Clavicular; Deltoid, Anterior; Triceps Brachii; Coracobrachialis","Biceps Brachii, Short Head",,
Lever Chest Dip,https://exrx.net/WeightExercises/PectoralSternal/LVChestDip,Chest,"Pectoralis Major, Sternal","Deltoid, Anterior; Triceps Brachii; Pectoralis Major, Clavicular; Pectoralis Minor; Rhomboids; Levator Scapulae; Latissimus Dorsi; Teres Major; Coracobrachialis",,"Trapezius, Lower",
Lever Isolateral Lying Fly (gripless),https://exrx.net/WeightExercises/PectoralSternal/LVLyingFly,Chest,"Pectoralis Major, Sternal","Pectoralis Major, Clavicular; Pectoralis Minor; Deltoid, Anterior; Coracobrachialis; Serratus Anterior",,No significant stabilizers,
Lever Isolateral Pec Deck Fly,https://exrx.net/WeightExercises/PectoralSternal/LVPecDeckFly,Chest,"Pectoralis Major, Sternal","Pectoralis Major, Clavicular; Coracobrachialis; Pectoralis Minor; Serratus Anterior",,No significant stabilizers,
Lever Isolateral Seated Fly,https://exrx.net/WeightExercises/PectoralSternal/LVSeatedFly,Chest,"Pectoralis Major, Sternal","Pectoralis Major, Clavicular; Pectoralis Minor; Deltoid, Anterior; Biceps Brachii, Short Head; Coracobrachialis; Serratus Anterior",,Biceps Brachii; Brachialis; Wrist Flexors,
Lever Bench Press,https://exrx.net/WeightExercises/PectoralSternal/LVBenchPress,Chest,"Pectoralis Major, Sternal","Pectoralis Major, Clavicular; Deltoid, Anterior; Triceps Brachii; Coracobrachialis","Biceps Brachii, Short Head",,
Lever Chest Press,https://exrx.net/WeightExercises/PectoralSternal/LVChestPress,Chest,"Pectoralis Major, Sternal","Pectoralis Major, Clavicular; Deltoid, Anterior; Triceps Brachii; Coracobrachialis","Biceps Brachii, Short Head",,
Lever Isolateral Chest Press,https://exrx.net/WeightExercises/PectoralSternal/LVChestPressS,Chest,"Pectoralis Major, Sternal","Pectoralis Major, Clavicular; Deltoid, Anterior; Triceps Brachii; Coracobrachialis","Biceps Brachii, Short Head",,
Lever Isolateral Decline Chest Press,https://exrx.net/WeightExercises/PectoralSternal/LVDeclineChestPress,Chest,"Pectoralis Major, Sternal","Pectoralis Major, Clavicular; Deltoid, Anterior; Triceps Brachii; Coracobrachialis","Biceps Brachii, Short Head",,
Sled Standing Chest Dip,https://exrx.net/WeightExercises/PectoralSternal/SLStandingChestDip,Chest,"Pectoralis Major, Sternal","Deltoid, Anterior; Triceps Brachii; Pectoralis Major, Clavicular; Pectoralis Minor; Rhomboids; Levator Scapulae; Latissimus Dorsi; Teres Major; Coracobrachialis",,"Trapezius, Lower",
Smith Bench Press,https://exrx.net/WeightExercises/PectoralSternal/SMBenchPress,Chest,"Pectoralis Major, Sternal","Pectoralis Major, Clavicular; Deltoid, Anterior; Triceps Brachii; Coracobrachialis","Biceps Brachii, Short Head",,
Smith Decline Bench Press,https://exrx.net/WeightExercises/PectoralSternal/SMDeclineBenchPress,Chest,"Pectoralis Major, Sternal","Pectoralis Major, Clavicular; Deltoid, Anterior; Triceps Brachii; Coracobrachialis","Biceps Brachii, Short Head",,
Weighted Chest Dip,https://exrx.net/WeightExercises/PectoralSternal/WtChestDip,Chest,"Pectoralis Major, Sternal","Deltoid, Anterior; Triceps Brachii; Pectoralis Major, Clavicular; Pectoralis Minor; Rhomboids; Levator Scapulae; Latissimus Dorsi; Teres Major; Coracobrachialis",,"Trapezius, Lower",
Weighted Push-up,https://exrx.net/WeightExercises/PectoralSternal/WtPushup,Chest,"Pectoralis Major, Sternal","Pectoralis Major, Clavicular; Deltoid, Anterior; Triceps Brachii; Coracobrachialis","Biceps Brachii, Short Head",Rectus Abdominis; Obliques; Quadriceps; Pectoralis Minor; Serratus Anterior,Erector Spinae
Band-assisted Chest Dip,https://exrx.net/WeightExercises/PectoralSternal/ASChestDipBand,Chest,"Pectoralis Major, Sternal","Deltoid, Anterior; Triceps Brachii; Pectoralis Major, Clavicular; Pectoralis Minor; Rhomboids; Levator Scapulae; Latissimus Dorsi; Teres Major; Coracobrachialis",,"Trapezius, Lower",
Chest Dip,https://exrx.net/WeightExercises/PectoralSternal/BWChestDip,Chest,"Pectoralis Major, Sternal","Deltoid, Anterior; Triceps Brachii; Pectoralis Major, Clavicular; Pectoralis Minor; Rhomboids; Levator Scapulae; Latissimus Dorsi; Teres Major; Coracobrachialis",,"Trapezius, Lower",
Push-up,https://exrx.net/WeightExercises/PectoralSternal/BWPushup,Chest,"Pectoralis Major, Sternal","Pectoralis Major, Clavicular; Deltoid, Anterior; Triceps Brachii; Coracobrachialis","Biceps Brachii, Short Head",Serratus Anterior; Pectoralis Minor; Rectus Abdominis; Obliques; Quadriceps,Erector Spinae
Archer Push-up,https://exrx.net/WeightExercises/PectoralSternal/BWArcherPushup,Chest,"Pectoralis Major, Sternal","Pectoralis Major, Clavicular; Deltoid, Anterior; Triceps Brachii; Coracobrachialis","Biceps Brachii, Short Head",Serratus Anterior; Pectoralis Minor; Rectus Abdominis; Obliques; Quadriceps,Erector Spinae
Incline Push-up,https://exrx.net/WeightExercises/PectoralSternal/BWInclinePushup,Chest,"Pectoralis Major, Sternal","Pectoralis Major, Clavicular; Deltoid, Anterior; Triceps Brachii; Coracobrachialis","Biceps Brachii, Short Head",Rectus Abdominis; Obliques; Pectoralis Minor; Serratus Anterior; Quadriceps; Gastrocnemius; Soleus,Erector Spinae
Push-up (on knees),https://exrx.net/WeightExercises/PectoralSternal/BWPushupKnee,Chest,"Pectoralis Major, Sternal","Pectoralis Major, Clavicular; Deltoid, Anterior; Triceps Brachii; Coracobrachialis","Biceps Brachii, Short Head",Serratus Anterior; Pectoralis Minor; Rectus Abdominis; Obliques,Erector Spinae
Self-assisted Chest Dip,https://exrx.net/WeightExercises/PectoralSternal/AsChestDipSelf,Chest,"Pectoralis Major, Sternal","Deltoid, Anterior; Triceps Brachii; Pectoralis Major, Clavicular; Pectoralis Minor; Rhomboids; Levator Scapulae; Latissimus Dorsi; Teres Major; Coracobrachialis",,"Trapezius, Lower",
Suspended Self-assisted Chest Dip,https://exrx.net/WeightExercises/PectoralSternal/STSelfAssistedChestDip,Chest,"Pectoralis Major, Sternal","Deltoid, Anterior; Triceps Brachii; Pectoralis Major, Clavicular; Pectoralis Minor; Rhomboids; Levator Scapulae; Latissimus Dorsi; Teres Major; Coracobrachialis",,"Trapezius, Lower",
Suspended Chest Press,https://exrx.net/WeightExercises/PectoralSternal/STChestPress,Chest,"Pectoralis Major, Sternal","Pectoralis Major, Clavicular; Deltoid, Anterior; Triceps Brachii; Coracobrachialis","Biceps Brachii, Short Head",Rectus Abdominis; Obliques; Pectoralis Minor; Serratus Anterior; Quadriceps; Gastrocnemius; Soleus,Erector Spinae
Suspended Fly,https://exrx.net/WeightExercises/PectoralSternal/STFly,Chest,"Pectoralis Major, Sternal","Pectoralis Major, Clavicular; Deltoid, Anterior; Biceps Brachii, Short Head; Coracobrachialis",,Rectus Abdominis; Obliques; Pectoralis Minor; Serratus Anterior; Quadriceps; Gastrocnemius; Soleus; Biceps Brachii; Brachialis; Triceps Brachii; Wrist Flexors,Erector Spinae
Barbell Incline Bench Press,https://exrx.net/WeightExercises/PectoralClavicular/BBInclineBenchPress,Chest,"Pectoralis Major, Clavicular","Pectoralis Major, Sternal; Deltoid, Anterior; Triceps Brachii; Coracobrachialis","Biceps Brachii, Short Head",,
Cable Isolateral Bench Press,https://exrx.net/WeightExercises/PectoralClavicular/CBInclineBenchPress,Chest,"Pectoralis Major, Clavicular","Pectoralis Major, Sternal; Deltoid, Anterior; Triceps Brachii; Coracobrachialis","Biceps Brachii, Short Head",,
Cable Isolateral Chest Press,https://exrx.net/WeightExercises/PectoralClavicular/CBInclineChestPress,Chest,"Pectoralis Major, Clavicular","Pectoralis Major, Sternal; Deltoid, Anterior; Triceps Brachii; Coracobrachialis","Biceps Brachii, Short Head",,
Cable Isolateral Incline Fly,https://exrx.net/WeightExercises/PectoralClavicular/CBInclineFly,Chest,"Pectoralis Major, Clavicular","Pectoralis Major, Sternal; Deltoid, Anterior; Biceps Brachii, Short Head; Coracobrachialis",,Biceps Brachii; Brachialis; Triceps Brachii; Wrist Flexors,
Dumbbell Incline Bench Press,https://exrx.net/WeightExercises/PectoralClavicular/DBInclineBenchPress,Chest,"Pectoralis Major, Clavicular","Pectoralis Major, Sternal; Deltoid, Anterior; Triceps Brachii; Coracobrachialis","Biceps Brachii, Short Head",,
Dumbbell Incline Fly,https://exrx.net/WeightExercises/PectoralClavicular/DBInclineFly,Chest,"Pectoralis Major, Clavicular","Pectoralis Major, Sternal; Deltoid, Anterior; Biceps Brachii, Short Head; Coracobrachialis",,Biceps Brachii; Brachialis; Triceps Brachii; Wrist Flexors,
Lever Isolateral Chest Press (plate loaded),https://exrx.net/WeightExercises/PectoralClavicular/LVInclineChestPressPL,Chest,"Pectoralis Major, Clavicular","Pectoralis Major, Sternal; Deltoid, Anterior; Triceps Brachii; Coracobrachialis","Biceps Brachii, Short Head",,
"Lever Isolateral Incline Chest Press (on Hammer military press, plate loaded)",https://exrx.net/WeightExercises/PectoralClavicular/LVInclineChestPressOnHammerMilitaryPress,Chest,"Pectoralis Major, Clavicular","Pectoralis Major, Sternal; Deltoid, Anterior; Triceps Brachii; Coracobrachialis","Biceps Brachii, Short Head",,
Lever Incline Bench Press,https://exrx.net/WeightExercises/PectoralClavicular/LVInclineBenchPress,Chest,"Pectoralis Major, Clavicular","Pectoralis Major, Sternal; Deltoid, Anterior; Triceps Brachii; Coracobrachialis","Biceps Brachii, Short Head",,
Lever Incline Chest Press,https://exrx.net/WeightExercises/PectoralClavicular/LVInclineChestPress,Chest,"Pectoralis Major, Clavicular","Pectoralis Major, Sternal; Deltoid, Anterior; Triceps Brachii; Coracobrachialis","Biceps Brachii, Short Head",,
Lever Isolateral Incline Chest Press,https://exrx.net/WeightExercises/PectoralClavicular/LVInclineChestPressH,Chest,"Pectoralis Major, Clavicular","Pectoralis Major, Sternal; Deltoid, Anterior; Triceps Brachii; Coracobrachialis","Biceps Brachii, Short Head",,
Lever Isolateral Incline Fly,https://exrx.net/WeightExercises/PectoralClavicular/LVInclineFly,Chest,"Pectoralis Major, Clavicular","Pectoralis Major, Sternal; Deltoid, Anterior; Biceps Brachii; Coracobrachialis",,,
Smith Incline Bench Press,https://exrx.net/WeightExercises/PectoralClavicular/SMInclineBenchPress,Chest,"Pectoralis Major, Clavicular","Pectoralis Major, Sternal; Deltoid, Anterior; Triceps Brachii; Coracobrachialis","Biceps Brachii, Short Head",,
Decline Push-up,https://exrx.net/WeightExercises/PectoralClavicular/BWDeclinePushup,Chest,"Pectoralis Major, Clavicular","Pectoralis Major, Sternal; Deltoid, Anterior; Triceps Brachii; Coracobrachialis","Biceps Brachii, Short Head",,Erector Spinae
Decline Push-up (on stability ball),https://exrx.net/WeightExercises/PectoralClavicular/BWDeclinePushupOnBall,Chest,"Pectoralis Major, Clavicular","Pectoralis Major, Sternal; Deltoid, Anterior; Triceps Brachii; Coracobrachialis","Biceps Brachii, Short Head",,Erector Spinae
Barbell Incline Shoulder Raise,https://exrx.net/WeightExercises/SerratusAnterior/BBInclineShoulderRaise,Chest,Serratus Anterior,"Pectoralis Major, Clavicular",,"Deltoid, Anterior; Triceps Brachii; Coracobrachialis",
Cable Isolateral Incline Shoulder Raise,https://exrx.net/WeightExercises/SerratusAnterior/CBInclineShoulderRaise,Chest,Serratus Anterior,"Pectoralis Major, Clavicular",,"Deltoid, Anterior; Triceps Brachii; Coracobrachialis",
Dumbbell Incline Shoulder Raise,https://exrx.net/WeightExercises/SerratusAnterior/DBInclineShoulderRaise,Chest,Serratus Anterior,"Pectoralis Major, Clavicular",,"Deltoid, Anterior; Triceps Brachii; Coracobrachialis",
Lever Isolateral Incline Shoulder Raise (plate loaded),https://exrx.net/WeightExercises/SerratusAnterior/LVInclineShoulderRaisePL,Chest,Serratus Anterior,"Pectoralis Major, Clavicular",,"Deltoid, Anterior; Triceps Brachii; Coracobrachialis",
Lever Incline Shoulder Raise,https://exrx.net/WeightExercises/SerratusAnterior/LVInclineShoulderRaise,Chest,Serratus Anterior,"Pectoralis Major, Clavicular",,"Deltoid, Anterior; Triceps Brachii; Coracobrachialis",
Smith Incline Shoulder Raise,https://exrx.net/WeightExercises/SerratusAnterior/SMInclineShoulderRaise,Chest,Serratus Anterior,"Pectoralis Major, Clavicular",,"Deltoid, Anterior; Triceps Brachii; Coracobrachialis",
Push-up Plus,https://exrx.net/WeightExercises/SerratusAnterior/BWPushUpPlus,Chest,Serratus Anterior,"Pectoralis Major, Sternal; Pectoralis Major, Clavicular; Pectoralis Minor; Deltoid, Anterior; Triceps Brachii; Coracobrachialis","Biceps Brachii, Short Head",Rectus Abdominis; Obliques; Quadriceps,Erector Spinae
Barbell Push Crunch,https://exrx.net/WeightExercises/RectusAbdominis/BBPushCrunch,Waist,Rectus Abdominis,Obliques,,"Pectoralis Major, Sternal; Pectoralis Major, Clavicular; Pectoralis Minor; Serratus Anterior; Triceps Brachii; Coracobrachialis",
Cable Kneeling Crunch,https://exrx.net/WeightExercises/RectusAbdominis/CBKneelingCrunch,Waist,Rectus Abdominis,Obliques,,"Iliopsoas; Tensor Fasciae Latae; Rectus Femoris; Sartorius; Latissimus Dorsi; Teres Major; Deltoid, Posterior; Triceps, Long Head; Rhomboids; Trapezius, Lower; Pectoralis Major, Sternal; Pectoralis Major, Clavicular; Coracobrachialis; Pectoralis Minor; Serratus Anterior",
Cable Seated Crunch,https://exrx.net/WeightExercises/RectusAbdominis/CBSeatedCrunch,Waist,Rectus Abdominis,Obliques,,No significant stabilizers,
Cable Standing Crunch (with isolateral straps),https://exrx.net/WeightExercises/RectusAbdominis/CBStandingCrunch,Waist,Rectus Abdominis,Obliques,,No significant stabilizers,
Cable Standing Overhead Crunch,https://exrx.net/WeightExercises/RectusAbdominis/CBStandingOverheadCrunch,Waist,Rectus Abdominis,Obliques,,"Iliopsoas; Tensor Fasciae Latae; Rectus Femoris; Sartorius; Latissimus Dorsi; Teres Major; Deltoid, Posterior; Triceps, Long Head; Rhomboids; Trapezius, Lower; Pectoralis Major, Sternal; Pectoralis Major, Clavicular; Coracobrachialis; Pectoralis Minor; Serratus Anterior",
Dumbbell Push Crunch,https://exrx.net/WeightExercises/RectusAbdominis/DBPushCrunch,Waist,Rectus Abdominis,Obliques,,"Pectoralis Major, Sternal; Pectoralis Major, Clavicular; Pectoralis Minor; Serratus Anterior; Triceps Brachii; Coracobrachialis",
Lever Lying Crunch (plate loaded),https://exrx.net/WeightExercises/RectusAbdominis/LVLyingCrunchPL,Waist,Rectus Abdominis,Obliques,,"Pectoralis Major, Sternal; Latissimus Dorsi; Teres Major; Deltoid, Posterior; Triceps, Long Head",
Lever Seated Leg Raise Crunch (plate loaded),https://exrx.net/WeightExercises/RectusAbdominis/LVSeatedLegRaiseCrunchPL,Waist,Rectus Abdominis,Obliques,,"Tensor Fasciae        Latae; Rectus Femoris; Pectineus; Sartorius; Pectoralis        Major, Sternal; Latissimus Dorsi; Teres Major; Deltoid, Posterior; Triceps, Long        Head",
Lever Seated Crunch,https://exrx.net/WeightExercises/RectusAbdominis/LVSeatedCrunch,Waist,Rectus Abdominis,Obliques,,"Pectoralis        Major, Sternal; Latissimus Dorsi; Teres Major; Deltoid, Posterior; Triceps, Long        Head",
Lever Seated Crunch (arm bar),https://exrx.net/WeightExercises/RectusAbdominis/LVSeatedCrunchArmBar,Waist,Rectus Abdominis,Obliques,,"Pectoralis Major, Sternal; Latissimus Dorsi; Teres Major; Deltoid, Posterior; Triceps, Long Head; Coracobrachialis",
Lever Seated Crunch (arm pad),https://exrx.net/WeightExercises/RectusAbdominis/LVSeatedCrunchArmPad,Waist,Rectus Abdominis,Obliques,,"Pectoralis        Major, Sternal; Latissimus Dorsi; Teres Major; Deltoid, Posterior; Triceps, Long        Head",
Lever Seated Crunch (chest pad),https://exrx.net/WeightExercises/RectusAbdominis/LVSeatedCrunchChestPad,Waist,Rectus Abdominis,Obliques,,No significant stabilizers,
Sled Leg Hip Raise (ab coaster),https://exrx.net/WeightExercises/RectusAbdominis/SLLegHipRaise,Waist,Rectus Abdominis,Iliopsoas; Tensor Fasciae        Latae; Sartorius; Rectus Femoris; Obliques,,"Pectoralis        Major, Sternal; Latissimus Dorsi; Teres Major; Deltoid, Posterior; Triceps, Long        Head",
Weighted Crunch,https://exrx.net/WeightExercises/RectusAbdominis/WtCrunch,Waist,Rectus Abdominis,Obliques,,No significant stabilizers,
Weighted Crunch (plate on chest),https://exrx.net/WeightExercises/RectusAbdominis/WtCrunchX,Waist,Rectus Abdominis,Obliques,,No significant stabilizers,
Weighted Crunch (on stability ball),https://exrx.net/WeightExercises/RectusAbdominis/WtBallCrunch,Waist,Rectus Abdominis,Obliques,,No significant stabilizers,
Weighted Incline Crunch,https://exrx.net/WeightExercises/RectusAbdominis/WtInclineCrunch,Waist,Rectus Abdominis,Obliques,,Tibialis Anterior,
Weighted Incline Crunch (arms crossed),https://exrx.net/WeightExercises/RectusAbdominis/WtInclineCrunchX,Waist,Rectus Abdominis,Obliques,,Tibialis Anterior,
Weighted Incline Sit-up,https://exrx.net/WeightExercises/RectusAbdominis/WtInclineSitUp,Waist,Rectus Abdominis,Iliopsoas; Tensor Fasciae          Latae; Rectus Femoris; Sartorius; Obliques,,Tibialis Anterior,
Weighted Incline Sit-up (arms crossed),https://exrx.net/WeightExercises/RectusAbdominis/WtInclineSitUpX,Waist,Rectus Abdominis,Iliopsoas; Tensor Fasciae          Latae; Rectus Femoris; Sartorius; Obliques,,Tibialis Anterior,
Weighted Sit-up,https://exrx.net/WeightExercises/RectusAbdominis/WtSitUp,Waist,Rectus Abdominis,Iliopsoas; Tensor Fasciae          Latae; Rectus Femoris; Sartorius; Obliques,,Tibialis Anterior,
Weighted Sit-up (arms crossed),https://exrx.net/WeightExercises/RectusAbdominis/WtSitUpX,Waist,Rectus Abdominis,Iliopsoas; Tensor Fasciae        Latae; Rectus Femoris; Sartorius; Obliques,,Tibialis Anterior,
Cable Isolateral Standing Twisting Crunch (with straps),https://exrx.net/WeightExercises/Obliques/CBStandingTwistingCrunch,Waist,Obliques,Rectus Abdominis; Psoas major,,No significant stabilizers,
Lever Seated Twisting Leg Raise Crunch (plate loaded),https://exrx.net/WeightExercises/Obliques/LVSeatedTwistingLegRaiseCrunch,Waist,Obliques,Rectus Abdominis,,"Tensor Fasciae Latae; Rectus Femoris; Pectineus; Sartorius; Pectoralis Major, Sternal; Latissimus Dorsi; Teres Major; Deltoid, Posterior; Triceps, Long Head; Coracobrachialis",
Weighted Incline Twisting Crunch (arms crossed),https://exrx.net/WeightExercises/Obliques/WtInclineTwistingCrunch,Waist,Obliques,Rectus Abdominis; Psoas Major,,Tibialis Anterior,
Weighted Side Crunch,https://exrx.net/WeightExercises/Obliques/WtSideCrunch,Waist,Obliques,Rectus Abdominis,,No significant stabilizers,
Weighted Twisting Crunch,https://exrx.net/WeightExercises/Obliques/WtTwistingCrunch,Waist,Obliques,Rectus Abdominis; Psoas major,,No significant stabilizers,
Weighted Twisting Crunch (on stability ball),https://exrx.net/WeightExercises/Obliques/WtTwistingBallCrunch,Waist,Obliques,Rectus Abdominis,,No significant stabilizers,
Weighted Incline Twisting Sit-up,https://exrx.net/WeightExercises/Obliques/WtInclineTwistingSitUp,Waist,Obliques,Iliopsoas; Tensor Fasciae Latae; Rectus Femoris; Sartorius; Rectus Abdominis,,Tibialis Anterior,
Weighted Incline Twisting Sit-up (arms crossed),https://exrx.net/WeightExercises/Obliques/WtInclineTwistingSitUpX,Waist,Obliques,Iliopsoas; Tensor Fasciae Latae; Rectus Femoris; Sartorius; Rectus Abdominis,,Tibialis Anterior,
Weighted Twisting Sit-up,https://exrx.net/WeightExercises/Obliques/WtTwistingSitUp,Waist,Obliques,Iliopsoas; Tensor Fasciae Latae; Rectus Femoris; Sartorius; Rectus Abdominis,,Tibialis Anterior,
Weighted Twisting Sit-up (arms crossed),https://exrx.net/WeightExercises/Obliques/WtTwistingSitUpX,Waist,Obliques,Iliopsoas; Tensor Fasciae Latae; Rectus Femoris; Sartorius; Rectus Abdominis,,Tibialis Anterior,
Crunch,https://exrx.net/WeightExercises/RectusAbdominis/BWCrunch,Waist,Rectus Abdominis,Obliques,,No significant stabilizers,
Crunch (arms crossed),https://exrx.net/WeightExercises/RectusAbdominis/BWCrunchX,Waist,Rectus Abdominis,Obliques,,No significant stabilizers,
Crunch (arms down),https://exrx.net/WeightExercises/RectusAbdominis/BWCrunchAD,Waist,Rectus Abdominis,Obliques,,No significant stabilizers,
Incline Crunch,https://exrx.net/WeightExercises/RectusAbdominis/BWInclineCrunch,Waist,Rectus Abdominis,Obliques,,Tibialis Anterior,
Incline Crunch (arms down),https://exrx.net/WeightExercises/RectusAbdominis/BWInclineCrunchDown,Waist,Rectus Abdominis,Obliques,,Tibialis Anterior,
Ball Crunch (on stability ball),https://exrx.net/WeightExercises/RectusAbdominis/BWBallCrunch,Waist,Rectus Abdominis,Obliques,,No significant stabilizers,
"Crunch (on stability ball, arms crossed)",https://exrx.net/WeightExercises/RectusAbdominis/BWBallCrunchX,Waist,Rectus Abdominis,Obliques,,No significant stabilizers,
Hanging Leg-Hip Raise (with ab straps),https://exrx.net/WeightExercises/RectusAbdominis/BWHangingLegHipRaiseAbStrap,Waist,Rectus Abdominis,Iliopsoas; Tensor Fasciae        Latae; Pectineus; Sartorius; Adductor Longus; Adductor Brevis; Obliques,Rectus Femoris,,
Incline Sit-up,https://exrx.net/WeightExercises/RectusAbdominis/BWInclineSitUp,Waist,Rectus Abdominis,Iliopsoas; Tensor Fasciae        Latae; Rectus Femoris; Sartorius; Obliques,,Tibialis Anterior,
Incline Sit-up (arms crossed),https://exrx.net/WeightExercises/RectusAbdominis/BWInclineSitUpX,Waist,Rectus Abdominis,Iliopsoas; Tensor Fasciae          Latae; Rectus Femoris; Sartorius; Obliques,,Tibialis Anterior,
Sit-up,https://exrx.net/WeightExercises/RectusAbdominis/BWSitUp,Waist,Rectus Abdominis,Iliopsoas; Tensor Fasciae        Latae; Rectus Femoris; Sartorius; Obliques,,Tibialis Anterior,
Sit-up (arms crossed),https://exrx.net/WeightExercises/RectusAbdominis/BWSitUpX,Waist,Rectus Abdominis,Iliopsoas; Tensor Fasciae        Latae; Rectus Femoris; Sartorius; Obliques,,Tibialis Anterior,
Sit-up (arms down),https://exrx.net/WeightExercises/RectusAbdominis/BWSitUpAD,Waist,Rectus Abdominis,Iliopsoas; Tensor Fasciae        Latae; Rectus Femoris; Sartorius; Obliques,,Tibialis Anterior,
Suspended Jack-knife,https://exrx.net/WeightExercises/RectusAbdominis/STJackknife,Waist,Rectus Abdominis,Obliques; Iliopsoas; Tensor Fasciae Latae; Pectineus; Sartorius; Adductor Longus; Adductor Brevis,Rectus Femoris,"Rectus Abdominis; Pectoralis Major; Serratus Anterior; Deltoid, Anterior; Triceps Brachii; Coracobrachialis; Quadriceps","Erector Spinae; Trapezius, Middle; Trapezius, Lower; Rhomboids"
Suspended Pull Through,https://exrx.net/WeightExercises/RectusAbdominis/STPullThrough,Waist,,,,,
Front Plank,https://exrx.net/WeightExercises/RectusAbdominis/BWFrontPlank,Waist,Rectus Abdominis,,,Obliques; Iliopsoas; Tensor Fasciae Latae; Quadriceps; Sartorius; Pectoralis Major; Coracobrachialis; Serratus Anterior; Pectoralis Minor,"Erector Spinae; Trapezius, Middle; Trapezius, Lower; Rhomboids"
Abdominal Vacuum,https://exrx.net/WeightExercises/TransverseAbdominis/AbdominalVacuum,Waist,"Transverse        Abdominis  	

Compresses and supports abdominal viscera; Compresses and supports abdominal viscera",,,,
Cable Side Bend,https://exrx.net/WeightExercises/Obliques/CBSideBend,Waist,Obliques,Quadratus lumborum; Psoas major; Iliocastalis lumborum; Iliocastalis thoracis,,"Trapezius, Upper; Trapezius, Middle; Levator Scapulae; Gluteus Medius; Gluteus Minimus",
Cable Side Crunch,https://exrx.net/WeightExercises/Obliques/CBSideCrunch,Waist,Obliques,Quadratus lumborum; Psoas major; Iliocastalis lumborum; Iliocastalis thoracis,,"Latissimus Dorsi; Teres Major; Pectoralis Major, Sternal; Pectoralis Minor; Rhomboids; Levator Scapulae; Trapezius, Lower; Triceps, Long Head; Brachialis; Brachioradialis; Biceps Brachii; Coracobrachialis",
Cable Seated Twist,https://exrx.net/WeightExercises/Obliques/CBSeatedTwist,Waist,Obliques,Psoas major; Quadratus lumborum; Iliocastalis lumborum; Iliocastalis thoracis,,"Rectus Abdominis; Erector Spinae; Pectoralis Major, Sternal; Pectoralis Major, Clavicular; Pectoralis Minor; Deltoid, Anterior; Trapezius, Middle; Trapezius, Lower; Rhomboids; Deltoid, Lateral; Deltoid, Posterior; Triceps, Long Head; Coracobrachialis; Adductors, Hip (side of rotating direction)",
Cable Twist,https://exrx.net/WeightExercises/Obliques/CBTwist,Hips; Waist,Obliques,"Tensor fasciae latae; Gluteus medius; Gluteus minimus, anterior fibers; Adductors, Hip; Psoas major; Quadratus lumborum; Iliocastalis lumborum; Iliocastalis thoracis",,"Rectus Abdominis; Erector Spinae; Pectoralis Major, Sternal; Pectoralis Major, Clavicular; Pectoralis Minor; Trapezius, Middle; Trapezius, Lower; Rhomboids; Deltoid, Lateral; Deltoid, Posterior; Triceps; Coracobrachialis",
Dumbbell Side Bend,https://exrx.net/WeightExercises/Obliques/DBSideBend,Waist,Obliques,Quadratus lumborum; Psoas major; Iliocastalis lumborum; Iliocastalis thoracis,,"Trapezius, Upper; Trapezius, Middle; Levator Scapulae; Gluteus Medius; Gluteus Minimus",
Lever Seated Side Leg Raise Crunch (plate loaded),https://exrx.net/WeightExercises/Obliques/LVSeatedSideLegRaiseCrunch,Waist,Obliques,Rectus Abdominis,,"Tensor Fasciae Latae; Rectus Femoris; Pectineus; Sartorius; Pectoralis Major, Sternal; Latissimus Dorsi; Teres Major; Deltoid, Posterior; Triceps, Long Head; Coracobrachialis",
Lever Kneeling Twist,https://exrx.net/WeightExercises/Obliques/LVKneelingTwist,Waist,Obliques,Psoas major; Quadratus lumborum; Iliocastalis lumborum; Iliocastalis thoracis,,"Pectoralis Major, Sternal; Pectoralis Major, Clavicular; Pectoralis Minor; Deltoid, Anterior; Trapezius, Middle; Trapezius, Lower; Rhomboids; Deltoid, Posterior; Latissimus Dorsi; Triceps, Long Head; Gluteus Maximus",
Lever Seated Twist,https://exrx.net/WeightExercises/Obliques/LVTwist,Waist,Obliques,Psoas major; Quadratus lumborum; Iliocastalis lumborum; Iliocastalis thoracis,,"Pectoralis Major, Sternal; Pectoralis Major, Clavicular; Pectoralis Minor; Deltoid, Anterior; Trapezius, Middle; Trapezius, Lower; Rhomboids; Deltoid, Posterior; Latissimus Dorsi; Triceps, Long Head; Coracobrachialis; Adductors, Hip (side of rotating direction)",
Lever Seated Twist,https://exrx.net/WeightExercises/Obliques/LVTwistLower,Waist,Obliques,Psoas major; Quadratus lumborum; Iliocastalis lumborum; Iliocastalis thoracis,,"Pectoralis Major, Sternal; Pectoralis Major, Clavicular; Pectoralis Minor; Deltoid, Anterior; Trapezius, Middle; Trapezius, Lower; Rhomboids; Deltoid, Posterior; Latissimus Dorsi; Triceps, Long Head; Coracobrachialis; Adductors, Hip (opposite side of rotating direction)",
Lever Seated Twist (gripless),https://exrx.net/WeightExercises/Obliques/LVTwistGripless,Waist,Obliques,Psoas major; Quadratus lumborum; Iliocastalis lumborum; Iliocastalis thoracis,,"Pectoralis Major, Sternal; Pectoralis Major, Clavicular; Pectoralis Minor; Deltoid, Anterior; Coracobrachialis; Adductors, Hip (side of rotating direction)",
Sled Side Leg Hip Raise (ab coaster),https://exrx.net/WeightExercises/Obliques/SLSideHipRaiseAbCoaster,Waist,Obliques,Rectus Abdominis; Iliopsoas; Tensor Fasciae Latae; Sartorius; Rectus Femoris,,"Pectoralis Major, Sternal; Latissimus Dorsi; Teres Major; Deltoid, Posterior; Triceps, Long Head",
Cable Isolateral Push Pull,https://exrx.net/WeightExercises/Power/CBPushPull,Hips; Waist,,,,,
Dumbbell One Arm Straight Leg Deadlift,https://exrx.net/WeightExercises/ErectorSpinae/DBOneArmStraightLegDeadlift,Waist,Erector Spinae,Obliques; Quadratus lumborum; Hamstrings; Gluteus Maximus; Adductor Magnus,,"Trapezius, Middle; Rhomboids; Latissimus Dorsi; Coracobrachialis; Trapezius, Upper; Levator Scapulae; Trapezius, Lower",Rectus Abdominis
Lever Landmine Power Twist (plate loaded),https://exrx.net/WeightExercises/Power/LVPowerTwist,Hips; Waist,,,,,
45° Side Bend (hands behind head),https://exrx.net/WeightExercises/Obliques/BW45SideBendHandsBehindHead,Waist,Obliques,Quadratus lumborum; Psoas major; Iliocastalis lumborum; Iliocastalis thoracis,,Gluteus Medius; Gluteus Minimus,
"Side Bend (on stability ball, hand behind head)",https://exrx.net/WeightExercises/Obliques/BWBallSideBend,Waist,Obliques,Quadratus        lumborum; Psoas major; Iliocastalis lumborum; Iliocastalis thoracis,,No significant stabilizers,
Hanging Twisting Leg Raise,https://exrx.net/WeightExercises/Obliques/BWHangingTwistingLegRaise,Waist,Obliques,Iliopsoas; Tensor Fasciae Latae; Pectineus; Sartorius; Adductor Longus; Adductor Brevis,Rectus Femoris,Rectus Abdominis,
Hanging Twisting Leg Hip Raise,https://exrx.net/WeightExercises/Obliques/BWHangingTwistingLegHipRaise,Waist,Obliques,Rectus Abdominis; Iliopsoas; Tensor Fasciae Latae; Pectineus; Sartorius; Adductor Longus; Adductor Brevis,Rectus Femoris,,
Incline Twisting Sit-up,https://exrx.net/WeightExercises/Obliques/BWInclineTwistingSitUp,Waist,Obliques,Iliopsoas; Tensor Fasciae          Latae; Rectus Femoris; Sartorius; Rectus Abdominis,,Tibialis Anterior,
Incline Twisting Sit-up (arms crossed),https://exrx.net/WeightExercises/Obliques/BWInclineTwistingSitUpX,Waist,Obliques,Iliopsoas; Tensor Fasciae        Latae; Rectus Femoris; Sartorius; Rectus Abdominis,,Tibialis Anterior,
Twisting Sit-up,https://exrx.net/WeightExercises/Obliques/BWTwistingSitUp,Waist,Obliques,Iliopsoas; Tensor Fasciae        Latae; Rectus Femoris; Sartorius; Rectus Abdominis,,Tibialis Anterior,
Twisting Sit-up (arms crossed),https://exrx.net/WeightExercises/Obliques/BWTwistingSitUpX,Waist,Obliques,Iliopsoas; Tensor Fasciae        Latae; Rectus Femoris; Sartorius; Rectus Abdominis,,Tibialis Anterior,
Incline Twisting Crunch,https://exrx.net/WeightExercises/Obliques/BWInclineTwistingCrunch,Waist,Obliques,Rectus Abdominis; Psoas Major,,Tibialis Anterior,
Incline Twisting Crunch (arms crossed),https://exrx.net/WeightExercises/Obliques/BWInclineTwistingCrunchX,Waist,Obliques,Rectus Abdominis; Psoas Major,,Tibialis Anterior,
Side Crunch,https://exrx.net/WeightExercises/Obliques/BWSideCrunch,Waist,Obliques,Rectus Abdominis,,No significant stabilizers,
Twisting Crunch,https://exrx.net/WeightExercises/Obliques/BWTwistingCrunch,Waist,Obliques,Rectus Abdominis; Psoas Major,,,
Twisting Crunch (arms crossed),https://exrx.net/WeightExercises/Obliques/BWTwistingCrunchX,Waist,Obliques,Rectus Abdominis; Psoas Major,,,
Twisting Crunch (on stability ball),https://exrx.net/WeightExercises/Obliques/BWTwistingBallCrunch,Waist,Obliques,Rectus Abdominis,,No significant stabilizers,
Suspended Side Bend,https://exrx.net/WeightExercises/Obliques/STSideBend,Hips; Thighs; Waist,Obliques,"Quadratus lumborum; Psoas major; Iliocastalis lumborum; Iliocastalis thoracis; Gluteus Medius; Gluteus Minimus; Tensor Fasciae Latae; Adductors, Hip; Pectineus; Gracilis; Gluteus Maximus, Lower Fibers",,"Deltoid, Anterior; Deltoid, Lateral; Supraspinatus; Trapezius, Middle; Trapezius, Lower; Serratus Anterior, Inferior Digitations; Brachialis; Brachioradialis; Biceps Brachii; Coracobrachialis; Wrist Flexors",
Suspended Twisting Jack-knife,https://exrx.net/WeightExercises/Obliques/STTwistingJackknife,Waist,Obliques,Iliopsoas; Tensor Fasciae Latae; Sartorius; Pectineus; Adductor Longus; Adductor Brevis; Quadratus lumborum; Iliocastalis lumborum; Iliocastalis thoracis,Rectus Femoris,"Rectus Abdominis; Pectoralis Major; Serratus Anterior; Deltoid, Anterior; Triceps Brachii; Coracobrachialis; Quadriceps","Erector Spinae; Trapezius, Middle; Trapezius, Lower; Rhomboids"
Side Plank,https://exrx.net/WeightExercises/Obliques/BWSidePlank,Waist,Obliques,,,"Gluteus Medius; Gluteus Minimus; Tensor Fasciae Latae; Quadratus lumborum; Psoas major; Iliocastalis lumborum; Iliocastalis thoracis; Adductors, Hip; Pectineus; Gracilis; Gluteus Maximus, Lower Fibers; Latissimus dorsi; Pectoralis major; Pectoralis minor; Levator Scapulae",Obliques; Iliocastalis lumborum; Iliocastalis thoracis
Bent Knee Side Plank,https://exrx.net/WeightExercises/Obliques/BWBentKneeSidePlank,Waist,Obliques,,,"Gluteus Medius; Gluteus Minimus; Tensor Fasciae Latae; Quadratus lumborum; Psoas major; Iliocastalis lumborum; Iliocastalis thoracis; Adductors, Hip; Pectineus; Gluteus Maximus, Lower Fibers; Latissimus dorsi; Pectoralis major; Pectoralis minor; Levator Scapulae",Obliques; Iliocastalis lumborum; Iliocastalis thoracis
Barbell Bent Knee Good-morning,https://exrx.net/WeightExercises/ErectorSpinae/BBBentKneeGoodMorning,Waist,Erector Spinae,Gluteus Maximus; Hamstrings; Adductor Magnus,,Quadriceps,Rectus Abdominis; Obliques
Barbell Deadlift,https://exrx.net/WeightExercises/ErectorSpinae/BBDeadlift,Waist,Erector Spinae,Gluteus Maximus; Adductor Magnus; Quadriceps; Hamstrings (top half); Soleus,Hamstrings (bottom half); Gastrocnemius,"Trapezius, Middle; Trapezius, Upper; Levator Scapulae; Rhomboids",Rectus Abdominis; Obliques
Barbell Stiff Leg Deadlift,https://exrx.net/WeightExercises/ErectorSpinae/BBStiffLegDeadlift,Waist,Erector Spinae,Gluteus Maximus; Adductor Magnus; Hamstrings,,"Quadriceps; Trapezius, Middle; Rhomboids; Latissimus Dorsi; Trapezius, Upper; Levator Scapulae; Trapezius, Lower",Rectus Abdominis; Obliques
Barbell Straight Leg Deadlift,https://exrx.net/WeightExercises/ErectorSpinae/BBStraightLegDeadlift,Waist,Erector Spinae,Hamstrings; Gluteus Maximus; Adductor Magnus,,"Trapezius, Middle; Rhomboids; Latissimus Dorsi; Trapezius, Upper; Levator Scapulae; Trapezius, Lower",Rectus Abdominis; Obliques
Barbell Hyperextension,https://exrx.net/WeightExercises/ErectorSpinae/BBHyperextension,Waist,Erector Spinae,Gluteus Maximus; Hamstrings; Adductor Magnus,,"Latissimus Dorsi; Teres Major; Deltoid, Posterior; Triceps, Long Head; Brachialis; Brachioradialis; Biceps Brachii; Coracobrachialis; Trapezius, Lower; Pectoralis Minor; Rhomboids",
Barbell 45° Hyperextension,https://exrx.net/WeightExercises/ErectorSpinae/BB45Hyperextension,Waist,Erector Spinae,Gluteus Maximus; Hamstrings; Adductor Magnus,,"Latissimus Dorsi; Teres Major; Deltoid, Posterior; Triceps, Long Head; Brachialis; Brachioradialis; Biceps Brachii; Coracobrachialis; Trapezius, Lower; Pectoralis Minor; Rhomboids",
Cable Stiff Leg Deadlift,https://exrx.net/WeightExercises/ErectorSpinae/CBStiffLegDeadlift,Waist,Erector Spinae,Gluteus Maximus; Adductor Magnus; Hamstrings,,"Quadriceps; Trapezius, Middle; Rhomboids; Latissimus Dorsi; Trapezius, Upper; Levator Scapulae; Trapezius, Lower",Rectus Abdominis; Obliques
Lever Deadlift (plate loaded),https://exrx.net/WeightExercises/ErectorSpinae/LVDeadlift,Waist,Erector Spinae,Gluteus Maximus; Adductor Magnus; Quadriceps; Soleus,Hamstrings; Gastrocnemius,"Trapezius, Middle; Trapezius, Upper; Levator Scapulae; Rhomboids",Rectus Abdominis; Obliques
Lever Stiff Leg Deadlift (plate loaded),https://exrx.net/WeightExercises/ErectorSpinae/LVStiffLegDeadlift,Waist,Erector Spinae,Gluteus Maximus; Adductor Magnus; Hamstrings,,"Quadriceps; Trapezius, Middle; Rhomboids; Latissimus Dorsi; Trapezius, Upper; Levator Scapulae; Trapezius, Lower",Rectus Abdominis; Obliques
Lever Back Extension,https://exrx.net/WeightExercises/ErectorSpinae/LVBackExtensionN,Waist,Erector Spinae,,,Quadriceps; Gluteus Maximus; Adductor Magnus; Hamstrings,
Lever Back Extension,https://exrx.net/WeightExercises/ErectorSpinae/LVBackExtension,Waist,Erector Spinae,Gluteus Maximus; Adductor Magnus; Hamstrings,,Quadriceps,
Smith Bent Knee Good-morning,https://exrx.net/WeightExercises/ErectorSpinae/SMBentKneeGoodMorning,Waist,Erector Spinae,Gluteus Maximus; Hamstrings; Adductor Magnus,,Quadriceps,Rectus Abdominis; Obliques
Smith Deadlift,https://exrx.net/WeightExercises/ErectorSpinae/SMDeadlift,Waist,Erector Spinae,Gluteus Maximus; Quadriceps; Adductor Magnus; Hamstrings (top half); Soleus,Hamstrings (bottom half); Gastrocnemius,"Trapezius, Middle; Trapezius, Upper; Levator Scapulae; Rhomboids",Rectus Abdominis; Obliques
Smith Stiff Leg Deadlift,https://exrx.net/WeightExercises/ErectorSpinae/SMStiffLegDeadlift,Waist,Erector Spinae,Gluteus Maximus; Hamstrings; Adductor Magnus,,"Quadriceps; Trapezius, Middle; Rhomboids; Latissimus Dorsi; Trapezius, Upper; Levator Scapulae; Trapezius, Lower",Rectus Abdominis; Obliques
Weighted Hyperextension,https://exrx.net/WeightExercises/ErectorSpinae/WtHyperextension,Waist,Erector Spinae,Gluteus Maximus; Hamstrings; Adductor Magnus,,See comments,
Weighted 45° Hyperextension,https://exrx.net/WeightExercises/ErectorSpinae/Wt45Hyperextension,Waist,Erector Spinae,Gluteus Maximus; Hamstrings; Adductor Magnus,,See comments,
Cable Seated Row,https://exrx.net/WeightExercises/BackGeneral/CBSeatedRow,Back; Waist,"Back, General","Erector Spinae; Trapezius, Middle; Trapezius, Lower; Rhomboids; Latissimus Dorsi; Teres Major; Deltoid, Posterior; Infraspinatus; Teres Minor; Brachialis; Brachioradialis; Pectoralis Major, Sternal","Biceps Brachii; Triceps, Long Head",Hamstrings; Gluteus Maximus; Adductor Magnus,
Cable Wide Grip Seated Row,https://exrx.net/WeightExercises/BackGeneral/CBWideGripSeatedRow,Back; Waist,"Back, General","Trapezius, Middle; Trapezius, Lower; Rhomboids; Latissimus Dorsi; Teres Major; Deltoid, Posterior; Infraspinatus; Teres Minor; Brachialis; Brachioradialis; Pectoralis Major, Sternal; Erector Spinae","Biceps Brachii; Triceps, Long Head",Hamstrings; Gluteus Maximus; Adductor Magnus,
"Back Extension (on stability ball, arms down)",https://exrx.net/WeightExercises/ErectorSpinae/BWHyperextensionBall,Waist,Erector Spinae,Gluteus Maximus; Adductor Magnus,,No significant stabilizers,
Bird Dog,https://exrx.net/WeightExercises/ErectorSpinae/BWBirdDog,Waist,Erector Spinae,"Gluteus Maximus; Trapezius, Lower; Trapezius, Middle; Deltoid, Anterior; Deltoid, Lateral; Coracobrachialis",Hamstrings,"Gluteus medius; Gluteus minimus; Piriformis; Obturator externus; Pectoralis Major, Sternal; Pectoralis Major, Clavicular; Serratus Anterior; Triceps Brachii",Rectus Abdominis; Obliques
Alternating Bird Dog,https://exrx.net/WeightExercises/ErectorSpinae/BWAlternatingBirdDog,Waist,Erector Spinae,"Gluteus Maximus; Trapezius, Lower; Trapezius, Middle; Deltoid, Anterior; Deltoid, Lateral; Coracobrachialis",Hamstrings,"Gluteus medius; Gluteus minimus; Piriformis; Obturator externus; Pectoralis Major, Sternal; Pectoralis Major, Clavicular; Serratus Anterior; Triceps Brachii; Rectus Abdominis; Obliques",
45° Hyperextension (hands behind hips),https://exrx.net/WeightExercises/ErectorSpinae/BW45HyperextensionHips,Waist,Erector Spinae,Gluteus Maximus; Hamstrings; Adductor Magnus,,No significant stabilizers,
45° Hyperextension (arms crossed),https://exrx.net/WeightExercises/ErectorSpinae/BW45HyperextensionArmsCrossed,Waist,Erector Spinae,Gluteus Maximus; Hamstrings; Adductor Magnus,,No significant stabilizers,
45° Hyperextension (arms up),https://exrx.net/WeightExercises/ErectorSpinae/BW45HyperextensionArmsUp,Waist,Erector Spinae,Gluteus Maximus; Hamstrings; Adductor Magnus,,No significant stabilizers,
45° Hyperextension (hands behind neck),https://exrx.net/WeightExercises/ErectorSpinae/BW45HyperextensionNeck,Waist,Erector Spinae,Gluteus Maximus; Hamstrings; Adductor Magnus,,No significant stabilizers,
Superman,https://exrx.net/WeightExercises/ErectorSpinae/Superman,Waist,Erector Spinae,Gluteus Maximus; Hamstrings,,"Deltoid, Anterior; Deltoid, Lateral; Coracobrachialis; Trapezius, Lower; Trapezius, Middle; Splenius",
Contralateral Superman,https://exrx.net/WeightExercises/ErectorSpinae/ContraLateralSuperman,Waist,Erector Spinae,"Gluteus Maximus; Hamstrings; Trapezius, Lower; Trapezius, Middle",,"Deltoid, Anterior; Deltoid, Lateral; Coracobrachialis; Splenius",
Suspended Pull Through,https://exrx.net/WeightExercises/ErectorSpinae/STPullThrough,Waist,,,,,
Rear Bridge,https://exrx.net/WeightExercises/ErectorSpinae/BackPlank,Waist,Erector Spinae,,,"Gluteus Maximus; Triceps Brachii; Trapezius, Middle; Trapezius, Lower; Rhomboids; Levator Scapulae; Latissimus Dorsi",Rectus Abdominis; Obliques
Incline Rear Bridge,https://exrx.net/WeightExercises/ErectorSpinae/RearInclinePlank,Waist,Erector Spinae,,,"Gluteus Maximus; Hamstrings; Triceps Brachii; Trapezius, Middle; Trapezius, Lower; Rhomboids; Levator Scapulae; Latissimus Dorsi",Rectus Abdominis; Obliques
Machine-assisted Triceps Dip,https://exrx.net/WeightExercises/Triceps/ASTriDip,Upper Arms,Triceps Brachii,"Deltoid, Anterior; Pectoralis Major, Sternal; Pectoralis Major, Clavicular; Pectoralis Minor; Rhomboids; Levator Scapulae; Latissimus Dorsi; Coracobrachialis",Biceps Brachii,"Trapezius, Lower",
Machine-assisted Triceps Dip (kneeling),https://exrx.net/WeightExercises/Triceps/ASTriDipKneeling,Upper Arms,Triceps Brachii,"Deltoid, Anterior; Pectoralis Major, Sternal; Pectoralis Major, Clavicular; Pectoralis Minor; Rhomboids; Levator Scapulae; Latissimus Dorsi; Coracobrachialis",Biceps Brachii,"Trapezius, Lower",
Barbell Close Grip Bench Press,https://exrx.net/WeightExercises/Triceps/BBCloseGripBenchPress,Upper Arms,Triceps Brachii,"Deltoid, Anterior; Pectoralis Major, Sternal; Pectoralis Major, Clavicular; Coracobrachialis",Biceps Brachii,,
Barbell Lying Triceps Extension,https://exrx.net/WeightExercises/Triceps/BBLyingTriExt,Upper Arms,Triceps Brachii,,,"Deltoid, Anterior; Pectoralis Major, Clavicular; Pectoralis Major, Sternal; Latissimus Dorsi; Teres Major; Deltoid, Posterior; Coracobrachialis; Wrist Flexors",
"Barbell Lying Triceps Extension ""Skull Crusher""",https://exrx.net/WeightExercises/Triceps/BBLyingTriExtSC,Upper Arms,Triceps Brachii,,,"Deltoid, Anterior; Pectoralis Major, Clavicular; Pectoralis Major, Sternal; Latissimus Dorsi; Teres Major; Deltoid, Posterior; Coracobrachialis; Wrist Flexors",
Barbell Triceps Extension,https://exrx.net/WeightExercises/Triceps/BBTriExt,Upper Arms,Triceps Brachii,,,"Deltoid, Anterior; Pectoralis          Major, Clavicular; Wrist Flexors",
Cable Bent-over Triceps Extension,https://exrx.net/WeightExercises/Triceps/CBBentoverTriExt,Upper Arms,Triceps Brachii,,,"Deltoid, Anterior; Pectoralis Major, Clavicular; Wrist Flexors; Rectus Abdominis; Obliques",Erector Spinae
Cable Lying Triceps Extension,https://exrx.net/WeightExercises/Triceps/CBLyingTriExt,Upper Arms,Triceps Brachii,,,"Deltoid, Anterior; Pectoralis Major, Clavicular; Pectoralis Major, Sternal; Latissimus Dorsi; Teres Major; Deltoid, Posterior; Coracobrachialis; Wrist Flexors",
Cable Pushdown,https://exrx.net/WeightExercises/Triceps/CBPushdown,Upper Arms,Triceps Brachii,,,"Latissimus Dorsi; Teres Major; Deltoid, Posterior; Pectoralis        Major, Sternal; Pectoralis Minor; Trapezius, Lower; Rectus Abdominis; Obliques; Wrist Flexors",Erector Spinae
Cable One Arm Pushdown,https://exrx.net/WeightExercises/Triceps/CBOneArmPushdown,Upper Arms,Triceps Brachii,,,"Latissimus Dorsi; Teres Major; Deltoid, Posterior; Pectoralis        Major, Sternal; Pectoralis Minor; Trapezius, Lower; Obliques; Rectus Abdominis; Wrist Extensors",Erector Spinae
Cable Pushdown (with back support),https://exrx.net/WeightExercises/Triceps/CBPushdownSupport,Upper Arms,Triceps Brachii,,,"Latissimus Dorsi; Teres Major; Deltoid, Posterior; Pectoralis        Major, Sternal; Pectoralis Minor; Trapezius, Lower; Rectus Abdominis; Obliques; Wrist Flexors",Erector Spinae
Cable Pushdown (with V-bar),https://exrx.net/WeightExercises/Triceps/CBPushdownVBar,Upper Arms,Triceps Brachii,,,"Latissimus Dorsi; Teres Major; Deltoid, Posterior; Pectoralis Major, Sternal; Pectoralis Minor; Trapezius, Lower; Rectus Abdominis; Obliques; Wrist Flexors",Erector Spinae
Cable Triceps Dip,https://exrx.net/WeightExercises/Triceps/CBTriDip,Upper Arms,Triceps Brachii,"Deltoid, Anterior; Pectoralis Major, Sternal; Pectoralis Major, Clavicular; Pectoralis Minor; Rhomboids; Levator Scapulae; Latissimus Dorsi; Coracobrachialis",Biceps Brachii,"Trapezius, Lower",
Cable Triceps Extension,https://exrx.net/WeightExercises/Triceps/CBTriExt,Upper Arms,Triceps Brachii,,,"Deltoid, Anterior; Pectoralis        Major, Clavicular; Wrist Flexors",
Cable Triceps Extension (with rope),https://exrx.net/WeightExercises/Triceps/CBStandingTricepsExtensionRope,Upper Arms,Triceps Brachii,,,"Deltoid, Anterior; Pectoralis
      Major, Clavicular; Wrist Flexors",
Dumbbell Kickback,https://exrx.net/WeightExercises/Triceps/DBKickback,Upper Arms,Triceps Brachii,,,"Deltoid, Posterior; Latissimus Dorsi; Trapezius, Middle; Trapezius, Lower; Rhomboids; Extensor Carpi          Ulnaris; Flexor Carpi Ulnaris",
Dumbbell Lying Triceps Extension,https://exrx.net/WeightExercises/Triceps/DBLyingTriExt,Upper Arms,Triceps Brachii,,,"Deltoid, Anterior; Pectoralis Major, Clavicular; Pectoralis Major, Sternal; Latissimus Dorsi; Teres Major; Deltoid, Posterior; Coracobrachialis; Extensor Carpi Ulnaris; Flexor Carpi Ulnaris",
Dumbbell One Arm Triceps Extension (on bench),https://exrx.net/WeightExercises/Triceps/DBOneArmTriExtBench,Upper Arms,Triceps Brachii,,,Wrist Extensors; Flexor Carpi Ulnaris,
Dumbbell Triceps Extension,https://exrx.net/WeightExercises/Triceps/DBTriExt,Upper Arms,Triceps Brachii,,,"Deltoid, Anterior; Pectoralis        Major, Clavicular; Wrist Flexors",
Lever Isolateral Close Grip Bench Press (plate loaded),https://exrx.net/WeightExercises/Triceps/LVCloseGripBenchPressH,Upper Arms,Triceps Brachii,"Deltoid, Anterior; Pectoralis Major, Sternal; Pectoralis Major, Clavicular; Coracobrachialis",Biceps Brachii,,
Lever Triceps Dip (plate loaded),https://exrx.net/WeightExercises/Triceps/LVTriDipH,Upper Arms,Triceps Brachii,"Deltoid, Anterior; Pectoralis Major, Sternal; Pectoralis Major, Clavicular; Pectoralis Minor; Rhomboids; Levator Scapulae; Latissimus Dorsi; Coracobrachialis",Biceps Brachii,"Trapezius, Lower",
Lever Triceps Extension (plate loaded),https://exrx.net/WeightExercises/Triceps/LVTriExtGripless,Upper Arms,Triceps Brachii,,,"Pectoralis        Major, Sternal; Deltoid, Posterior; Latissimus Dorsi; Teres Major; Pectoralis Minor; Trapezius, Lower",
Lever Triceps Dip,https://exrx.net/WeightExercises/Triceps/LVTriDip,Upper Arms,Triceps Brachii,"Deltoid, Anterior; Pectoralis Major, Sternal; Pectoralis Major, Clavicular; Pectoralis Minor; Rhomboids; Levator Scapulae; Latissimus Dorsi; Coracobrachialis",Biceps Brachii,"Trapezius, Lower",
Lever Triceps Dip,https://exrx.net/WeightExercises/Triceps/LVTriDip2,Upper Arms,Triceps Brachii,"Deltoid, Anterior; Pectoralis Major, Sternal; Pectoralis Major, Clavicular; Pectoralis Minor; Rhomboids; Levator Scapulae; Latissimus Dorsi; Coracobrachialis",Biceps Brachii,"Trapezius, Lower",
Lever Triceps Extension,https://exrx.net/WeightExercises/Triceps/LVTriExt,Upper Arms,Triceps Brachii,,,"Pectoralis        Major, Sternal; Deltoid, Posterior; Latissimus Dorsi; Teres Major; Pectoralis Minor; Trapezius, Lower; Extensor Carpi        Ulnaris; Flexor Carpi Ulnaris",
Lever Triceps Extension (with preacher pad),https://exrx.net/WeightExercises/Triceps/LVTriExtPreacherPad,Upper Arms,Triceps Brachii,,,"Pectoralis        Major, Sternal; Deltoid, Posterior; Latissimus Dorsi; Teres Major; Pectoralis Minor; Trapezius, Lower; Extensor Carpi        Ulnaris; Flexor Carpi Ulnaris",
Sled Standing Triceps Dip,https://exrx.net/WeightExercises/Triceps/SLStandingTricepsDip,Upper Arms,Triceps Brachii,"Deltoid, Anterior; Pectoralis Major, Sternal; Pectoralis Major, Clavicular; Pectoralis Minor; Rhomboids; Levator Scapulae; Latissimus Dorsi; Coracobrachialis",Biceps Brachii,"Trapezius, Lower",
Smith Close Grip Bench Press,https://exrx.net/WeightExercises/Triceps/SMCloseGripBenchPress,Upper Arms,Triceps Brachii,"Deltoid, Anterior; Pectoralis Major, Sternal; Pectoralis Major, Clavicular; Coracobrachialis",Biceps Brachii,,
Weighted Bench Dip,https://exrx.net/WeightExercises/Triceps/WtBenchDip,Upper Arms,Triceps Brachii,"Deltoid, Anterior; Pectoralis Major, Sternal; Pectoralis Major, Clavicular; Pectoralis Minor; Rhomboids; Levator Scapulae; Latissimus Dorsi; Coracobrachialis",Biceps Brachii,"Trapezius, Lower",
Weighted Triceps Dip,https://exrx.net/WeightExercises/Triceps/WtTriDip,Upper Arms,Triceps Brachii,"Deltoid, Anterior; Pectoralis Major, Sternal; Pectoralis Major, Clavicular; Pectoralis Minor; Rhomboids; Levator Scapulae; Latissimus Dorsi; Coracobrachialis",Biceps Brachii,"Trapezius, Lower",
Band-assisted Triceps Dip,https://exrx.net/WeightExercises/Triceps/ASTricepsDipBand,Upper Arms,Triceps Brachii,"Deltoid, Anterior; Pectoralis Major, Sternal; Pectoralis Major, Clavicular; Pectoralis Minor; Rhomboids; Levator Scapulae; Latissimus Dorsi; Coracobrachialis",Biceps Brachii,"Trapezius, Lower",
Bench Dip,https://exrx.net/WeightExercises/Triceps/BWBenchDip,Upper Arms,Triceps Brachii,"Deltoid, Anterior; Pectoralis Major, Sternal; Pectoralis Major, Clavicular; Pectoralis Minor; Rhomboids; Levator Scapulae; Latissimus Dorsi; Coracobrachialis",Biceps Brachii,"Trapezius, Lower",
Bench Dip (heels on floor),https://exrx.net/WeightExercises/Triceps/BWBenchDipFloor,Upper Arms,Triceps Brachii,"Deltoid, Anterior; Pectoralis Major, Sternal; Pectoralis Major, Clavicular; Pectoralis Minor; Rhomboids; Levator Scapulae; Latissimus Dorsi; Coracobrachialis",Biceps Brachii,"Trapezius, Lower",
Close Grip Push-up,https://exrx.net/WeightExercises/Triceps/BWCloseGripPushup,Upper Arms,Triceps Brachii,"Pectoralis Major, Sternal; Pectoralis Major, Clavicular; Deltoid, Anterior; Coracobrachialis","Biceps Brachii, Short Head",Serratus Anterior; Pectoralis Minor; Rectus Abdominis; Obliques; Quadriceps,
Close Grip Incline Push-up (on bar),https://exrx.net/WeightExercises/Triceps/BWCloseGripInclinePushupBar,Upper Arms,Triceps Brachii,"Pectoralis Major, Sternal; Pectoralis Major, Clavicular; Deltoid, Anterior; Coracobrachialis","Biceps Brachii, Short Head",Rectus Abdominis; Obliques; Quadriceps; Gastrocnemius; Soleus,
Close Grip Push-up (on knees),https://exrx.net/WeightExercises/Triceps/BWCloseGripPushupKnees,Upper Arms,Triceps Brachii,"Pectoralis Major, Sternal; Pectoralis Major, Clavicular; Deltoid, Anterior; Coracobrachialis","Biceps Brachii, Short Head",Rectus Abdominis; Obliques,
Triceps Dip,https://exrx.net/WeightExercises/Triceps/BWTriDip,Upper Arms,Triceps Brachii,"Deltoid, Anterior; Pectoralis Major, Sternal; Pectoralis Major, Clavicular; Pectoralis Minor; Rhomboids; Levator Scapulae; Latissimus Dorsi; Coracobrachialis",Biceps Brachii,"Trapezius, Lower",
Suspended Triceps Extension,https://exrx.net/WeightExercises/Triceps/STTricepsExtension,Upper Arms,Triceps Brachii,,,"Pectoralis Major, Sternal; Pectoralis Major, Clavicular; Latissimus Dorsi; Teres Major; Rhomboids; Levator Scapulae; Deltoid, Posterior; Coracobrachialis; Pectoralis Minor; Serratus Anterior; Rectus Abdominis; Obliques; Quadriceps; Gastrocnemius; Wrist Flexors",
Self-assisted Triceps Dip,https://exrx.net/WeightExercises/Triceps/ASTricepsDipSelf,Upper Arms,Triceps Brachii,"Deltoid, Anterior; Pectoralis Major, Sternal; Pectoralis Major, Clavicular; Pectoralis Minor; Rhomboids; Levator Scapulae; Latissimus Dorsi; Coracobrachialis",Biceps Brachii,"Trapezius, Lower",
Barbell Curl,https://exrx.net/WeightExercises/Biceps/BBCurl,Upper Arms,Biceps Brachii,Brachialis; Brachioradialis,,"Deltoid, Anterior; Coracobrachialis; Trapezius, Upper; Trapezius, Middle; Levator Scapulae; Wrist Flexors",
Cable Curl,https://exrx.net/WeightExercises/Biceps/CBCurl,Upper Arms,Biceps Brachii,Brachialis; Brachioradialis,,"Deltoid, Anterior; Coracobrachialis; Trapezius, Upper; Trapezius, Middle; Levator Scapulae; Wrist Flexors",
Cable Isolateral Curl,https://exrx.net/WeightExercises/Biceps/CBCurlStirrups,Upper Arms,Biceps Brachii,Brachialis; Brachioradialis,,"Trapezius, Upper; Trapezius, Middle; Levator Scapulae; Wrist Flexors; Coracobrachialis",
Cable Alternating Isolateral Curl,https://exrx.net/WeightExercises/Biceps/CBAlternatingCurl,Upper Arms,Biceps Brachii,Brachialis; Brachioradialis,,"Trapezius, Upper; Trapezius, Middle; Levator Scapulae; Wrist Flexors; Coracobrachialis",
Cable One Arm Curl,https://exrx.net/WeightExercises/Biceps/CBOneArmCurl,Upper Arms,Biceps Brachii,Brachialis; Brachioradialis,,"Deltoid, Anterior; Coracobrachialis; Trapezius, Upper; Trapezius, Middle; Levator Scapulae; Wrist Flexors",
Dumbbell Curl,https://exrx.net/WeightExercises/Biceps/DBCurl,Forearms; Upper Arms,Biceps Brachii,Brachialis; Brachioradialis,,"Deltoid, Anterior; Coracobrachialis; Trapezius, Upper; Trapezius, Middle; Levator Scapulae; Wrist Flexors",
Dumbbell Incline Curl,https://exrx.net/WeightExercises/Biceps/DBInclineCurl,Forearms; Upper Arms,Biceps Brachii,Brachialis; Brachioradialis,,"Deltoid, Anterior; Coracobrachialis; Wrist Flexors",
Lever Isolateral Curl (plate loaded),https://exrx.net/WeightExercises/Biceps/LVCurlPL,Upper Arms,Biceps Brachii,Brachialis; Brachioradialis,,Wrist Flexors,
Lever Isolateral Curl,https://exrx.net/WeightExercises/Biceps/LVCurl,Upper Arms,Biceps Brachii,Brachialis; Brachioradialis,,Wrist Flexors,
Inverted Biceps Row,https://exrx.net/WeightExercises/BackGeneral/BWUnderhandSupineRow,Back; Upper Arms,Biceps Brachii,"Trapezius, Middle; Trapezius, Lower; Rhomboids; Latissimus Dorsi; Teres Major; Deltoid, Posterior; Infraspinatus; Teres Minor; Brachialis; Brachioradialis; Pectoralis Major, Sternal","Triceps, Long Head",Erector Spinae; Hamstrings; Gluteus Maximus,Rectus Abdominis; Obliques
Suspended Arm Curl,https://exrx.net/WeightExercises/Brachialis/STArmCurl,Upper Arms,Brachialis,Biceps Brachii; Brachioradialis,,"Erector Spinae; Gluteus Maximus; Hamstrings; Wrist Flexors; Trapezius, Middle; Rhomboids",Rectus Abdominis; Obliques
Barbell Preacher Curl,https://exrx.net/WeightExercises/Brachialis/BBPreacherCurl,Upper Arms,Brachialis,Biceps Brachii; Brachioradialis,,Wrist Flexors,
Barbell Prone Incline Curl,https://exrx.net/WeightExercises/Brachialis/BBProneInclineCurl,Upper Arms,Brachialis,Biceps Brachii; Brachioradialis,,"Wrist Flexors; Trapezius, Middle; Rhomboids",
Cable Concentration Curl,https://exrx.net/WeightExercises/Brachialis/CBConcentrationCurl,Upper Arms,Brachialis,Biceps Brachii; Brachioradialis,,"Trapezius, Upper; Trapezius, Middle; Levator Scapulae; Obliques; Erector Spinae; Wrist Flexors",
Cable Preacher Curl,https://exrx.net/WeightExercises/Brachialis/CBPreacherCurl,Upper Arms,Brachialis,Biceps Brachii; Brachioradialis,,Wrist Flexors,
Cable Isolateral Preacher Curl,https://exrx.net/WeightExercises/Brachialis/CBPreacherCurlStirrups,Upper Arms,Brachialis,Biceps Brachii; Brachioradialis,,Wrist Flexors,
Dumbbell Concentration Curl,https://exrx.net/WeightExercises/Brachialis/DBConcentrationCurl,Upper Arms,Brachialis,Biceps Brachii; Brachioradialis,,"Trapezius, Upper; Trapezius, Middle; Levator Scapulae; Obliques; Erector Spinae; Wrist Flexors",
Dumbbell Preacher Curl,https://exrx.net/WeightExercises/Brachialis/DBPreacherCurl,Upper Arms,Brachialis,Biceps Brachii; Brachioradialis,,Wrist Flexors,
Lever Isolateral Preacher Curl (plate loaded),https://exrx.net/WeightExercises/Brachialis/LVPreacherCurlH,Upper Arms,Brachialis,Biceps Brachii; Brachioradialis,,Wrist Flexors,"Triceps Brachii, Long Head"
"Lever Isolateral Preacher Curl (arms high, plate loaded)",https://exrx.net/WeightExercises/Brachialis/LVPreacherCurlHighPL,Upper Arms,Brachialis,Biceps Brachii; Brachioradialis,,Wrist Flexors,"Triceps Brachii, Long Head"
Lever Preacher Curl,https://exrx.net/WeightExercises/Brachialis/LVPreacherCurl,Upper Arms,Brachialis,Biceps Brachii; Brachioradialis,,Wrist Flexors,"Triceps Brachii, Long Head"
Lever Isolateral Preacher Curl (arms high),https://exrx.net/WeightExercises/Brachialis/LVPreacherCurlHigh,Upper Arms,Brachialis,Biceps Brachii; Brachioradialis,,Wrist Flexors,"Triceps Brachii, Long Head"
Barbell Bent Knee Good-morning,https://exrx.net/WeightExercises/GluteusMaximus/BBBentKneeGoodMorning,Hips,Gluteus Maximus,Adductor Magnus; Hamstrings,,Erector Spinae; Quadriceps,Rectus Abdominis; Obliques
Barbell Deadlift,https://exrx.net/WeightExercises/GluteusMaximus/BBDeadlift,Hips,Gluteus Maximus,Quadriceps; Adductor Magnus; Hamstrings (top half); Soleus,Hamstrings (bottom half); Gastrocnemius,"Erector Spinae; Trapezius, Middle; Trapezius, Upper; Levator Scapulae; Rhomboids",Rectus Abdominis; Obliques
Barbell Stiff Leg Deadlift,https://exrx.net/WeightExercises/GluteusMaximus/BBStiffLegDeadlift,Hips,Gluteus Maximus,Erector Spinae; Adductor Magnus; Hamstrings,,"Quadriceps; Trapezius, Middle; Rhomboids; Latissimus Dorsi; Trapezius, Upper; Levator Scapulae; Trapezius, Lower",Rectus Abdominis; Obliques
Barbell Straight-back Stiff-leg Deadlift,https://exrx.net/WeightExercises/GluteusMaximus/BBStrBackStiffLegDeadlift,Hips,Gluteus Maximus,Hamstrings; Adductor Magnus,,"Erector Spinae; Quadriceps; Trapezius, Middle; Rhomboids; Latissimus Dorsi; Trapezius, Upper; Levator Scapulae; Trapezius, Lower",Rectus Abdominis; Obliques
Barbell Hip Thrust,https://exrx.net/WeightExercises/GluteusMaximus/BBHipThrust,Hips,Gluteus Maximus,Quadriceps,Hamstrings,Erector Spinae,Rectus Abdominis; Obliques
Barbell Lunge,https://exrx.net/WeightExercises/GluteusMaximus/BBLunge,Hips,Gluteus Maximus,Quadriceps; Adductor Magnus; Soleus,Hamstrings; Gastrocnemius,Erector Spinae; Tibialis Anterior; Gluteus Medius; Gluteus Minimus; Quadratus        Lumborum; Obliques,
Barbell Rear Lunge,https://exrx.net/WeightExercises/GluteusMaximus/BBRearLunge,Hips,Gluteus Maximus,Quadriceps; Adductor Magnus; Soleus,Hamstrings; Gastrocnemius,Erector Spinae; Gluteus Medius; Gluteus Minimus; Quadratus Lumborum; Obliques,
Barbell Single Leg Split Squat,https://exrx.net/WeightExercises/GluteusMaximus/BBSingleLegSplitSquat,Hips,Gluteus Maximus,Quadriceps; Adductor Magnus; Soleus,Hamstrings; Gastrocnemius,Erector Spinae; Gluteus Medius; Gluteus Minimus,
Barbell Single Leg Squat,https://exrx.net/WeightExercises/GluteusMaximus/BBSingleLegSquat,Hips,Gluteus Maximus,Quadriceps; Adductor Magnus; Soleus; Erector Spinae (see notes),Hamstrings; Gastrocnemius,Gluteus Medius; Gluteus Minimus; Quadratus Lumborum; Obliques; Rectus Abdominis,
Barbell Split Squat,https://exrx.net/WeightExercises/GluteusMaximus/BBSplitSquat,Hips,Gluteus Maximus,Quadriceps; Adductor Magnus; Soleus,Hamstrings; Gastrocnemius,Erector Spinae; Gluteus Medius; Gluteus Minimus,
Barbell Squat (low bar),https://exrx.net/WeightExercises/GluteusMaximus/BBSquat,Hips,Gluteus Maximus,Quadriceps; Adductor Magnus; Soleus,Hamstrings; Gastrocnemius,Erector Spinae,Rectus Abdominis; Obliques
Barbell Front Squat,https://exrx.net/WeightExercises/GluteusMaximus/BBFrontSquat,Hips,Gluteus Maximus,Quadriceps; Adductor Magnus; Soleus,Hamstrings; Gastrocnemius,"Erector Spinae; Deltoid, Anterior; Deltoid, Lateral; Supraspinatus; Pectoralis Major, Clavicular; Trapezius, Upper; Trapezius, Middle; Levator Scapulae; Trapezius, Lower; Serratus Anterior",Rectus Abdominis; Obliques
Safety Barbell Squat,https://exrx.net/WeightExercises/GluteusMaximus/SBSquat,Hips,Gluteus Maximus,Quadriceps; Adductor Magnus; Soleus,Hamstrings; Gastrocnemius,Erector Spinae,Rectus Abdominis; Obliques
Barbell Step-up,https://exrx.net/WeightExercises/GluteusMaximus/BBStepUp,Hips,Gluteus Maximus,Quadriceps; Adductor Magnus; Soleus; Gastrocnemius (Second Leg),Hamstrings; Gastrocnemius (First Leg),Erector Spinae; Gluteus Medius; Gluteus Minimus; Quadratus Lumborum; Obliques,Rectus Abdominis; Obliques
Cable Glute Kickback,https://exrx.net/WeightExercises/GluteusMaximus/CBGluteKickback,Hips,Gluteus Maximus,Adductor Magnus,,Obliques; Erector Spinae; Quadratus Lumborum; Gluteus Medius; Gluteus Minimus,
Cable Rear Lunge,https://exrx.net/WeightExercises/GluteusMaximus/CBRearLunge,Hips,Gluteus Maximus,Quadriceps; Adductor Magnus; Soleus,Hamstrings; Gastrocnemius,"Erector Spinae; Trapezius, Upper; Trapezius, Lower; Levator Scapulae; Gluteus Medius; Gluteus Minimus; Quadratus Lumborum; Obliques",
Cable Split Squat,https://exrx.net/WeightExercises/GluteusMaximus/CBLungeTwoArm,Hips,Gluteus Maximus,Quadriceps; Adductor Magnus; Soleus,Hamstrings; Gastrocnemius,"Trapezius, Upper; Trapezius, Middle; Levator Scapulae; Erector Spinae; Obliques",
Cable Squat,https://exrx.net/WeightExercises/GluteusMaximus/CBSquat,Hips,Gluteus Maximus,Quadriceps; Adductor Magnus; Soleus,Hamstrings; Gastrocnemius,"Erector Spinae; Trapezius, Upper; Trapezius, Middle; Levator Scapulae",Rectus Abdominis; Obliques
Cable Standing Hip Extension,https://exrx.net/WeightExercises/GluteusMaximus/CBStandingHipExtension,Hips,Gluteus Maximus,Hamstrings,,Erector Spinae; Obliques; Quadratus Lumborum; Gluteus Medius; Gluteus Minimus,Rectus Abdominis
Cable Bent-over Hip Extension,https://exrx.net/WeightExercises/GluteusMaximus/CBBentOverHipExtension,Hips,Gluteus Maximus,Hamstrings,,Obliques; Erector Spinae; Quadratus Lumborum; Gluteus Medius; Gluteus Minimus,
Cable Step-up,https://exrx.net/WeightExercises/GluteusMaximus/CBStepUp,Hips,Gluteus Maximus,Quadriceps; Adductor Magnus; Soleus; Gastrocnemius        (Second Leg),Hamstrings; Gastrocnemius        (First Leg),"Erector Spinae; Trapezius, Upper; Trapezius, Middle; Levator Scapulae; Gluteus Medius; Gluteus Minimus; Quadratus        Lumborum; Obliques",Rectus Abdominis; Obliques
Cable Stiff Leg Deadlift,https://exrx.net/WeightExercises/GluteusMaximus/CBStiffLegDeadlift,Hips,Gluteus Maximus,Erector Spinae; Adductor Magnus; Hamstrings,,"Quadriceps; Trapezius, Middle; Rhomboids; Latissimus Dorsi; Trapezius, Upper; Levator Scapulae; Trapezius, Lower",Rectus Abdominis; Obliques
Cable Straight-back Stiff-leg Deadlift,https://exrx.net/WeightExercises/GluteusMaximus/CBStrBackStiffLegDeadlift,Hips,Gluteus Maximus,Hamstrings; Adductor Magnus,,"Erector Spinae; Quadriceps; Trapezius, Middle; Rhomboids; Latissimus Dorsi; Trapezius, Upper; Levator Scapulae; Trapezius, Lower",Rectus Abdominis; Obliques
Dumbbell Lunge,https://exrx.net/WeightExercises/GluteusMaximus/DBLunge,Hips,Gluteus Maximus,Quadriceps; Adductor Magnus; Soleus,Hamstrings; Gastrocnemius,"Erector Spinae; Trapezius, Upper; Trapezius, Middle; Levator Scapulae; Tibialis Anterior; Gluteus Medius; Gluteus Minimus; Quadratus Lumborum; Obliques",
Dumbbell Rear Lunge,https://exrx.net/WeightExercises/GluteusMaximus/DBRearLunge,Hips,Gluteus Maximus,Quadriceps; Adductor Magnus; Soleus,Hamstrings; Gastrocnemius,"Erector Spinae; Trapezius, Upper; Trapezius, Lower; Levator Scapulae; Gluteus Medius; Gluteus Minimus; Quadratus Lumborum; Obliques",
Dumbbell Split Squat,https://exrx.net/WeightExercises/GluteusMaximus/DBSplitSquat,Hips,Gluteus Maximus,Quadriceps; Adductor Magnus; Soleus,Hamstrings; Gastrocnemius,Erector Spinae; Gluteus Medius; Gluteus Minimus,
Dumbbell Squat,https://exrx.net/WeightExercises/GluteusMaximus/DBSquat,Hips,Gluteus Maximus,Quadriceps; Adductor Magnus; Soleus,Hamstrings; Gastrocnemius,"Erector Spinae; Trapezius, Upper; Trapezius, Middle; Levator Scapulae; Rhomboids",Rectus Abdominis; Obliques
Dumbbell Front Squat,https://exrx.net/WeightExercises/GluteusMaximus/DBFrontSquat,Hips,Gluteus Maximus,Quadriceps; Adductor Magnus; Soleus,Hamstrings; Gastrocnemius,"Erector Spinae; Trapezius, Upper; Trapezius, Middle; Levator Scapulae",Rectus Abdominis; Obliques
Dumbbell Step-up,https://exrx.net/WeightExercises/GluteusMaximus/DBStepUp,Hips,Gluteus Maximus,Quadriceps; Adductor Magnus; Soleus; Gastrocnemius        (Second Leg),Hamstrings; Gastrocnemius        (First Leg),"Erector Spinae; Trapezius, Upper; Trapezius, Middle; Levator Scapulae; Gluteus Medius; Gluteus Minimus; Quadratus        Lumborum; Obliques",Rectus Abdominis; Obliques
Dumbbell Step-down,https://exrx.net/WeightExercises/GluteusMaximus/DBStepDown,Hips,Gluteus Maximus,Quadriceps; Adductor Magnus; Soleus; Gastrocnemius (Following Leg),Hamstrings; Gastrocnemius (Lead Leg),Erector Spinae; Gluteus Medius; Gluteus Minimus; Quadratus Lumborum; Obliques,Rectus Abdominis
Lever Deadlift (plate loaded),https://exrx.net/WeightExercises/GluteusMaximus/LVDeadlift,Hips,Gluteus Maximus,Quadriceps; Adductor Magnus; Soleus,Hamstrings; Gastrocnemius,"Erector Spinae; Trapezius, Middle; Trapezius, Upper; Levator Scapulae; Rhomboids",Rectus Abdominis; Obliques
Lever Stiff Leg Deadlift (plate loaded),https://exrx.net/WeightExercises/GluteusMaximus/LVStiffLegDeadlift,Hips,Gluteus Maximus,Erector Spinae; Adductor Magnus; Hamstrings,,"Quadriceps; Trapezius, Middle; Rhomboids; Latissimus Dorsi; Trapezius, Upper; Levator Scapulae; Trapezius, Lower",Rectus Abdominis; Obliques
Lever Straight-back Stiff-leg Deadlift (plate loaded),https://exrx.net/WeightExercises/GluteusMaximus/LVStrBackStiffLegDeadlift,Hips,Gluteus Maximus,Hamstrings; Adductor Magnus,,"Erector Spinae; Quadriceps; Trapezius, Middle; Rhomboids; Latissimus Dorsi; Trapezius, Upper; Levator Scapulae; Trapezius, Lower",Rectus Abdominis; Obliques
Lever 45° Leg Press (plate loaded),https://exrx.net/WeightExercises/GluteusMaximus/LV45LegPress,Hips,Gluteus Maximus,Quadriceps; Adductor Magnus; Soleus,Hamstrings; Gastrocnemius,,
Lever Lying Leg Press (plate loaded),https://exrx.net/WeightExercises/GluteusMaximus/LVLyingLegPressH,Hips,Gluteus Maximus,Quadriceps; Adductor Magnus; Soleus,Hamstrings; Gastrocnemius,,
Lever Isolateral Seated Leg Press (plate loaded),https://exrx.net/WeightExercises/GluteusMaximus/LVSeatedLegPressH,Hips,Gluteus Maximus,Quadriceps; Adductor Magnus; Soleus,Hamstrings; Gastrocnemius,,
Lever Lying Hip Extension (plate loaded),https://exrx.net/WeightExercises/GluteusMaximus/LVLyingHipExtensionH,Hips,Gluteus Maximus,Adductor Magnus,Hamstrings,Erector Spinae,Rectus Abdominis
Lever Reverse Hyper-extension (plate loaded),https://exrx.net/WeightExercises/GluteusMaximus/LVReverseHyperextension,Hips,Gluteus Maximus,Hamstrings,,Erector Spinae,Rectus Abdominis; Obliques
Lever Single Leg Split Squat (plate loaded),https://exrx.net/WeightExercises/GluteusMaximus/LVSingleLegSplitSquat,Hips,Gluteus Maximus,Quadriceps; Adductor Magnus; Soleus,Hamstrings; Gastrocnemius,"Erector Spinae; Trapezius, Upper; Trapezius, Lower; Levator Scapulae; Gluteus Medius; Gluteus Minimus",
Lever Single Leg Squat (plate loaded),https://exrx.net/WeightExercises/GluteusMaximus/LVSingleLegSquat,Hips,Gluteus Maximus,Quadriceps; Adductor Magnus; Soleus,Hamstrings; Gastrocnemius,Erector Spinae; Gluteus Medius; Gluteus Minimus; Quadratus Lumborum; Obliques,
Lever Split Squat (plate loaded),https://exrx.net/WeightExercises/GluteusMaximus/LVSplitSquat,Hips,Gluteus Maximus,Quadriceps; Adductor Magnus; Soleus,Hamstrings; Gastrocnemius,"Erector Spinae; Trapezius, Upper; Trapezius, Lower; Levator Scapulae; Gluteus Medius; Gluteus Minimus",
Lever Squat (plate loaded),https://exrx.net/WeightExercises/GluteusMaximus/LVSquatPL,Hips,Gluteus Maximus,Quadriceps; Adductor Magnus; Soleus,Hamstrings; Gastrocnemius,"Erector Spinae; Trapezius, Upper; Trapezius, Middle; Levator Scapulae",Rectus Abdominis; Obliques
Lever Front Squat,https://exrx.net/WeightExercises/GluteusMaximus/LVFrontSquatPL,Hips,Gluteus Maximus,Quadriceps; Adductor Magnus; Soleus,Hamstrings; Gastrocnemius,"Erector Spinae; Trapezius, Upper; Trapezius, Middle; Levator Scapulae",Rectus Abdominis; Obliques
Lever Bent-over Hip Extension,https://exrx.net/WeightExercises/GluteusMaximus/LVBentOverHipExtension,Hips,Gluteus Maximus,Adductor Magnus,,Obliques; Erector Spinae; Quadratus Lumborum; Gluteus Medius; Gluteus Minimus,Rectus Abdominis
Lever Lying Hip Extension,https://exrx.net/WeightExercises/GluteusMaximus/LVLyingHipExtension,Hips,Gluteus Maximus,Adductor Magnus,,Erector Spinae,Rectus Abdominis
Lever Standing Hip Extension,https://exrx.net/WeightExercises/GluteusMaximus/LVStandingHipExtension,Hips,Gluteus Maximus,Hamstrings; Adductor Magnus,,Obliques; Erector Spinae; Quadratus Lumborum; Gluteus Medius; Gluteus Minimus,Rectus Abdominis
Lever Standing Hip Extension (with abdominal pad),https://exrx.net/WeightExercises/GluteusMaximus/LVStandingHipExtensionTech,Hips,Gluteus Maximus,Adductor Magnus,Hamstrings,Obliques; Erector Spinae; Quadratus Lumborum; Gluteus Medius; Gluteus Minimus; Triceps Brachii,Rectus Abdominis
Lever Seated Leg Press,https://exrx.net/WeightExercises/GluteusMaximus/LVSeatedLegPress,Hips,Gluteus Maximus,Quadriceps; Adductor Magnus; Soleus,Hamstrings; Gastrocnemius,,
Lever Bent-over Glute Kickback,https://exrx.net/WeightExercises/GluteusMaximus/LVBentOverRearKick,Hips,Gluteus Maximus,Adductor Magnus; Quadriceps,,Obliques; Erector Spinae; Quadratus Lumborum; Gluteus Medius; Gluteus Minimus; Coracobrachialis,Hamstrings
Lever Kneeling Glute Kickback,https://exrx.net/WeightExercises/GluteusMaximus/LVKneelingHipExtension,Hips,Gluteus Maximus,Adductor Magnus,,Erector Spinae; Quadratus Lumborum; Obliques; Gluteus Medius; Gluteus Minimus; Coracobrachialis,Hamstrings; Rectus Abdominis
Lever Standing Glute Kickback,https://exrx.net/WeightExercises/GluteusMaximus/LVSingleLegStandingLegPress,Hips,Gluteus Maximus,Quadriceps; Adductor Magnus,,Obliques; Erector Spinae; Quadratus Lumborum; Gluteus Medius; Gluteus Minimus; Coracobrachialis,Hamstrings
Lever Squat,https://exrx.net/WeightExercises/GluteusMaximus/LVSquat,Hips,Gluteus Maximus,Quadriceps; Adductor Magnus; Soleus,Hamstrings; Gastrocnemius,"Erector Spinae; Trapezius, Upper; Trapezius, Middle; Levator Scapulae",Rectus Abdominis; Obliques
Lever V-Squat,https://exrx.net/WeightExercises/GluteusMaximus/LVVSquat,Hips,Gluteus Maximus,Quadriceps; Adductor Magnus; Soleus,Hamstrings; Gastrocnemius,,
Sled Kneeling Glute Kickback,https://exrx.net/WeightExercises/GluteusMaximus/SLKneelingHipExtension,Hips,Gluteus Maximus,Adductor Magnus,,Obliques; Erector Spinae; Quadratus Lumborum; Gluteus Medius; Gluteus Minimus,Hamstrings
Sled Standing Glute Kickback,https://exrx.net/WeightExercises/GluteusMaximus/SLStandingHipExtension,Hips,Gluteus Maximus,Quadriceps; Adductor Magnus,,Obliques; Erector Spinae; Quadratus Lumborum; Gluteus Medius; Gluteus Minimus,Hamstrings
Sled 45° Leg Press,https://exrx.net/WeightExercises/GluteusMaximus/SL45LegPress,Hips,Gluteus Maximus,Quadriceps; Adductor Magnus; Soleus,Hamstrings; Gastrocnemius,,
Sled Lying Leg Press,https://exrx.net/WeightExercises/GluteusMaximus/SLLyingLegPress,Hips,Gluteus Maximus,Quadriceps; Adductor Magnus; Soleus,Hamstrings; Gastrocnemius,,
Sled Seated Leg Press,https://exrx.net/WeightExercises/GluteusMaximus/SLSeatedLegPress,Hips,Gluteus Maximus,Quadriceps; Adductor Magnus; Soleus,Hamstrings; Gastrocnemius,,
Sled Squat,https://exrx.net/WeightExercises/GluteusMaximus/SLSquat,Hips,Gluteus Maximus,Quadriceps; Adductor Magnus; Soleus,Hamstrings; Gastrocnemius,,
Sled Hack Squat,https://exrx.net/WeightExercises/GluteusMaximus/SLHackSquat,Hips,Gluteus Maximus,Quadriceps; Adductor Magnus; Soleus,Hamstrings; Gastrocnemius,,
Smith Bent Knee Good-morning,https://exrx.net/WeightExercises/GluteusMaximus/SMBentKneeGoodMorning,Hips,Gluteus Maximus,Adductor Magnus; Hamstrings,,Erector Spinae; Quadriceps,Rectus Abdominis; Obliques
Smith Deadlift,https://exrx.net/WeightExercises/GluteusMaximus/SMDeadlift,Hips,Gluteus Maximus,Quadriceps; Adductor Magnus; Hamstrings (top half); Soleus,Hamstrings (bottom half); Gastrocnemius,"Erector Spinae; Trapezius, Middle; Trapezius, Upper; Levator Scapulae; Rhomboids",Rectus Abdominis; Obliques
Smith Stiff Leg Deadlift,https://exrx.net/WeightExercises/GluteusMaximus/SMStiffLegDeadlift,Hips,Gluteus Maximus,Erector Spinae; Adductor Magnus; Hamstrings,,"Quadriceps; Trapezius, Middle; Rhomboids; Latissimus Dorsi; Trapezius, Upper; Levator Scapulae; Trapezius, Lower",Rectus Abdominis; Obliques
Smith Straight-back Stiff-leg Deadlift,https://exrx.net/WeightExercises/GluteusMaximus/SMStrBackStiffLegDeadlift,Hips,Gluteus Maximus,Adductor Magnus; Hamstrings,,"Erector Spinae; Quadriceps; Trapezius, Middle; Rhomboids; Latissimus Dorsi; Trapezius, Upper; Levator Scapulae; Trapezius, Lower",Rectus Abdominis; Obliques
Smith Rear Lunge,https://exrx.net/WeightExercises/GluteusMaximus/SMRearLunge,Hips,Gluteus Maximus,Quadriceps; Adductor Magnus; Soleus,Hamstrings; Gastrocnemius,Erector Spinae; Gluteus Medius; Gluteus Minimus; Quadratus        Lumborum; Obliques,
Smith Squat,https://exrx.net/WeightExercises/GluteusMaximus/SMSquat,Hips,Gluteus Maximus,Quadriceps; Adductor Magnus; Soleus,Hamstrings; Gastrocnemius,Erector Spinae,Rectus Abdominis; Obliques
Weighted Reverse Hyper-extension,https://exrx.net/WeightExercises/GluteusMaximus/WtReverseHyperextension,Hips,Gluteus Maximus,Hamstrings,,Erector Spinae,Rectus Abdominis; Obliques
Weighted Single Leg Squat,https://exrx.net/WeightExercises/GluteusMaximus/WtSingleLegSquat,Hips,Gluteus Maximus,Quadriceps; Adductor Magnus; Soleus; Erector Spinae (see notes),Hamstrings; Gastrocnemius,Gluteus Medius; Gluteus Minimus; Quadratus Lumborum; Obliques; Rectus Abdominis,
Kettlebell Front Squat,https://exrx.net/WeightExercises/Kettlebell/KBFrontSquat,Hips; Thighs,,,,,
Lunge,https://exrx.net/WeightExercises/GluteusMaximus/BWLunge,Hips,Gluteus Maximus,Quadriceps; Adductor Magnus; Soleus,Hamstrings; Gastrocnemius,Tibialis Anterior; Gluteus Medius; Gluteus Minimus; Quadratus        Lumborum; Obliques,
Rear Lunge,https://exrx.net/WeightExercises/GluteusMaximus/BWRearLunge,Hips,Gluteus Maximus,Quadriceps; Adductor Magnus; Soleus,Hamstrings; Gastrocnemius,Gluteus Medius; Gluteus Minimus; Quadratus Lumborum; Obliques,
Single Leg Squat (pistol),https://exrx.net/WeightExercises/GluteusMaximus/BWSingleLegSquat,Hips,Gluteus Maximus,Quadriceps; Adductor Magnus; Soleus,Hamstrings; Gastrocnemius,Erector Spinae (see notes); Gluteus Medius; Gluteus Minimus; Quadratus Lumborum; Obliques,Rectus Abdominis; Obliques
Single Leg Box Squat (pistol),https://exrx.net/WeightExercises/GluteusMaximus/BWSingleLegBoxSquat,Hips,Gluteus Maximus,Quadriceps; Adductor Magnus; Soleus,Hamstrings; Gastrocnemius,Erector Spinae; Gluteus Medius; Gluteus Minimus; Quadratus Lumborum; Obliques,Rectus Abdominis; Obliques
Single Leg Stiff-leg Deadlift,https://exrx.net/WeightExercises/GluteusMaximus/BWSingleLegStiffLegDeadlift,Hips,Gluteus Maximus        (supporting leg),Hamstrings; Adductor Magnus,,Erector Spinae; Quadriceps; Gluteus Medius; Gluteus Minimus; Quadratus        Lumborum; Obliques; Gluteus Maximus        (lifted leg),Rectus Abdominis; Obliques
Split Squat,https://exrx.net/WeightExercises/GluteusMaximus/BWSplitSquat,Hips,Gluteus Maximus,Quadriceps; Adductor Magnus; Soleus,Hamstrings; Gastrocnemius,Gluteus Medius; Gluteus Minimus,
Single Leg Split Squat,https://exrx.net/WeightExercises/GluteusMaximus/BWSingleLegSplitSquat,Hips,Gluteus Maximus,Quadriceps; Adductor Magnus; Soleus,Hamstrings; Gastrocnemius,Gluteus Medius; Gluteus Minimus,
Squat,https://exrx.net/WeightExercises/GluteusMaximus/BWSquat,Hips,Gluteus Maximus,Quadriceps; Adductor Magnus; Soleus,Hamstrings; Gastrocnemius,,
Step-up,https://exrx.net/WeightExercises/GluteusMaximus/BWStepUp,Hips,Gluteus Maximus,Quadriceps; Adductor Magnus; Soleus; Gastrocnemius        (Second Leg),Hamstrings; Gastrocnemius        (First Leg),"Erector Spinae; Trapezius, Upper; Trapezius, Middle; Levator Scapulae; Gluteus Medius; Gluteus Minimus; Quadratus        Lumborum; Obliques",Rectus Abdominis; Obliques
Step-down,https://exrx.net/WeightExercises/GluteusMaximus/BWStepDown,Hips,Gluteus Maximus,Quadriceps; Adductor Magnus; Soleus; Gastrocnemius        (following leg),Hamstrings; Gastrocnemius        (lead leg),Erector Spinae; Gluteus Medius; Gluteus Minimus; Quadratus        Lumborum; Obliques,Rectus Abdominis; Obliques
Self-assisted Single Leg Squat (leg wrapped),https://exrx.net/WeightExercises/GluteusMaximus/AsSingleLegSquatLegSelf,Hips,Gluteus Maximus,Quadriceps; Adductor Magnus; Soleus,Hamstrings; Gastrocnemius,Erector Spinae; Gluteus Medius; Gluteus Minimus; Quadratus        Lumborum; Obliques; Rectus Abdominis,
Self-assisted Step-down,https://exrx.net/WeightExercises/GluteusMaximus/ASStepDownSelf,Hips,Gluteus Maximus,Quadriceps; Adductor Magnus; Soleus; Gastrocnemius        (following leg),Hamstrings; Gastrocnemius        (lead leg),Erector Spinae; Gluteus Medius; Gluteus Minimus; Quadratus        Lumborum; Obliques,Rectus Abdominis; Obliques
Suspended Hip Bridge,https://exrx.net/WeightExercises/GluteusMaximus/STHipBridge,Hips,Gluteus Maximus,,,Erector Spinae; Hamstrings; Sartorius; Popliteus; Gastrocnemius,Rectus Abdominis; Obliques; Tibialis Anterior
Suspended Single Leg Squat,https://exrx.net/WeightExercises/GluteusMaximus/STSingleLegSquat,Hips,Gluteus Maximus,Quadriceps; Adductor Magnus; Soleus; Erector Spinae (see notes),Hamstrings; Gastrocnemius,"Gluteus Medius; Gluteus Minimus; Quadratus Lumborum; Obliques; Rectus Abdominis; Trapezius, Middle; Rhomboids",
Suspended Single Leg Split Squat,https://exrx.net/WeightExercises/GluteusMaximus/STSplitSquat,Hips,Gluteus Maximus,Quadriceps; Adductor Magnus; Soleus,Hamstrings; Gastrocnemius,Gluteus Medius; Gluteus Minimus; Quadratus Lumborum; Obliques,
Cable Hip Abduction,https://exrx.net/WeightExercises/HipAbductor/CBHipAbduction,Hips,Hip Abductors (listed below),Gluteus Medius; Gluteus Minimus; Tensor Fasciae          Latae,,Hip Abductors (opposite),
Cable Seated Hip Internal Rotation,https://exrx.net/WeightExercises/HipAbductor/CBSeatedHipInternalRotation,Hips,Hip Internal Rotators (listed below),Gluteus Medius; Gluteus Minimus; Tensor Fasciae Latae; Piriformis,,Gluteus Medius; Gluteus Minimus; Tensor Fasciae Latae; Gluteus Maximus (opposite leg only),
Dumbbell Lying Hip Abduction,https://exrx.net/WeightExercises/HipAbductor/DBLyingHipAbduction,Hips,Hip Abductors (listed below),Tensor Fasciae          Latae; Gluteus Medius; Gluteus Minimus,,Hip Abductors (opposite),
Lever Seated Hip Abduction (plate loaded),https://exrx.net/WeightExercises/HipAbductor/LVSeatedHipAbductionH,Hips,Hip Abductors (listed below),Gluteus Medius; Gluteus Minimus; Gluteus Maximus; Piriformis; Obturator        externus,,No significant stabilizers,
Lever Seated Hip Abduction,https://exrx.net/WeightExercises/HipAbductor/LVSeatedHipAbduction,Hips,Hip Abductors (listed below),Gluteus Medius; Gluteus Minimus; Gluteus Maximus; Piriformis; Obturator        externus,,No significant stabilizers,
Lever Standing Hip Abduction,https://exrx.net/WeightExercises/HipAbductor/LVStandHipAbduction,Hips,Hip Abductors (listed below),Tensor Fasciae        Latae; Gluteus Medius; Gluteus Minimus,,Hip Abductors (opposite),
Weighted Lying Hip Abduction,https://exrx.net/WeightExercises/HipAbductor/WtLyingHipAbduction,Hips,Hip Abductors (listed below),Tensor Fasciae          Latae; Gluteus Medius; Gluteus Minimus,,Hip Abductors (opposite),
Side Bridge Hip Abduction,https://exrx.net/WeightExercises/HipAbductor/BWSideBridgeHipAbduction,Hips,Tensor Fasciae Latae; Gluteus Medius; Gluteus Minimus,Obliques; Quadratus lumborum; Psoas major; Iliocastalis lumborum; Iliocastalis thoracis,,Latissimus dorsi; Coracobrachialis; Pectoralis minor; Levator Scapulae,
Suspended Hip Abduction,https://exrx.net/WeightExercises/HipAbductor/STHipAbduction,Hips,Hip Abductors (listed below),Tensor Fasciae        Latae; Gluteus Medius; Gluteus Minimus,,Gluteus Maximus; Hamstrings; Erector Spinae,
Cable Lying Leg Raise (on bench),https://exrx.net/WeightExercises/HipFlexors/CBLyingLegRaiseBench,Hips,Iliopsoas,Tensor Fasciae        Latae; Pectineus; Sartorius; Adductor Longus; Adductor Brevis,Rectus Femoris,Rectus Abdominis; Obliques,
Cable Lying Straight Leg Raise,https://exrx.net/WeightExercises/HipFlexors/CBLyingStraightLegRaise,Hips,Iliopsoas,Tensor Fasciae        Latae; Sartorius; Pectineus; Rectus Femoris; Adductor Longus; Adductor Brevis,,Rectus Abdominis; Obliques,
Cable Standing Leg Raise,https://exrx.net/WeightExercises/HipFlexors/CBStandingLegRaise,Hips,Iliopsoas,Tensor Fasciae        Latae; Pectineus; Sartorius; Adductor Longus; Adductor Brevis,Rectus Femoris,Rectus Abdominis; Obliques; Gluteus Medius; Gluteus Minimus; Quadratus        Lumborum,
Lever Hip Flexion,https://exrx.net/WeightExercises/HipFlexors/LVHipFlexion,Hips,Iliopsoas,Tensor Fasciae        Latae; Pectineus; Sartorius; Adductor Longus; Adductor Brevis,Rectus Femoris,Rectus Abdominis; Obliques; Gluteus Medius; Gluteus Minimus; Quadratus        Lumborum,
Lever Vertical Leg Raise,https://exrx.net/WeightExercises/HipFlexors/LVVerticalLegRaise,Hips,Iliopsoas,Tensor Fasciae Latae; Pectineus; Sartorius; Adductor Longus; Adductor Brevis,,"Rectus Abdominis; Obliques; Pectoralis Minor; Pectoralis Major, Sternal; Deltoid, Anterior; Triceps Brachii; Coracobrachialis",
Weighted Decline Sit-up,https://exrx.net/WeightExercises/HipFlexors/WtDeclineSitup,Hips,Iliopsoas,Tensor Fasciae        Latae; Rectus Femoris; Pectineus; Sartorius; Adductor Longus; Adductor Brevis,,Rectus Abdominis; Obliques,
Weighted Hanging Leg Raise,https://exrx.net/WeightExercises/HipFlexors/WtHangLegRaise,Hips,Iliopsoas,Tensor Fasciae Latae; Pectineus; Sartorius; Adductor Longus; Adductor Brevis,Rectus Femoris,Rectus Abdominis; Obliques,
Weighted Incline Leg Raise,https://exrx.net/WeightExercises/HipFlexors/WtInclineLegRaise,Hips,Iliopsoas,Tensor Fasciae Latae; Pectineus; Sartorius; Adductor Longus; Adductor Brevis,Rectus Femoris,"Rectus Abdominis; Obliques; Quadriceps; Pectoralis Major, Sternal; Latissimus Dorsi; Teres Major; Deltoid, Posterior; Triceps, Long Head; Coracobrachialis",
Weighted Lying Leg Raise,https://exrx.net/WeightExercises/HipFlexors/WtLyingLegRaise,Hips,Iliopsoas,Tensor Fasciae        Latae; Pectineus; Sartorius; Adductor Longus; Adductor Brevis,Rectus Femoris,Rectus Abdominis; Obliques; Quadriceps,
Weighted Roman Chair Sit-up,https://exrx.net/WeightExercises/HipFlexors/WtRomanChairSitup,Hips,Iliopsoas,Tensor Fasciae          Latae; Rectus Femoris; Pectineus; Sartorius; Adductor Longus; Adductor Brevis,,Rectus Abdominis; Obliques,
Weighted Seated Leg Raise,https://exrx.net/WeightExercises/HipFlexors/WtSeatedLegRaise,Hips,Iliopsoas,Tensor Fasciae Latae; Pectineus; Sartorius; Adductor Longus; Adductor Brevis,Rectus Femoris,Rectus Abdominis; Obliques,
Weighted Vertical Leg Raise,https://exrx.net/WeightExercises/HipFlexors/WtVerticalLegRaise,Hips,Iliopsoas,Tensor Fasciae Latae; Pectineus; Sartorius; Adductor Longus; Adductor Brevis,Rectus Femoris,"Rectus Abdominis; Obliques; Latissimus Dorsi; Pectoralis Minor; Pectoralis Major, Sternal; Coracobrachialis; Trapezius, Lower",
Weighted Vertical Leg Raise (on parallel bars),https://exrx.net/WeightExercises/HipFlexors/WtVerticalLegRaisePB,Hips,Iliopsoas,Tensor Fasciae Latae; Pectineus; Sartorius; Adductor Longus; Adductor Brevis,Rectus Femoris,"Rectus Abdominis; Obliques; Latissimus Dorsi; Deltoid, Posterior; Pectoralis Minor; Pectoralis Major, Sternal; Deltoid, Anterior; Trapezius, Lower; Triceps Brachii; Coracobrachialis",
Weighted Vertical Straight Leg Raise,https://exrx.net/WeightExercises/HipFlexors/WtVerticalStraightLegRaise,Hips,Iliopsoas,Tensor Fasciae Latae; Sartorius; Pectineus; Rectus Femoris; Adductor Longus; Adductor Brevis,,"Rectus Abdominis; Obliques; Quadriceps; Latissimus Dorsi; Pectoralis Minor; Pectoralis Major, Sternal; Coracobrachialis; Trapezius, Lower",
Hanging Leg Raise,https://exrx.net/WeightExercises/HipFlexors/BWHangingLegRaise,Hips,Iliopsoas,Tensor Fasciae Latae; Pectineus; Sartorius; Adductor Longus; Adductor Brevis,Rectus Femoris,Rectus Abdominis; Obliques,
Hanging Straight Leg Raise,https://exrx.net/WeightExercises/HipFlexors/BWHangingStraightLegRaise,Hips,Iliopsoas,Tensor Fasciae        Latae; Sartorius; Pectineus; Rectus Femoris; Adductor Longus; Adductor Brevis,,Rectus Abdominis; Obliques; Quadriceps,
Incline Leg Raise,https://exrx.net/WeightExercises/HipFlexors/BWInclineLegRaise,Hips,Iliopsoas,Tensor Fasciae Latae; Pectineus; Sartorius; Adductor Longus; Adductor Brevis,Rectus Femoris,"Rectus Abdominis; Obliques; Pectoralis Major, Sternal; Latissimus Dorsi; Teres Major; Deltoid, Posterior; Triceps, Long Head; Coracobrachialis",
Incline Straight Leg Raise,https://exrx.net/WeightExercises/HipFlexors/BWInclineStraightLegRaise,Hips,Iliopsoas,Tensor Fasciae Latae; Sartorius; Pectineus; Rectus Femoris; Adductor Longus; Adductor Brevis,,"Rectus Abdominis; Obliques; Quadriceps; Pectoralis Major, Sternal; Latissimus Dorsi; Teres Major; Deltoid, Posterior; Triceps, Long Head; Coracobrachialis",
Lying Leg Raise (on bench),https://exrx.net/WeightExercises/HipFlexors/BWLyingLegRaise,Hips,Iliopsoas,Tensor Fasciae        Latae; Pectineus; Sartorius; Adductor Longus; Adductor Brevis,Rectus Femoris,Rectus Abdominis; Obliques; Quadriceps,
Lying Leg Raise (on floor),https://exrx.net/WeightExercises/HipFlexors/BWLyingLegRaiseFloor,Hips,Iliopsoas,Tensor Fasciae        Latae; Pectineus; Sartorius; Adductor Longus; Adductor Brevis,Rectus Femoris,Rectus Abdominis; Obliques; Quadriceps,
Lying Straight Leg Raise,https://exrx.net/WeightExercises/HipFlexors/BWStraightLegRaise,Hips,Iliopsoas,Tensor Fasciae        Latae; Sartorius; Pectineus; Rectus Femoris; Adductor Longus; Adductor Brevis,,Rectus Abdominis; Obliques; Quadriceps,
Seated Leg Raise,https://exrx.net/WeightExercises/HipFlexors/BWSeatedLegRaise,Hips,Iliopsoas,Tensor Fasciae        Latae; Pectineus; Sartorius; Adductor Longus; Adductor Brevis,Rectus Femoris,Rectus Abdominis; Obliques,
Vertical Leg Raise,https://exrx.net/WeightExercises/HipFlexors/BWVerticalLegRaise,Hips,Iliopsoas,Tensor Fasciae Latae; Pectineus; Sartorius; Adductor Longus; Adductor Brevis,Rectus Femoris,"Rectus Abdominis; Obliques; Latissimus Dorsi; Pectoralis Minor; Pectoralis Major, Sternal; Coracobrachialis; Trapezius, Lower",
Vertical Leg Raise (on parallel bars),https://exrx.net/WeightExercises/HipFlexors/BWVerticalLegRaisePB,Hips,Iliopsoas,Tensor Fasciae Latae; Pectineus; Sartorius; Adductor Longus; Adductor Brevis,Rectus Femoris,"Rectus Abdominis; Obliques; Latissimus Dorsi; Deltoid, Posterior; Pectoralis Minor; Pectoralis Major, Sternal; Deltoid, Anterior; Trapezius, Lower; Triceps Brachii; Coracobrachialis",
Vertical Straight Leg Raise,https://exrx.net/WeightExercises/HipFlexors/BWVerticalStraightLegRaise,Hips,Iliopsoas,Tensor Fasciae Latae; Sartorius; Pectineus; Rectus Femoris; Adductor Longus; Adductor Brevis,,"Rectus Abdominis; Obliques; Quadriceps; Latissimus Dorsi; Pectoralis Minor; Pectoralis Major, Sternal; Coracobrachialis; Trapezius, Lower",
Roman Chair Sit-up,https://exrx.net/WeightExercises/HipFlexors/BWRomanChairSitup,Hips,Iliopsoas,Tensor Fasciae          Latae; Rectus Femoris; Pectineus; Sartorius; Adductor Longus; Adductor Brevis,,Rectus Abdominis; Obliques,
Suspended Mountain Climber,https://exrx.net/WeightExercises/HipFlexors/STMountainClimber,Hips,Iliopsoas,Tensor Fasciae Latae; Pectineus; Sartorius; Adductor Longus; Adductor Brevis,Rectus Femoris,Rectus Abdominis; Obliques; Quadriceps; Pectoralis Major; Serratus Anterior; Triceps Brachii; Coracobrachialis,"Erector Spinae; Trapezius, Middle; Trapezius, Lower; Rhomboids"
Suspended Pike,https://exrx.net/WeightExercises/HipFlexors/STPike,Hips,Iliopsoas,Tensor Fasciae Latae; Pectineus; Sartorius; Adductor Longus; Adductor Brevis; Rectus Femoris,,"Rectus Abdominis; Obliques; Quadriceps; Pectoralis major; Deltoid, Anterior; Serratus Anterior; Trapezius, Upper; Trapezius, Middle; Trapezius, Lower; Triceps Brachii; Coracobrachialis","Erector Spinae; Trapezius, Middle; Trapezius, Lower; Rhomboids"
Cable Seated Hip External Rotation,https://exrx.net/WeightExercises/HipExternalRotator/CBSeatedHipExternalRotation,Hips,Hip External Rotators (listed below),"Gemellus superior; Gemellus inferior; Obturator internus; Obturator externus; Quadratus femoris; Gluteus maximus; Sartorius; Gluteus medius, posterior fibers",,"Adductors, Hip; Pectineus; Gracilis; Piriformis (opposite leg); Gluteus Maximus (opposite leg)",
Barbell Bent-over Row,https://exrx.net/WeightExercises/BackGeneral/BBBentOverRow,Back,"Back, General","Trapezius, Middle; Trapezius, Lower; Rhomboids; Latissimus Dorsi; Teres Major; Deltoid, Posterior; Infraspinatus; Teres Minor; Brachialis; Brachioradialis; Pectoralis Major, Sternal","Biceps Brachii; Triceps, Long Head",Erector Spinae; Hamstrings; Gluteus Maximus; Adductor Magnus; Quadriceps,Rectus Abdominis; Obliques
Barbell Underhand Bent-over Row,https://exrx.net/WeightExercises/BackGeneral/BBUnderhandBentOverRow,Back,"Back, General","Latissimus Dorsi; Teres Major; Deltoid, Posterior; Trapezius, Middle; Trapezius, Lower; Rhomboids; Infraspinatus; Teres Minor; Brachialis; Brachioradialis; Pectoralis Major, Sternal","Biceps Brachii; Triceps, Long Head",Erector Spinae; Hamstrings; Gluteus Maximus; Adductor Magnus; Quadriceps,Rectus Abdominis; Obliques
Cable One Arm Bent-over Row,https://exrx.net/WeightExercises/BackGeneral/CBOneArmBentoverRow,Back,"Back, General","Trapezius, Middle; Trapezius, Lower; Rhomboids; Latissimus Dorsi; Teres Major; Deltoid, Posterior; Infraspinatus; Teres Minor; Brachialis; Brachioradialis; Pectoralis Major, Sternal","Biceps Brachii; Triceps, Long Head",Hamstrings; Gluteus Maximus; Triceps (Supporting Arm); Obliques; Psoas major; Quadratus lumborum; Iliocastalis lumborum; Iliocastalis thoracis,
Cable One Arm Straight Back Seated High Row,https://exrx.net/WeightExercises/BackGeneral/CBOneArmStrBackHighRow,Back,"Back, General","Trapezius, Middle; Trapezius, Lower; Rhomboids; Latissimus Dorsi; Teres Major; Deltoid, Posterior; Infraspinatus; Teres Minor; Brachialis; Brachioradialis; Pectoralis Major, Sternal","Biceps Brachii; Triceps, Long Head",Erector Spinae; Obliques; Quadratus Lumborum,Rectus Abdominis
Cable Straight Back Seated Row,https://exrx.net/WeightExercises/BackGeneral/CBStraightBackSeatedRow,Back,"Back, General","Trapezius, Middle; Trapezius, Lower; Rhomboids; Latissimus Dorsi; Teres Major; Deltoid, Posterior; Infraspinatus; Teres Minor; Brachialis; Brachioradialis; Pectoralis        Major, Sternal","Biceps Brachii; Triceps, Long        Head",Erector Spinae; Hamstrings; Gluteus Maximus; Adductor Magnus,Rectus Abdominis; Obliques
Cable Wide Grip Straight Back Seated Row,https://exrx.net/WeightExercises/BackGeneral/CBWideGripStrBackSeatedRow,Back,"Back, General","Trapezius, Middle; Trapezius, Lower; Rhomboids; Latissimus Dorsi; Teres Major; Deltoid, Posterior; Infraspinatus; Teres Minor; Brachialis; Brachioradialis; Pectoralis Major, Sternal","Biceps Brachii; Triceps, Long Head",Erector Spinae; Hamstrings; Gluteus Maximus; Adductor Magnus,Rectus Abdominis; Obliques
Dumbbell Bent-over Row,https://exrx.net/WeightExercises/BackGeneral/DBBentOverRow,Back,"Back, General","Trapezius, Middle; Trapezius, Lower; Rhomboids; Latissimus Dorsi; Teres Major; Deltoid, Posterior; Infraspinatus; Teres Minor; Brachialis; Brachioradialis; Pectoralis Major, Sternal","Biceps Brachii; Triceps, Long Head",Triceps (supporting arm); Obliques; Psoas major; Quadratus lumborum; Iliocastalis lumborum; Iliocastalis thoracis,
Dumbbell Lying Row,https://exrx.net/WeightExercises/BackGeneral/DBLyingRow,Back,"Back, General","Trapezius, Middle; Trapezius, Lower; Rhomboids; Latissimus Dorsi; Teres Major; Deltoid, Posterior; Infraspinatus; Teres Minor; Brachialis; Brachioradialis; Pectoralis Major, Sternal","Biceps Brachii; Triceps, Long Head",,
Lever Neutral Grip Incline Row (plate loaded),https://exrx.net/WeightExercises/BackGeneral/LVNeutralGripInclineRowPL,Back,"Back, General","Trapezius, Middle; Trapezius, Lower; Rhomboids; Latissimus Dorsi; Teres Major; Deltoid, Posterior; Infraspinatus; Teres Minor; Brachialis; Brachioradialis; Pectoralis Major, Sternal","Biceps Brachii; Triceps, Long Head",,
Lever Wide Grip Incline Row (plate loaded),https://exrx.net/WeightExercises/BackGeneral/LVWideGripInclineRowPL,Back,"Back, General","Trapezius, Middle; Trapezius, Lower; Rhomboids; Latissimus Dorsi; Teres Major; Deltoid, Posterior; Infraspinatus; Teres Minor; Brachialis; Brachioradialis; Pectoralis Major, Sternal","Biceps Brachii; Triceps, Long Head",,
Lever Isolateral Narrow Grip Seated Row (plate loaded),https://exrx.net/WeightExercises/BackGeneral/LVNarrowGripSeatedRowH,Back,"Back, General","Trapezius, Middle; Trapezius, Lower; Rhomboids; Latissimus Dorsi; Teres Major; Deltoid, Posterior; Infraspinatus; Teres Minor; Brachialis; Brachioradialis; Pectoralis Major, Sternal","Biceps Brachii; Triceps, Long Head",,
Lever Isolateral Seated High Row (plate loaded),https://exrx.net/WeightExercises/BackGeneral/LVSeatedHighRowPL,Back,"Back, General","Trapezius, Middle; Trapezius, Lower; Rhomboids; Latissimus Dorsi; Teres Major; Deltoid, Posterior; Infraspinatus; Teres Minor; Brachialis; Brachioradialis; Pectoralis Major, Sternal","Biceps Brachii; Triceps, Long Head",,
Lever Isolateral Seated Low Row (plate loaded),https://exrx.net/WeightExercises/BackGeneral/LVSeatedLowRow,Back,"Back, General","Trapezius, Middle; Trapezius, Lower; Rhomboids; Latissimus Dorsi; Teres Major; Deltoid, Posterior; Infraspinatus; Teres Minor; Brachialis; Brachioradialis; Pectoralis Major, Sternal","Biceps Brachii; Triceps, Long Head",,
"Lever Isolateral Wide Grip Seated Row (high bar, plate loaded)",https://exrx.net/WeightExercises/BackGeneral/LVWideGripSeatedRowH,Back,"Back, General","Trapezius, Middle; Trapezius, Lower; Rhomboids; Latissimus Dorsi; Teres Major; Deltoid, Posterior; Infraspinatus; Teres Minor; Brachialis; Brachioradialis; Pectoralis Major, Sternal","Biceps Brachii; Triceps, Long Head",,
Lever Isolateral Wide Grip Seated Row (plate loaded),https://exrx.net/WeightExercises/BackGeneral/LVWideLowGripSeatedRowH,Back,"Back, General","Trapezius, Middle; Trapezius, Lower; Rhomboids; Latissimus Dorsi; Teres Major; Deltoid, Posterior; Infraspinatus; Teres Minor; Brachialis; Brachioradialis; Pectoralis Major, Sternal","Biceps Brachii; Triceps, Long Head",,
Lever T-bar Row (plate loaded),https://exrx.net/WeightExercises/BackGeneral/LVTBarRow,Back,"General, Back","Trapezius, Middle; Trapezius, Lower; Rhomboids; Latissimus Dorsi; Teres Major; Deltoid, Posterior; Infraspinatus; Teres Minor; Brachialis; Brachioradialis; Pectoralis Major, Sternal","Biceps Brachii; Triceps, Long Head",Erector Spinae; Hamstrings; Gluteus Maximus; Adductor Magnus; Quadriceps,Rectus Abdominis; Obliques
Lever Close Grip T-bar Row (plate loaded),https://exrx.net/WeightExercises/BackGeneral/LVCloseGripTBarRow,Back,"Back, General","Trapezius, Middle; Trapezius, Lower; Rhomboids; Latissimus Dorsi; Teres Major; Deltoid, Posterior; Infraspinatus; Teres Minor; Brachialis; Brachioradialis; Pectoralis Major, Sternal","Biceps Brachii; Triceps, Long Head",Erector Spinae; Hamstrings; Gluteus Maximus; Adductor Magnus; Quadriceps,Rectus Abdominis; Obliques
Lever Isolateral Seated High Row,https://exrx.net/WeightExercises/BackGeneral/LVSeatedHighRow,Back,"Back, General","Trapezius, Middle; Trapezius, Lower; Rhomboids; Latissimus Dorsi; Teres Major; Deltoid, Posterior; Infraspinatus; Teres Minor; Brachialis; Brachioradialis; Pectoralis Major, Sternal","Biceps Brachii; Triceps, Long Head",,
Lever Seated Row,https://exrx.net/WeightExercises/BackGeneral/LVSeatedRow,Back,"Back, General","Trapezius, Middle; Trapezius, Lower; Rhomboids; Latissimus Dorsi; Teres Major; Deltoid, Posterior; Infraspinatus; Teres Minor; Brachialis; Brachioradialis; Pectoralis Major, Sternal","Biceps Brachii; Triceps, Long Head",,
Lever Wide Grip Seated Row,https://exrx.net/WeightExercises/BackGeneral/LVWideGripSeatedRow,Back,"Back, General","Trapezius, Middle; Trapezius, Lower; Rhomboids; Latissimus Dorsi; Teres Major; Deltoid, Posterior; Infraspinatus; Teres Minor; Brachialis; Brachioradialis; Pectoralis Major, Sternal","Biceps Brachii; Triceps, Long Head",,
Lever Seated Row (no chest pad),https://exrx.net/WeightExercises/BackGeneral/LVSeatedRowNoPad,Back,"Back, General","Erector Spinae; Trapezius, Middle; Trapezius, Lower; Rhomboids; Latissimus Dorsi; Teres Major; Deltoid, Posterior; Infraspinatus; Teres Minor; Brachialis; Brachioradialis; Pectoralis Major, Sternal","Biceps Brachii; Triceps, Long Head",Hamstrings; Gluteus Maximus; Adductor Magnus,
Lever Straight Back Seated Row (no chest pad),https://exrx.net/WeightExercises/BackGeneral/LVStraightBackSeatedRowNoPad,Back,"Back, General","Trapezius, Middle; Trapezius, Lower; Rhomboids; Latissimus Dorsi; Teres Major; Deltoid, Posterior; Infraspinatus; Teres Minor; Brachialis; Brachioradialis; Pectoralis Major, Sternal","Biceps Brachii; Triceps, Long        Head",Erector Spinae; Hamstrings; Gluteus Maximus; Adductor Magnus,Rectus Abdominis; Obliques
Lever Underhand Seated Row,https://exrx.net/WeightExercises/BackGeneral/LVSeatedUnderhandRow,Back,"Back, General","Trapezius, Middle; Trapezius, Lower; Rhomboids; Latissimus Dorsi; Teres Major; Deltoid, Posterior; Infraspinatus; Teres Minor; Brachialis; Brachioradialis; Pectoralis Major, Sternal","Biceps Brachii; Triceps, Long Head",,
Smith Bent-over Row,https://exrx.net/WeightExercises/BackGeneral/SMBentOverRow,Back,"Back, General","Trapezius, Middle; Trapezius, Lower; Rhomboids; Latissimus Dorsi; Teres Major; Deltoid, Posterior; Infraspinatus; Teres Minor; Brachialis; Brachioradialis; Pectoralis Major, Sternal","Biceps Brachii; Triceps, Long Head",Erector Spinae; Hamstrings; Gluteus Maximus; Adductor Magnus; Quadriceps,Rectus Abdominis; Obliques
Weighted Inverted Row,https://exrx.net/WeightExercises/BackGeneral/WTSupineRow,Back,"Back, General","Trapezius, Middle; Trapezius, Lower; Rhomboids; Latissimus Dorsi; Teres Major; Deltoid, Posterior; Infraspinatus; Teres Minor; Brachialis; Brachioradialis; Pectoralis        Major, Sternal","Biceps Brachii; Triceps, Long        Head",Erector Spinae; Gluteus Maximus; Hamstrings,Rectus Abdominis; Obliques
Inverted Row,https://exrx.net/WeightExercises/BackGeneral/BWSupineRow,Back,,,,,
Inverted Row (feet elevated),https://exrx.net/WeightExercises/BackGeneral/BWSupineRowFeetElevated,Back,"Back, General","Trapezius, Middle; Trapezius, Lower; Rhomboids; Latissimus Dorsi; Teres Major; Deltoid, Posterior; Infraspinatus; Teres Minor; Brachialis; Brachioradialis; Pectoralis Major, Sternal","Biceps Brachii; Triceps, Long Head",Erector Spinae; Hamstrings; Gluteus Maximus,Rectus Abdominis; Obliques
Row (high bar),https://exrx.net/WeightExercises/BackGeneral/BWSupineRowHigh,Back,"Back, General","Trapezius, Middle; Trapezius, Lower; Rhomboids; Latissimus Dorsi; Teres Major; Deltoid, Posterior; Infraspinatus; Teres Minor; Brachialis; Brachioradialis; Pectoralis Major, Sternal","Biceps Brachii; Triceps, Long Head",Erector Spinae; Hamstrings; Gluteus Maximus,Rectus Abdominis; Obliques
Suspended Inverted Row,https://exrx.net/WeightExercises/BackGeneral/STInvertedRow,Back,"Back, General","Trapezius, Middle; Trapezius, Lower; Rhomboids; Latissimus Dorsi; Teres Major; Deltoid, Posterior; Infraspinatus; Teres Minor; Brachialis; Brachioradialis; Pectoralis        Major, Sternal","Biceps Brachii; Triceps, Long        Head",Erector Spinae; Gluteus Maximus; Hamstrings,Rectus Abdominis; Obliques
Suspended Row,https://exrx.net/WeightExercises/BackGeneral/STRow,Back,"Back, General","Trapezius, Middle; Trapezius, Lower; Rhomboids; Latissimus Dorsi; Teres Major; Deltoid, Posterior; Infraspinatus; Teres Minor; Brachialis; Brachioradialis; Pectoralis Major, Sternal","Biceps Brachii; Triceps, Long Head",Erector Spinae; Gluteus Maximus; Hamstrings,Rectus Abdominis; Obliques
Suspended One Arm Row,https://exrx.net/WeightExercises/BackGeneral/STOneArmRow,Back,"Back, General","Trapezius, Middle; Trapezius, Lower; Rhomboids; Latissimus Dorsi; Teres Major; Deltoid, Posterior; Infraspinatus; Teres Minor; Brachialis; Brachioradialis; Pectoralis        Major, Sternal","Biceps Brachii; Triceps, Long        Head",Erector Spinae; Gluteus Maximus; Hamstrings,Rectus Abdominis; Obliques
Biceps Row (high bar),https://exrx.net/WeightExercises/BackGeneral/BWUnderhandSupineRowHigh,Back,Biceps Brachii,"Trapezius, Middle; Trapezius, Lower; Rhomboids; Latissimus Dorsi; Teres Major; Deltoid, Posterior; Infraspinatus; Teres Minor; Brachialis; Brachioradialis; Pectoralis Major, Sternal","Triceps, Long Head",Erector Spinae; Hamstrings; Gluteus Maximus,Rectus Abdominis; Obliques
Machine-assisted Chin-up,https://exrx.net/WeightExercises/LatissimusDorsi/AsUnderhandChinup,Back,Latissimus Dorsi,"Brachialis; Brachioradialis; Teres Major; Deltoid, Posterior; Rhomboids; Levator Scapulae; Trapezius, Lower; Trapezius, Middle; Pectoralis Major, Sternal; Pectoralis Minor","Biceps Brachii; Triceps, Long Head",,
Machine-assisted Pull-up (open-centered bar),https://exrx.net/WeightExercises/LatissimusDorsi/AsPullupOpenKneeling,Back,Latissimus Dorsi,"Brachialis; Brachioradialis; Biceps Brachii; Teres Major; Rhomboids; Levator Scapulae; Pectoralis Minor; Trapezius, Lower; Pectoralis Major, Sternal; Coracobrachialis","Triceps, Long Head",,
"Machine-assisted Pull-up (open-centered bar, standing)",https://exrx.net/WeightExercises/LatissimusDorsi/AsPullupOpen,Back,Latissimus Dorsi,"Brachialis; Brachioradialis; Biceps Brachii; Teres Major; Rhomboids; Levator Scapulae; Pectoralis Minor; Trapezius, Lower; Pectoralis Major, Sternal; Coracobrachialis","Triceps, Long Head",,
Machine-assisted Parallel Close Grip Pull-up,https://exrx.net/WeightExercises/LatissimusDorsi/AsCloseGripChinupKneeling,Back,Latissimus Dorsi,"Brachialis; Brachioradialis; Teres Major; Deltoid, Posterior; Rhomboids; Levator Scapulae; Trapezius, Middle; Trapezius, Lower; Pectoralis Major, Sternal; Pectoralis Minor","Biceps Brachii; Triceps, Long Head",,
Barbell Pullover,https://exrx.net/WeightExercises/LatissimusDorsi/BBPullover,Back,Latissimus Dorsi,"Pectoralis        Major, Sternal; Triceps, Long        Head; Teres Major; Deltoid, Posterior; Rhomboids; Levator Scapulae; Pectoralis Minor",,"Triceps Brachii; Deltoid, Anterior; Pectoralis        Major, Clavicular; Wrist Flexors",
Cable Bent-over Pullover,https://exrx.net/WeightExercises/LatissimusDorsi/CBBentoverPullover,Back,Latissimus Dorsi,"Pectoralis          Major, Sternal; Triceps, Long          Head; Teres Major; Deltoid, Posterior; Rhomboids; Levator Scapulae; Pectoralis Minor",,"Triceps Brachii; Pectoralis          Major, Clavicular; Rectus Abdominis; Obliques; Wrist Flexors",
Cable Close Grip Pulldown,https://exrx.net/WeightExercises/LatissimusDorsi/CBCloseGripPulldown,Back,Latissimus Dorsi,"Brachialis; Brachioradialis; Teres Major; Deltoid, Posterior; Rhomboids; Levator Scapulae; Trapezius, Lower; Trapezius, Middle; Pectoralis Major, Sternal; Pectoralis Minor","Biceps Brachii; Triceps, Long Head",,
Cable Pulldown,https://exrx.net/WeightExercises/LatissimusDorsi/CBFrontPulldown,Back,Latissimus Dorsi,"Brachialis; Brachioradialis; Biceps Brachii; Teres Major; Deltoid, Posterior; Infraspinatus; Teres Minor; Coracobrachialis; Rhomboids; Levator Scapulae; Trapezius, Lower; Trapezius, Middle; Pectoralis Minor","Triceps, Long Head",,
Cable Parallel Grip Pulldown,https://exrx.net/WeightExercises/LatissimusDorsi/CBParallelGripPulldown,Back,Latissimus Dorsi,"Brachialis; Brachioradialis; Teres Major; Deltoid, Posterior; Rhomboids; Levator Scapulae; Trapezius, Lower; Trapezius, Middle; Pectoralis Major, Sternal; Pectoralis Minor","Biceps Brachii; Triceps, Long Head",,
Cable Chin-up,https://exrx.net/WeightExercises/LatissimusDorsi/CBUnderhandChinup,Back,Latissimus Dorsi,"Brachialis; Brachioradialis; Teres Major; Deltoid, Posterior; Rhomboids; Levator Scapulae; Trapezius, Lower; Trapezius, Middle; Pectoralis Major, Sternal; Pectoralis Minor","Biceps Brachii; Triceps, Long Head",,
Cable Parallel Close Grip Pull-up,https://exrx.net/WeightExercises/LatissimusDorsi/CBParallelCloseGripChinup,Back,Latissimus Dorsi,"Brachialis; Brachioradialis; Teres Major; Deltoid, Posterior; Rhomboids; Levator Scapulae; Trapezius, Lower; Trapezius, Middle; Pectoralis Major, Sternal; Pectoralis Minor","Biceps Brachii; Triceps, Long Head",,
Cable Parallel Grip Pull-up,https://exrx.net/WeightExercises/LatissimusDorsi/CBParallelGripChinup,Back,Latissimus Dorsi,"Brachialis; Brachioradialis; Teres Major; Deltoid, Posterior; Rhomboids; Levator Scapulae; Trapezius, Lower; Trapezius, Middle; Pectoralis Major, Sternal; Pectoralis Minor","Biceps Brachii; Triceps, Long Head",,
Cable Pull-up,https://exrx.net/WeightExercises/LatissimusDorsi/CBPullup,Back,Latissimus Dorsi,"Brachialis; Brachioradialis; Biceps Brachii; Teres Major; Deltoid, Posterior; Infraspinatus; Teres Minor; Coracobrachialis; Rhomboids; Levator Scapulae; Trapezius, Lower; Trapezius, Middle; Pectoralis Minor","Triceps, Long Head",,
Cable Underhand Pulldown,https://exrx.net/WeightExercises/LatissimusDorsi/CBUnderhandPulldown,Back,Latissimus Dorsi,"Brachialis; Brachioradialis; Teres Major; Deltoid, Posterior; Rhomboids; Levator Scapulae; Trapezius, Lower; Trapezius, Middle; Pectoralis Major, Sternal; Pectoralis Minor","Biceps Brachii; Triceps, Long Head",,
Lever Isolateral Pulldown (plate loaded),https://exrx.net/WeightExercises/LatissimusDorsi/LVPulldownH,Back,Latissimus Dorsi,"Brachialis; Brachioradialis; Biceps Brachii; Teres Major; Rhomboids; Levator Scapulae; Pectoralis Minor; Trapezius, Lower; Pectoralis Major, Sternal; Coracobrachialis","Triceps, Long Head",,
Lever Isolateral Underhand Pulldown (plate loaded),https://exrx.net/WeightExercises/LatissimusDorsi/LVUnderhandPulldownH,Back,Latissimus Dorsi,"Brachialis; Brachioradialis; Teres Major; Deltoid, Posterior; Rhomboids; Levator Scapulae; Trapezius, Lower; Trapezius, Middle; Pectoralis Major, Sternal; Pectoralis Minor","Biceps Brachii; Triceps, Long Head",,
Lever Close Grip Pulldown,https://exrx.net/WeightExercises/LatissimusDorsi/LVCloseGripPulldown,Back,Latissimus Dorsi,"Brachialis; Brachioradialis; Teres Major; Deltoid, Posterior; Rhomboids; Levator Scapulae; Trapezius, Lower; Trapezius, Middle; Pectoralis Major, Sternal; Pectoralis Minor","Biceps Brachii; Triceps, Long Head",,
Lever Front Pulldown,https://exrx.net/WeightExercises/LatissimusDorsi/LVFrontPulldown,Back,Latissimus Dorsi,"Brachialis; Brachioradialis; Biceps Brachii; Teres Major; Deltoid, Posterior; Infraspinatus; Teres Minor; Coracobrachialis; Rhomboids; Levator Scapulae; Trapezius, Lower; Trapezius, Middle; Pectoralis Minor","Triceps, Long Head",,
Lever Isolateral Pulldown,https://exrx.net/WeightExercises/LatissimusDorsi/LVPulldown,Back,Latissimus Dorsi,"Brachialis; Brachioradialis; Biceps Brachii; Teres Major; Rhomboids; Levator Scapulae; Pectoralis Minor; Trapezius, Lower; Pectoralis Major, Sternal; Coracobrachialis","Triceps, Long Head",,
Lever Pullover,https://exrx.net/WeightExercises/LatissimusDorsi/LVPullover,Back,Latissimus Dorsi,"Pectoralis Major, Sternal; Pectoralis Minor; Triceps, Long Head; Teres Major; Deltoid, Posterior; Rhomboids; Levator Scapulae",,"Trapezius, Lower",
Weighted Chin-up,https://exrx.net/WeightExercises/LatissimusDorsi/WtUnderhandChinup,Back,Latissimus Dorsi,"Brachialis; Brachioradialis; Teres Major; Deltoid, Posterior; Rhomboids; Levator Scapulae; Trapezius, Lower; Trapezius, Middle; Pectoralis Major, Sternal; Coracobrachialis; Pectoralis Minor","Biceps Brachii; Triceps, Long Head",,
Weighted Parallel Close Grip Pull-up,https://exrx.net/WeightExercises/LatissimusDorsi/WtCloseGripChinup,Back,Latissimus Dorsi,"Brachialis; Brachioradialis; Teres Major; Deltoid, Posterior; Rhomboids; Levator Scapulae; Trapezius, Lower; Trapezius, Middle; Pectoralis Major, Sternal; Pectoralis Minor","Biceps Brachii; Triceps, Long Head",,
Weighted Pull-up,https://exrx.net/WeightExercises/LatissimusDorsi/WtPullup,Back,Latissimus Dorsi,"Brachialis; Brachioradialis; Biceps Brachii; Teres Major; Deltoid, Posterior; Infraspinatus; Teres Minor; Coracobrachialis; Rhomboids; Levator Scapulae; Trapezius, Lower; Trapezius, Middle; Pectoralis Minor","Triceps, Long Head",,
Band-assisted Archer Pull-up,https://exrx.net/WeightExercises/LatissimusDorsi/ASArcherPullupBand,Back,Latissimus Dorsi,"Brachialis; Brachioradialis; Biceps Brachii; Teres Major; Deltoid, Posterior; Infraspinatus; Teres Minor; Coracobrachialis; Rhomboids; Levator Scapulae; Trapezius, Lower; Trapezius, Middle; Pectoralis Minor","Triceps, Long Head",,
Band-assisted Chin-up,https://exrx.net/WeightExercises/LatissimusDorsi/ASChinupBand,Back,Latissimus Dorsi,"Brachialis; Brachioradialis; Teres Major; Deltoid, Posterior; Rhomboids; Levator Scapulae; Trapezius, Lower; Trapezius, Middle; Pectoralis Major, Sternal; Pectoralis Minor","Biceps Brachii; Triceps, Long Head",,
Band-assisted Pull-up,https://exrx.net/WeightExercises/LatissimusDorsi/ASPullupBand,Back,Latissimus Dorsi,"Brachialis; Brachioradialis; Biceps Brachii; Teres Major; Deltoid, Posterior; Infraspinatus; Teres Minor; Coracobrachialis; Rhomboids; Levator Scapulae; Trapezius, Lower; Trapezius, Middle; Pectoralis Minor","Triceps, Long Head",,
Band-assisted Parallel Grip Pull-up,https://exrx.net/WeightExercises/LatissimusDorsi/ASParallelGripPullupBand,Back,Latissimus Dorsi,"Brachialis; Brachioradialis; Teres Major; Deltoid, Posterior; Rhomboids; Levator Scapulae; Trapezius, Lower; Trapezius, Middle; Pectoralis Major, Sternal; Coracobrachialis; Pectoralis Minor","Biceps Brachii; Triceps, Long Head",,
Archer Pull-up,https://exrx.net/WeightExercises/LatissimusDorsi/BWArcherPullup,Back,Latissimus Dorsi,"Brachialis; Brachioradialis; Biceps Brachii; Teres Major; Deltoid, Posterior; Infraspinatus; Teres Minor; Coracobrachialis; Rhomboids; Levator Scapulae; Trapezius, Lower; Trapezius, Middle; Pectoralis Minor","Triceps, Long Head",,
Chin-up,https://exrx.net/WeightExercises/LatissimusDorsi/BWUnderhandChinup,Back,Latissimus Dorsi,"Brachialis; Brachioradialis; Teres Major; Deltoid, Posterior; Rhomboids; Levator Scapulae; Trapezius, Lower; Trapezius, Middle; Pectoralis Major, Sternal; Pectoralis Minor","Biceps Brachii; Triceps, Long Head",,
One Arm Pull-up,https://exrx.net/WeightExercises/LatissimusDorsi/BWOneArmPullup,Back,Latissimus Dorsi,"Brachialis; Brachioradialis; Biceps Brachii; Teres Major; Deltoid, Posterior; Infraspinatus; Teres Minor; Rhomboids; Levator Scapulae; Trapezius, Lower; Trapezius, Middle; Pectoralis Minor","Triceps, Long        Head",,
Parallel Close Grip Pull-up,https://exrx.net/WeightExercises/LatissimusDorsi/BWCloseGripChinup,Back,Latissimus Dorsi,"Brachialis; Brachioradialis; Teres Major; Deltoid, Posterior; Rhomboids; Levator Scapulae; Trapezius, Lower; Trapezius, Middle; Pectoralis Major, Sternal; Pectoralis Minor","Biceps Brachii; Triceps, Long Head",,
Pull-up,https://exrx.net/WeightExercises/LatissimusDorsi/BWPullup,Back,Latissimus Dorsi,"Brachialis; Brachioradialis; Biceps Brachii; Teres Major; Deltoid, Posterior; Infraspinatus; Teres Minor; Coracobrachialis; Rhomboids; Levator Scapulae; Trapezius, Lower; Trapezius, Middle; Pectoralis Minor","Triceps, Long Head",,
Partner-assisted Chin-up,https://exrx.net/WeightExercises/LatissimusDorsi/AsUnderhandChinupPartner,Back,Latissimus Dorsi,"Brachialis; Brachioradialis; Teres Major; Deltoid, Posterior; Rhomboids; Levator Scapulae; Trapezius, Lower; Trapezius, Middle; Pectoralis Major, Sternal; Pectoralis Minor","Biceps Brachii; Triceps, Long Head",,
Partner-assisted Pull-up,https://exrx.net/WeightExercises/LatissimusDorsi/AsChinupPartner,Back,Latissimus Dorsi,"Brachialis; Brachioradialis; Biceps Brachii; Teres Major; Deltoid, Posterior; Infraspinatus; Teres Minor; Coracobrachialis; Rhomboids; Levator Scapulae; Trapezius, Middle; Trapezius, Lower; Pectoralis Minor","Triceps, Long Head",,
Self-assisted Chin-up,https://exrx.net/WeightExercises/LatissimusDorsi/AsUnderhandChinupSelf,Back,Latissimus Dorsi,"Brachialis; Brachioradialis; Teres Major; Deltoid, Posterior; Rhomboids; Levator Scapulae; Trapezius, Lower; Trapezius, Middle; Pectoralis        Major, Sternal; Pectoralis Minor","Biceps Brachii; Triceps, Long        Head",,
Self-assisted Pull-up,https://exrx.net/WeightExercises/LatissimusDorsi/AsChinupSelf,Back,Latissimus Dorsi,"Brachialis; Brachioradialis; Biceps Brachii; Teres Major; Deltoid, Posterior; Infraspinatus; Teres Minor; Coracobrachialis; Rhomboids; Levator Scapulae; Trapezius, Middle; Trapezius, Lower; Pectoralis Minor","Triceps, Long Head",,
Suspended Pull-up,https://exrx.net/WeightExercises/LatissimusDorsi/STPullup,Back,Latissimus Dorsi,"Brachialis; Brachioradialis; Biceps Brachii; Teres Major; Rhomboids; Levator Scapulae; Trapezius, Lower; Pectoralis Major, Sternal; Coracobrachialis; Pectoralis Minor","Triceps, Long Head",,
Suspended Self-assisted Pull-up,https://exrx.net/WeightExercises/LatissimusDorsi/STSelfAssistedPullup,Back,Latissimus Dorsi,"Brachialis; Brachioradialis; Biceps Brachii; Teres Major; Deltoid, Posterior; Infraspinatus; Teres Minor; Coracobrachialis; Rhomboids; Levator Scapulae; Trapezius, Middle; Trapezius, Lower; Pectoralis Minor","Triceps, Long Head",,
Barbell Shrug,https://exrx.net/WeightExercises/TrapeziusUpper/BBShrug,Back,"Trapezius, Upper","Trapezius, Middle; Levator Scapulae",,Erector Spinae,
Trap Bar Shrug,https://exrx.net/WeightExercises/TrapeziusUpper/TBShrug,Back,"Trapezius, Upper","Trapezius, Middle; Levator Scapulae",,Erector Spinae,
Cable Shrug,https://exrx.net/WeightExercises/TrapeziusUpper/CBShrug,Back,"Trapezius, Upper","Trapezius, Middle; Levator Scapulae",,Erector Spinae,
Cable Isolateral Shrug,https://exrx.net/WeightExercises/TrapeziusUpper/CBShrugStirrups,Back,"Trapezius, Upper","Trapezius, Middle; Levator Scapulae",,Erector Spinae,
Dumbbell Shrug,https://exrx.net/WeightExercises/TrapeziusUpper/DBShrug,Back,"Trapezius, Upper","Trapezius, Middle; Levator Scapulae",,Erector Spinae,
Lever Seated Shrug (plate loaded),https://exrx.net/WeightExercises/TrapeziusUpper/LVSeatedShrug,Back,"Trapezius, Upper","Trapezius, Middle; Levator Scapulae",,No significant stabilizers,
Lever Shrug (plate loaded),https://exrx.net/WeightExercises/TrapeziusUpper/LVShrugH,Back,"Trapezius, Upper","Trapezius, Middle; Levator Scapulae",,Erector Spinae,
Lever Shrug,https://exrx.net/WeightExercises/TrapeziusUpper/LVShrug,Back,"Trapezius, Upper","Trapezius, Middle; Levator Scapulae",,Erector Spinae,
Sled Gripless Shrug,https://exrx.net/WeightExercises/TrapeziusUpper/SLXGripShrug,Back,"Trapezius, Upper","Trapezius, Middle; Levator Scapulae",,Erector Spinae,
Smith Shrug,https://exrx.net/WeightExercises/TrapeziusUpper/SMShrug,Back,"Trapezius, Upper","Trapezius, Middle; Levator Scapulae",,Erector Spinae,
Hang Clean,https://exrx.net/WeightExercises/OlympicLifts/HangClean,Back,,,,,
Inverted Shrug (on parallel bars),https://exrx.net/WeightExercises/TrapeziusUpper/BWInvertedShrugPB,Back,"Trapezius, Upper","Trapezius, Middle; Levator Scapulae",,,
Suspended Inverted Shrug,https://exrx.net/WeightExercises/TrapeziusUpper/BWInvertedShrugRings,Back,"Trapezius, Upper","Trapezius, Middle; Levator Scapulae",,,
Cable Standing Shoulder External Rotation,https://exrx.net/WeightExercises/Infraspinatus/CBStandingExternalRotation,Back,Infraspinatus,"Teres Minor; Deltoid, Posterior",,"Rhomboids; Trapezius, Lower; Deltoid, Lateral; Wrist Extensors",
Dumbbell Lying Shoulder External Rotation,https://exrx.net/WeightExercises/Infraspinatus/DBLyingExternalRotation,Back,Infraspinatus,"Teres Minor; Deltoid, Posterior",,"Rhomboids; Trapezius, Lower; Wrist Extensors",
Dumbbell Upright Shoulder External Rotation (with support),https://exrx.net/WeightExercises/Infraspinatus/DBUprightExternalRotationSupport,Back,Teres Minor,"Infraspinatus; Deltoid, Posterior; Supraspinatus",,Serratus Anterior; Wrist Extensors,
Lever Isolateral Shoulder External Rotation (plate loaded),https://exrx.net/WeightExercises/Infraspinatus/LVShoulderExternalRotationPL,Back,Teres Minor,"Infraspinatus; Deltoid, Posterior; Supraspinatus",,Serratus Anterior,
Lever Shoulder External Rotation,https://exrx.net/WeightExercises/Infraspinatus/LVExternalRotation,Back,Infraspinatus,"Teres Minor; Deltoid, Posterior",,"Trapezius, Lower; Wrist Extensors",
Suspended Shoulder External Rotation,https://exrx.net/WeightExercises/Infraspinatus/STShoulderExternalRotation,Back,Infraspinatus,"Teres Minor; Deltoid, Posterior; Trapezius, Middle; Trapezius, Lower; Rhomboids",,Latissimus Dorsi; Teres Major; Wrist Extensors; Erector Spinae; Gluteus Maximus; Hamstrings,Rectus Abdominis; Obliques
Cable Standing Shoulder Internal Rotation,https://exrx.net/WeightExercises/Subscapularis/CBStandingInternalRotation,Back,Subscapularis,"Pectoralis Major, Sternal; Pectoralis Major, Clavicular; Latissimus Dorsi; Teres Major; Deltoid, Anterior; Coracobrachialis",,Pectoralis Minor; Rhomboids; Levator Scapulae; Wrist Flexors,
Dumbbell Shoulder Internal Rotation (on floor),https://exrx.net/WeightExercises/Subscapularis/DBInternalRotationFloor,Back,Subscapularis,"Pectoralis Major, Sternal; Pectoralis Major, Clavicular; Latissimus Dorsi; Teres Major; Deltoid, Anterior; Coracobrachialis",,Wrist Flexors,
Lever Isolateral Shoulder Internal Rotation (plate loaded),https://exrx.net/WeightExercises/Subscapularis/LVShoulderInternalRotationPL,Back,Subscapularis,"Pectoralis Major, Sternal; Latissimus Dorsi; Teres Major; Coracobrachialis",,Serratus Anterior,
Lever Shoulder Internal Rotation,https://exrx.net/WeightExercises/Subscapularis/LVInternalRotation,Back,Subscapularis,"Pectoralis Major, Sternal; Pectoralis Major, Clavicular; Latissimus Dorsi; Teres Major; Deltoid, Anterior; Coracobrachialis",,Wrist Flexors,
Barbell Reverse Curl,https://exrx.net/WeightExercises/Brachioradialis/BBReverseCurl,Forearms,Brachioradialis,Brachialis; Biceps Brachii,,"Deltoid, Anterior; Coracobrachialis; Trapezius, Upper; Trapezius, Middle; Levator Scapulae; Wrist Extensors",
Cable Hammer Curl,https://exrx.net/WeightExercises/Brachioradialis/CBHammerCurl,Forearms,Brachioradialis,Brachialis; Biceps Brachii,,"Deltoid, Anterior; Coracobrachialis; Trapezius, Upper; Trapezius, Middle; Levator Scapulae; Flexor Carpi Radialis; Extensor Carpi Radialis",
Cable Reverse Curl,https://exrx.net/WeightExercises/Brachioradialis/CBReverseCurl,Forearms,Brachioradialis,Brachialis; Biceps Brachii,,"Deltoid, Anterior; Coracobrachialis; Trapezius, Upper; Trapezius, Middle; Levator Scapulae; Wrist Extensors",
Dumbbell Hammer Curl,https://exrx.net/WeightExercises/Brachioradialis/DBHammerCurl,Forearms,Brachioradialis,Brachialis; Biceps Brachii,,"Deltoid, Anterior; Coracobrachialis; Trapezius, Upper; Trapezius, Middle; Levator Scapulae; Flexor Carpi Radialis; Extensor Carpi Radialis",
Lever Isolateral Hammer Preacher Curl (plate loaded),https://exrx.net/WeightExercises/Brachioradialis/LVHammerPreacherCurlPL,Forearms,Brachioradialis,Brachialis; Biceps Brachii,,Flexor Carpi Radialis; Extensor Carpi Radialis,
Lever Isolateral Reverse Curl,https://exrx.net/WeightExercises/Brachioradialis/LVReverseCurl,Forearms,Brachioradialis,Brachialis; Biceps Brachii,,"Deltoid, Anterior; Coracobrachialis; Wrist Flexors",
Barbell Wrist Curl,https://exrx.net/WeightExercises/WristFlexors/BBWristCurl,Forearms,Wrist Flexors,,,No significant stabilizers,
Cable Wrist Curl,https://exrx.net/WeightExercises/WristFlexors/CBWristCurl,Forearms,Wrist Flexors,,,No significant stabilizers,
Dumbbell Wrist Curl,https://exrx.net/WeightExercises/WristFlexors/DBWristCurl,Forearms,Wrist Flexors,,,No significant stabilizers,
Lever Grip (plate loaded),https://exrx.net/WeightExercises/WristFlexors/LVGripPL,Forearms,Wrist Flexors,,,No significant stabilizers,
Lever Wrist Curl (plate loaded),https://exrx.net/WeightExercises/WristFlexors/LVWristCurlPL,Forearms,Wrist Flexors,,,No significant stabilizers,
Lever Isolateral Grip,https://exrx.net/WeightExercises/WristFlexors/LVGrip,Forearms,Wrist Flexors,,,No significant stabilizers,
Lever Isolateral Wrist Curl,https://exrx.net/WeightExercises/WristFlexors/LVWristCurl,Forearms,Wrist Flexors,,,No significant stabilizers,
Sled One Hand Grip,https://exrx.net/WeightExercises/WristFlexors/SLGrip,Forearms,Wrist Flexors,,,No significant stabilizers,
Sled One Hand Grip (plate loaded),https://exrx.net/WeightExercises/WristFlexors/SLOneHandGripPlateLoaded,Forearms,Wrist Flexors,,,No significant stabilizers,
Barbell Reverse Wrist Curl,https://exrx.net/WeightExercises/WristExtensors/BBReverseWristCurl,Forearms,Wrist Extensors,,,No significant stabilizers,
Cable Reverse Wrist Curl,https://exrx.net/WeightExercises/WristExtensors/CBReverseWristCurl,Forearms,Wrist Extensors,,,No significant stabilizers,
Dumbbell Reverse Wrist Curl,https://exrx.net/WeightExercises/WristExtensors/DBReverseWristCurl,Forearms,Wrist Extensors,,,No significant stabilizers,
Lever Reverse Wrist Curl (plate loaded),https://exrx.net/WeightExercises/WristExtensors/LVReverseWristCurlPL,Forearms,Wrist Extensors,,,No significant stabilizers,
Lever Isolateral Reverse Wrist Curl,https://exrx.net/WeightExercises/WristExtensors/LVReverseWristCurl,Forearms,Wrist Extensors,,,No significant stabilizers,
Dumbbell Seated Pronation,https://exrx.net/WeightExercises/Pronators/DBSeatedPronation,Forearms,Pronators,,,No significant stabilizers,
Lever Isolateral Seated Forearm Pronation,https://exrx.net/WeightExercises/Pronators/LVSeatedPronation,Forearms,Pronators,,,No significant stabilizers,
Dumbbell Seated Supination,https://exrx.net/WeightExercises/Supinators/DBSeatedSupination,Forearms,Supinator,Biceps Brachii,,,
Lever Isolateral Forearm Supination,https://exrx.net/WeightExercises/Supinators/LVSeatedSupination,Forearms,Supinator,Biceps Brachii,,,
Barbell Front Raise,https://exrx.net/WeightExercises/DeltoidAnterior/BBFrontRaise,Shoulders,"Deltoid, Anterior","Pectoralis Major, Clavicular; Deltoid, Lateral; Coracobrachialis; Trapezius, Middle; Trapezius, Lower; Serratus Anterior, Inferior Digitations",,"Trapezius, Upper; Levator Scapulae; Wrist Extensors",
Barbell Military Press,https://exrx.net/WeightExercises/DeltoidAnterior/BBMilitaryPress,Shoulders,"Deltoid, Anterior","Pectoralis Major, Clavicular; Triceps Brachii; Deltoid, Lateral; Coracobrachialis; Trapezius, Middle; Trapezius, Lower; Serratus Anterior, Inferior Digitations","Triceps, Long Head; Biceps Brachii, Short Head","Trapezius, Upper; Levator Scapulae",
Barbell Seated Military Press,https://exrx.net/WeightExercises/DeltoidAnterior/BBSeatedMilitaryPress,Shoulders,"Deltoid, Anterior","Deltoid, Lateral; Supraspinatus; Triceps Brachii; Coracobrachialis; Trapezius, Middle; Trapezius, Lower; Serratus Anterior, Inferior Digitations","Triceps, Long Head","Trapezius, Upper; Levator Scapulae",
Cable Isolateral Seated Front Raise,https://exrx.net/WeightExercises/DeltoidAnterior/CBSeatedFrontRaise,Shoulders,"Deltoid, Anterior","Pectoralis Major, Clavicular; Deltoid, Lateral; Coracobrachialis; Trapezius, Middle; Trapezius, Lower; Serratus Anterior, Inferior Digitations",,"Trapezius, Upper; Levator Scapulae; Wrist Extensors",
Cable Alternating Isolateral Front Raise,https://exrx.net/WeightExercises/DeltoidAnterior/CBAlternatingFrontRaise,Shoulders,"Deltoid, Anterior","Pectoralis Major, Clavicular; Deltoid, Lateral; Coracobrachialis; Trapezius, Middle; Trapezius, Lower; Serratus Anterior, Inferior Digitations",,"Trapezius, Upper; Levator Scapulae; Wrist Extensors",
Cable One Arm Front Raise,https://exrx.net/WeightExercises/DeltoidAnterior/CBFrontRaise,Shoulders,"Deltoid, Anterior","Pectoralis Major, Clavicular; Deltoid, Lateral; Coracobrachialis; Trapezius, Middle; Trapezius, Lower; Serratus Anterior, Inferior Digitations",,"Trapezius, Upper; Levator Scapulae; Wrist Extensors",
Cable Isolateral Standing Shoulder Press,https://exrx.net/WeightExercises/DeltoidAnterior/CBStandingShoulderPress,Shoulders,"Deltoid, Anterior","Deltoid, Lateral; Supraspinatus; Triceps Brachii; Coracobrachialis; Trapezius, Middle; Trapezius, Lower; Serratus Anterior, Inferior Digitations","Triceps, Long Head","Trapezius, Upper; Levator Scapulae",
Cable Isolateral Shoulder Press,https://exrx.net/WeightExercises/DeltoidAnterior/CBShoulderPress,Shoulders,"Deltoid, Anterior","Deltoid, Lateral; Supraspinatus; Triceps Brachii; Coracobrachialis; Trapezius, Middle; Trapezius, Lower; Serratus Anterior, Inferior Digitations","Triceps, Long Head","Trapezius, Upper; Levator Scapulae",
Dumbbell Arnold Press,https://exrx.net/WeightExercises/DeltoidAnterior/DBArnoldPress,Shoulders,"Deltoid, Anterior","Deltoid, Lateral; Supraspinatus; Triceps Brachii; Coracobrachialis; Trapezius, Middle; Trapezius, Lower; Serratus Anterior, Inferior Digitations","Triceps, Long Head","Trapezius, Upper; Levator Scapulae",
Dumbbell Front Raise,https://exrx.net/WeightExercises/DeltoidAnterior/DBFrontRaise,Shoulders,"Deltoid, Anterior","Pectoralis Major, Clavicular; Deltoid, Lateral; Coracobrachialis; Trapezius, Middle; Trapezius, Lower; Serratus Anterior, Inferior Digitations",,"Trapezius, Upper; Levator Scapulae; Wrist Extensors",
Dumbbell Alternating Front Raise,https://exrx.net/WeightExercises/DeltoidAnterior/DBAlternatingFrontRaise,Shoulders,"Deltoid, Anterior","Pectoralis Major, Clavicular; Deltoid, Lateral; Coracobrachialis; Trapezius, Middle; Trapezius, Lower; Serratus Anterior, Inferior Digitations",,"Trapezius, Upper; Levator Scapulae; Wrist Extensors",
Dumbbell Shoulder Press,https://exrx.net/WeightExercises/DeltoidAnterior/DBShoulderPress,Shoulders,"Deltoid, Anterior","Deltoid, Lateral; Supraspinatus; Triceps Brachii; Trapezius, Middle; Trapezius, Lower; Serratus Anterior, Inferior Digitations; Pectoralis Major, Clavicular; Coracobrachialis","Triceps, Long Head; Biceps Brachii","Trapezius, Upper; Levator Scapulae",
Dumbbell One Arm Shoulder Press,https://exrx.net/WeightExercises/DeltoidAnterior/DBOneArmShoulderPress,Shoulders,"Deltoid, Anterior","Deltoid, Lateral; Supraspinatus; Triceps Brachii; Trapezius, Middle; Trapezius, Lower; Serratus Anterior, Inferior Digitations; Pectoralis Major, Clavicular; Coracobrachialis; Obliques; Psoas major; Iliocastalis lumborum; Iliocastalis thoracis","Triceps, Long Head; Biceps Brachii","Trapezius, Upper; Levator Scapulae",
Lever Isolateral Military Press (plate loaded),https://exrx.net/WeightExercises/DeltoidAnterior/LVMilitaryPressH,Shoulders,"Deltoid, Anterior","Pectoralis Major, Clavicular; Triceps Brachii; Deltoid, Lateral; Coracobrachialis; Trapezius, Middle; Trapezius, Lower; Serratus Anterior, Inferior Digitations","Triceps, Long Head; Biceps Brachii","Trapezius, Upper; Levator Scapulae",
Lever Reclined Shoulder Press (plate loaded),https://exrx.net/WeightExercises/DeltoidAnterior/LVReclinedShoulderPressPL,Shoulders,"Deltoid, Anterior","Deltoid, Lateral; Supraspinatus; Triceps Brachii; Coracobrachialis; Trapezius, Middle; Trapezius, Lower; Serratus Anterior, Inferior Digitations","Triceps, Long Head; Biceps Brachii","Trapezius, Upper; Levator Scapulae",
Lever Isolateral Shoulder Press (plate loaded),https://exrx.net/WeightExercises/DeltoidAnterior/LVShoulderPressH,Shoulders,"Deltoid, Anterior","Pectoralis Major, Clavicular; Triceps Brachii; Deltoid, Lateral; Coracobrachialis; Trapezius, Middle; Trapezius, Lower; Serratus Anterior, Inferior Digitations","Triceps, Long Head; Biceps Brachii","Trapezius, Upper; Levator Scapulae",
Lever Reclined Shoulder Press,https://exrx.net/WeightExercises/DeltoidAnterior/LVReclinedShoulderPress,Shoulders,"Deltoid, Anterior","Deltoid, Lateral; Supraspinatus; Triceps Brachii; Coracobrachialis; Trapezius, Middle; Trapezius, Lower; Serratus Anterior, Inferior Digitations","Triceps, Long Head; Biceps Brachii","Trapezius, Upper; Levator Scapulae",
Lever Shoulder Press,https://exrx.net/WeightExercises/DeltoidAnterior/LVShoulderPress,Shoulders,"Deltoid, Anterior","Deltoid, Lateral; Supraspinatus; Pectoralis Major, Clavicular; Triceps Brachii; Coracobrachialis; Trapezius, Middle; Trapezius, Lower; Serratus Anterior, Inferior Digitations","Triceps, Long Head; Biceps Brachii","Trapezius, Upper; Levator Scapulae",
Lever Shoulder Press (parallel grip),https://exrx.net/WeightExercises/DeltoidAnterior/LVShoulderPressParGrip,Shoulders,"Deltoid, Anterior","Pectoralis Major, Clavicular; Triceps Brachii; Deltoid, Lateral; Coracobrachialis; Trapezius, Middle; Trapezius, Lower; Serratus Anterior, Inferior Digitations","Triceps, Long Head; Biceps Brachii","Trapezius, Upper; Levator Scapulae",
Sled Shoulder Press,https://exrx.net/WeightExercises/DeltoidAnterior/SLShoulderPress,Shoulders,"Deltoid, Anterior","Deltoid, Lateral; Supraspinatus; Pectoralis Major, Clavicular; Triceps Brachii; Coracobrachialis; Trapezius, Middle; Trapezius, Lower; Serratus Anterior, Inferior Digitations","Triceps, Long Head; Biceps Brachii","Trapezius, Upper; Levator Scapulae",
Smith Shoulder Press,https://exrx.net/WeightExercises/DeltoidAnterior/SMShoulderPress,Shoulders,"Deltoid, Anterior","Pectoralis Major, Clavicular; Triceps Brachii; Deltoid, Lateral; Coracobrachialis; Trapezius, Middle; Trapezius, Lower; Serratus Anterior, Inferior Digitations","Triceps, Long Head; Biceps Brachii","Trapezius, Upper; Levator Scapulae",
Pike Press (between benches),https://exrx.net/WeightExercises/DeltoidAnterior/BWPikePress,Shoulders,"Deltoid, Anterior","Pectoralis Major, Clavicular; Triceps Brachii; Deltoid, Lateral; Coracobrachialis; Trapezius, Middle; Trapezius, Lower; Serratus Anterior, Inferior Digitations",,"Trapezius, Upper; Levator Scapulae; Serratus Anterior; Quadriceps; Iliopsoas; Tensor Fasciae Latae; Sartorius; Rectus Abdominis; Obliques",
Elevated Pike Press (between benches),https://exrx.net/WeightExercises/DeltoidAnterior/BWDeclinePikePress,Shoulders,"Deltoid, Anterior","Pectoralis Major, Clavicular; Triceps Brachii; Deltoid, Lateral; Coracobrachialis; Trapezius, Middle; Trapezius, Lower; Serratus Anterior, Inferior Digitations",,"Trapezius, Upper; Levator Scapulae; Quadriceps; Iliopsoas; Tensor Fasciae Latae; Sartorius; Rectus Abdominis; Obliques",
Suspended Front Raise,https://exrx.net/WeightExercises/DeltoidAnterior/STFrontRaise,Shoulders,"Deltoid, Anterior","Pectoralis Major, Clavicular; Deltoid, Lateral; Coracobrachialis; Trapezius, Middle; Trapezius, Lower; Serratus Anterior, Inferior Digitations",,"Erector Spinae; Gluteus Maximus; Hamstrings; Trapezius, Upper; Levator Scapulae; Wrist Extensors",Rectus Abdominis; Obliques
Barbell Upright Row,https://exrx.net/WeightExercises/DeltoidLateral/BBUprightRow,Shoulders,"Deltoid, Lateral","Deltoid, Anterior; Supraspinatus; Brachialis; Brachioradialis; Biceps Brachii; Trapezius, Middle; Trapezius, Lower; Serratus Anterior, Inferior Digitations; Infraspinatus; Teres Minor",,"Trapezius, Upper; Levator Scapulae",
Cable Isolateral Lateral Raise,https://exrx.net/WeightExercises/DeltoidLateral/CBLateralRaise,Shoulders,"Deltoid, Lateral","Deltoid, Anterior; Supraspinatus; Trapezius, Middle; Trapezius, Lower; Serratus Anterior, Inferior Digitations",,"Trapezius, Upper; Levator Scapulae; Wrist Extensors",
Cable One Arm Lateral Raise,https://exrx.net/WeightExercises/DeltoidLateral/CBOneArmLateralRaise,Shoulders,"Deltoid, Lateral","Deltoid, Anterior; Supraspinatus; Trapezius, Middle; Trapezius, Lower; Serratus Anterior, Inferior Digitations",,"Trapezius, Upper; Levator Scapulae; Wrist Extensors",
Cable Upright Row,https://exrx.net/WeightExercises/DeltoidLateral/CBUprightRow,Shoulders,"Deltoid, Lateral","Deltoid, Anterior; Supraspinatus; Brachialis; Brachioradialis; Biceps Brachii; Trapezius, Middle; Trapezius, Lower; Serratus Anterior, Inferior Digitations; Infraspinatus; Teres Minor",,"Trapezius, Upper; Levator Scapulae",
Cable One Arm Upright Row,https://exrx.net/WeightExercises/DeltoidLateral/CBOneArmUprightRow,Shoulders,"Deltoid, Lateral","Deltoid, Anterior; Supraspinatus; Brachialis; Brachioradialis; Biceps Brachii; Trapezius, Middle; Trapezius, Lower; Serratus Anterior, Inferior Digitations; Infraspinatus; Teres Minor",,"Trapezius, Upper; Levator Scapulae",
Cable Upright Row (with rope attachment),https://exrx.net/WeightExercises/DeltoidLateral/CBUprightRowRope,Shoulders,"Deltoid, Lateral","Deltoid, Anterior; Supraspinatus; Brachialis; Brachioradialis; Biceps Brachii; Trapezius, Middle; Trapezius, Lower; Serratus Anterior, Inferior Digitations; Infraspinatus; Teres Minor",,"Trapezius, Upper; Levator Scapulae",
Cable Isolateral Y Raise,https://exrx.net/WeightExercises/DeltoidLateral/CBYRaise,Shoulders,"Deltoid, Lateral","Supraspinatus; Teres Minor; Infraspinatus; Trapezius, Lower; Trapezius, Middle; Serratus Anterior, Inferior Digitations; Deltoid, Anterior; Deltoid, Posterior; Coracobrachialis",,"Trapezius, Upper; Levator Scapulae; Wrist Extensors; Erector Spinae; Gluteus Maximus; Hamstrings",
Dumbbell Incline Lateral Raise,https://exrx.net/WeightExercises/DeltoidLateral/DBInclineLateralRaise,Shoulders,"Deltoid, Lateral","Deltoid, Posterior; Supraspinatus; Trapezius, Middle; Trapezius, Lower; Serratus Anterior, Inferior Digitations",,"Wrist Extensors; Trapezius, Upper; Levator Scapulae",
Dumbbell Lateral Raise,https://exrx.net/WeightExercises/DeltoidLateral/DBLateralRaise,Shoulders,"Deltoid, Lateral","Deltoid, Anterior; Supraspinatus; Trapezius, Middle; Trapezius, Lower; Serratus Anterior, Inferior Digitations",,"Trapezius, Upper; Levator Scapulae; Wrist Extensors",
Dumbbell Lying Lateral Raise,https://exrx.net/WeightExercises/DeltoidLateral/DBLyingLateralRaise,Shoulders,"Deltoid, Lateral","Deltoid, Posterior; Supraspinatus; Trapezius, Middle; Trapezius, Lower; Serratus Anterior,          Inferior Digitations",,"Wrist Extensors; Trapezius, Upper; Levator Scapulae",
Dumbbell Upright Row,https://exrx.net/WeightExercises/DeltoidLateral/DBUprightRow,Shoulders,"Deltoid, Lateral","Deltoid, Anterior; Supraspinatus; Brachialis; Brachioradialis; Biceps Brachii; Trapezius, Middle; Trapezius, Lower; Serratus Anterior, Inferior Digitations; Infraspinatus; Teres Minor",,"Trapezius, Upper; Levator Scapulae",
Dumbbell One Arm Upright Row,https://exrx.net/WeightExercises/DeltoidLateral/DBOneArmUprightRow,Shoulders,"Deltoid, Lateral","Deltoid, Anterior; Supraspinatus; Brachialis; Brachioradialis; Biceps Brachii; Trapezius, Middle; Trapezius, Lower; Serratus Anterior, Inferior Digitations; Infraspinatus; Teres Minor",,"Trapezius, Upper; Levator Scapulae",
Lever Isolateral Lateral Raise (plate loaded),https://exrx.net/WeightExercises/DeltoidLateral/LVLateralRaiseH,Shoulders,"Deltoid, Lateral","Deltoid, Anterior; Supraspinatus; Trapezius, Middle; Trapezius, Lower; Serratus Anterior, Inferior Digitations",,"Trapezius, Upper; Levator Scapulae",
Lever Isolateral Lateral Raise,https://exrx.net/WeightExercises/DeltoidLateral/LVLateralRaise,Shoulders,"Deltoid, Lateral","Deltoid, Anterior; Supraspinatus; Trapezius, Middle; Trapezius, Lower; Serratus Anterior, Inferior Digitations",,"Trapezius, Upper; Levator Scapulae",
Lever Isolateral Lateral Raise,https://exrx.net/WeightExercises/DeltoidLateral/LVLateralRaise2,Shoulders,"Deltoid, Lateral","Deltoid, Anterior; Supraspinatus; Trapezius, Middle; Trapezius, Lower; Serratus Anterior, Inferior Digitations",,"Trapezius, Upper; Levator Scapulae",
Smith Upright Row,https://exrx.net/WeightExercises/DeltoidLateral/SMUprightRow,Shoulders,"Deltoid, Lateral","Deltoid, Anterior; Supraspinatus; Brachialis; Brachioradialis; Biceps Brachii; Trapezius, Middle; Trapezius, Lower; Serratus Anterior,          Inferior Digitations; Infraspinatus; Teres Minor",,"Trapezius, Upper; Levator Scapulae",
Suspended Y Lateral Raise,https://exrx.net/WeightExercises/DeltoidLateral/STYShoulderRaise,Shoulders,"Deltoid, Lateral","Deltoid, Anterior; Supraspinatus; Trapezius, Lower; Trapezius, Middle; Serratus Anterior, Inferior Digitations; Teres Minor; Infraspinatus; Coracobrachialis",,"Erector Spinae; Gluteus Maximus; Hamstrings; Trapezius, Upper; Levator Scapulae; Wrist Extensors",Rectus Abdominis; Obliques
Barbell Rear Delt Row,https://exrx.net/WeightExercises/DeltoidPosterior/BBRearDeltRow,Shoulders,"Deltoid, Posterior","Infraspinatus; Teres Minor; Deltoid, Lateral; Trapezius, Middle; Trapezius, Lower; Rhomboids; Brachialis; Brachioradialis",Biceps Brachii,Erector Spinae; Hamstrings; Gluteus Maximus; Adductor Magnus; Quadriceps,
Cable Rear Delt Row,https://exrx.net/WeightExercises/DeltoidPosterior/CBRearDeltRow,Shoulders,"Deltoid, Posterior","Infraspinatus; Teres Minor; Deltoid, Lateral; Trapezius, Middle; Trapezius, Lower; Rhomboids; Brachialis; Brachioradialis",Biceps Brachii,Erector Spinae; Hamstrings; Gluteus Maximus; Adductor Magnus,
Cable Standing Rear Delt Row (with rope),https://exrx.net/WeightExercises/DeltoidPosterior/CBStandingRearDeltRowRope,Shoulders,"Deltoid, Posterior","Infraspinatus; Teres Minor; Deltoid, Lateral; Trapezius, Middle; Trapezius, Lower; Rhomboids; Brachialis; Brachioradialis",Biceps Brachii,Erector Spinae,
Cable Isolateral Standing Rear Delt Row,https://exrx.net/WeightExercises/DeltoidPosterior/CBStandingRearDeltRowStirrups,Shoulders,"Deltoid, Posterior","Infraspinatus; Teres Minor; Deltoid, Lateral; Trapezius, Middle; Trapezius, Lower; Rhomboids; Brachialis; Brachioradialis",Biceps Brachii,Erector Spinae,
Cable Isolateral Rear Lateral Raise,https://exrx.net/WeightExercises/DeltoidPosterior/CBRearLateralRaise,Shoulders,"Deltoid, Posterior","Deltoid, Lateral; Infraspinatus; Teres Minor; Trapezius, Middle; Trapezius, Lower; Rhomboids",,Triceps Brachii; Wrist Extensors; Erector Spinae; Hamstrings; Gluteus Maximus; Adductor Magnus; Quadriceps,
Cable Isolateral Reverse Fly,https://exrx.net/WeightExercises/DeltoidPosterior/CBStandingReverseFly,Shoulders,"Deltoid, Posterior","Deltoid, Lateral; Infraspinatus; Teres Minor; Trapezius, Middle; Trapezius, Lower; Rhomboids",,Triceps Brachii; Wrist Extensors; Erector Spinae,
Dumbbell Rear Delt Row,https://exrx.net/WeightExercises/DeltoidPosterior/DBRearDeltRow,Shoulders,"Deltoid, Posterior","Infraspinatus; Teres Minor; Deltoid, Lateral; Trapezius, Middle; Trapezius, Lower; Brachialis; Brachioradialis; Rhomboids",Biceps Brachii,Triceps Brachii (supporting arm); Obliques; Psoas major; Quadratus lumborum; Iliocastalis lumborum; Iliocastalis thoracis,
Dumbbell Rear Lateral Raise,https://exrx.net/WeightExercises/DeltoidPosterior/DBRearLateralRaise,Shoulders,"Deltoid, Posterior","Infraspinatus; Teres Minor; Deltoid, Lateral; Trapezius, Middle; Trapezius, Lower; Rhomboids",,Triceps Brachii; Wrist Extensors; Erector Spinae; Hamstrings; Gluteus Maximus; Adductor Magnus; Quadriceps,
Dumbbell Seated Rear Lateral Raise,https://exrx.net/WeightExercises/DeltoidPosterior/DBSeatedRearLateralRaise,Shoulders,"Deltoid, Posterior","Infraspinatus; Teres Minor; Deltoid, Lateral; Trapezius, Middle; Trapezius, Lower; Rhomboids",,Triceps Brachii,
Lever Isolateral Lying Rear Lateral Raise (plate loaded),https://exrx.net/WeightExercises/DeltoidPosterior/LVLyingRearLateralRaiseH,Shoulders,"Deltoid, Posterior","Infraspinatus; Teres Minor; Trapezius, Middle; Trapezius, Lower; Rhomboids",,No significant stabilizers,
Lever Isolateral Rear Delt Row (plate loaded),https://exrx.net/WeightExercises/DeltoidPosterior/LVRearDeltRowHammer,Shoulders,"Deltoid, Posterior","Infraspinatus; Teres Minor; Trapezius, Middle; Trapezius, Lower; Rhomboids; Brachialis; Brachioradialis",Biceps Brachii,"Deltoid, Lateral; Supraspinatus",
Lever Isolateral Rear Delt Row (plate loaded),https://exrx.net/WeightExercises/DeltoidPosterior/LVRearDeltRowC,Shoulders,"Deltoid, Posterior","Infraspinatus; Teres Minor; Trapezius, Middle; Trapezius, Lower; Rhomboids; Brachialis; Brachioradialis",Biceps Brachii,"Deltoid, Lateral",
Lever Isolateral Lying Rear Lateral Raise,https://exrx.net/WeightExercises/DeltoidPosterior/LVLyingRearLateralRaise,Shoulders,"Deltoid, Posterior","Infraspinatus; Teres Minor; Trapezius, Middle; Trapezius, Lower; Rhomboids",,No significant stabilizers,
Lever Seated Rear Delt Row,https://exrx.net/WeightExercises/DeltoidPosterior/LVRearDeltRow,Shoulders,"Deltoid, Posterior","Infraspinatus; Teres Minor; Trapezius, Middle; Trapezius, Lower; Rhomboids; Brachialis; Brachioradialis; Latissimus Dorsi",Biceps Brachii,"Deltoid, Lateral",
Lever Isolateral Seated Reverse Fly (parallel grip),https://exrx.net/WeightExercises/DeltoidPosterior/LVRearLateralRaise,Shoulders,"Deltoid, Posterior","Infraspinatus; Teres Minor; Deltoid, Lateral; Trapezius, Middle; Trapezius, Lower; Rhomboids",,Triceps Brachii; Wrist Extensors,
Lever Isolateral Seated Reverse Fly (pronated parallel grip),https://exrx.net/WeightExercises/DeltoidPosterior/LVReverseFlyPronated,Shoulders,"Deltoid, Posterior","Infraspinatus; Teres Minor; Deltoid, Lateral; Trapezius, Middle; Trapezius, Lower; Rhomboids",,Triceps Brachii; Wrist Extensors,
Smith Rear Delt Row,https://exrx.net/WeightExercises/DeltoidPosterior/SMRearDeltRow,Shoulders,"Deltoid, Posterior","Infraspinatus; Teres Minor; Deltoid, Lateral; Trapezius, Middle; Trapezius, Lower; Brachialis; Brachioradialis; Rhomboids",Biceps Brachii,Erector Spinae; Hamstrings; Gluteus Maximus; Adductor Magnus; Quadriceps,
Rear Delt Inverted Row (high bar),https://exrx.net/WeightExercises/DeltoidPosterior/BWRearDeltInvertedRowHigh,Shoulders,"Deltoid, Posterior","Infraspinatus; Teres Minor; Trapezius, Middle; Trapezius, Lower; Rhomboids; Brachialis; Brachioradialis",Biceps Brachii,"Erector Spinae; Hamstrings; Gluteus Maximus; Deltoid, Lateral",Rectus Abdominis; Obliques
Rear Delt Inverted Row (on hips),https://exrx.net/WeightExercises/DeltoidPosterior/BWRearDeltInvertedRowHips,Shoulders,"Deltoid, Posterior","Infraspinatus; Teres Minor; Trapezius, Middle; Trapezius, Lower; Rhomboids; Brachialis; Brachioradialis",Biceps Brachii,Erector Spinae,Rectus Abdominis; Obliques
Suspended Rear Delt Row,https://exrx.net/WeightExercises/DeltoidPosterior/STRearDeltRow,Shoulders,"Deltoid, Posterior","Infraspinatus; Teres Minor; Trapezius, Middle; Trapezius, Lower; Rhomboids; Brachialis; Brachioradialis",Biceps Brachii,"Erector Spinae; Hamstrings; Gluteus Maximus; Deltoid, Lateral",Rectus Abdominis; Obliques
Suspended Reverse Fly,https://exrx.net/WeightExercises/DeltoidPosterior/STReverseFly,Shoulders,"Deltoid, Posterior","Infraspinatus; Teres Minor; Trapezius, Middle; Trapezius, Lower; Rhomboids",,"Erector Spinae; Hamstrings; Gluteus Maximus; Deltoid, Lateral",Rectus Abdominis; Obliques
Cable Front Lateral Raise,https://exrx.net/WeightExercises/Supraspinatus/CBFrontLateralRaise,Shoulders,Supraspinatus,"Deltoid, Lateral; Deltoid, Anterior; Coracobrachialis; Trapezius, Middle; Trapezius, Lower; Serratus Anterior",,"Trapezius, Upper; Wrist Extensors",
Dumbbell Front Lateral Raise,https://exrx.net/WeightExercises/Supraspinatus/DBFrontLateralRaise,Shoulders,Supraspinatus,"Deltoid, Lateral; Deltoid, Anterior; Coracobrachialis; Trapezius, Middle; Trapezius, Lower; Serratus Anterior",,"Trapezius, Upper; Wrist Extensors",
Dumbbell Full Can Lateral Raise,https://exrx.net/WeightExercises/Supraspinatus/DBFullCanLateralRaise,Shoulders,Supraspinatus,"Deltoid, Lateral; Deltoid, Anterior; Coracobrachialis; Trapezius, Middle; Trapezius, Lower; Serratus Anterior",,"Trapezius, Upper; Wrist Extensors",
Barbell Lunge,https://exrx.net/WeightExercises/Quadriceps/BBLunge,Thighs,Quadriceps,Gluteus Maximus; Adductor Magnus; Soleus,Hamstrings; Gastrocnemius,Erector Spinae; Tibialis Anterior; Gluteus Medius; Gluteus Minimus; Quadratus        Lumborum; Obliques,
Barbell Rear Lunge,https://exrx.net/WeightExercises/Quadriceps/BBRearLunge,Thighs,Quadriceps,Gluteus Maximus; Adductor Magnus; Soleus,Hamstrings; Gastrocnemius,Erector Spinae; Gluteus Medius; Gluteus Minimus; Quadratus Lumborum; Obliques,
Barbell Single Leg Split Squat,https://exrx.net/WeightExercises/Quadriceps/BBSingleLegSplitSquat,Thighs,Quadriceps,Gluteus Maximus; Adductor Magnus; Soleus,Hamstrings; Gastrocnemius,Erector Spinae; Gluteus Medius; Gluteus Minimus,
Barbell Single Leg Squat,https://exrx.net/WeightExercises/Quadriceps/BBSingleLegSquat,Thighs,Quadriceps,Gluteus Maximus; Adductor Magnus; Soleus; Erector Spinae (see notes),Hamstrings; Gastrocnemius,Gluteus Medius; Gluteus Minimus; Quadratus Lumborum; Obliques; Rectus Abdominis,
Barbell Split Squat,https://exrx.net/WeightExercises/Quadriceps/BBSplitSquat,Thighs,Quadriceps,Gluteus Maximus; Adductor Magnus; Soleus,Hamstrings; Gastrocnemius,Erector Spinae; Gluteus Medius; Gluteus Minimus,
Barbell Squat,https://exrx.net/WeightExercises/Quadriceps/BBSquat,Thighs,Quadriceps,Gluteus Maximus; Adductor Magnus; Soleus,Hamstrings; Gastrocnemius,Erector Spinae,Rectus Abdominis; Obliques
Barbell Front Squat,https://exrx.net/WeightExercises/Quadriceps/BBFrontSquat,Thighs,Quadriceps,Gluteus Maximus; Adductor Magnus; Soleus,Hamstrings; Gastrocnemius,"Erector Spinae; Deltoid, Anterior; Deltoid, Lateral; Supraspinatus; Pectoralis Major, Clavicular; Coracobrachialis; Trapezius, Upper; Trapezius, Middle; Levator Scapulae; Trapezius, Lower; Serratus Anterior",Rectus Abdominis; Obliques
Trap Bar Squat,https://exrx.net/WeightExercises/Quadriceps/TBSquat,Thighs,Quadriceps,Gluteus Maximus; Adductor Magnus; Soleus,Hamstrings; Gastrocnemius,"Erector Spinae; Trapezius, Upper; Trapezius, Middle; Levator Scapulae; Rhomboids",Rectus Abdominis; Obliques
Barbell Step-up,https://exrx.net/WeightExercises/Quadriceps/BBStepUp,Thighs,Quadriceps,Gluteus Maximus; Adductor Magnus; Soleus; Gastrocnemius        (second leg),Hamstrings; Gastrocnemius        (first leg),Erector Spinae; Gluteus Medius; Gluteus Minimus; Quadratus        Lumborum; Obliques,Rectus Abdominis; Obliques
Cable Rear Lunge,https://exrx.net/WeightExercises/Quadriceps/CBRearLunge,Thighs,Quadriceps,Gluteus Maximus; Adductor Magnus; Soleus,Hamstrings; Gastrocnemius,"Erector Spinae; Trapezius, Upper; Trapezius, Lower; Levator Scapulae; Gluteus Medius; Gluteus Minimus; Quadratus Lumborum; Obliques",
Cable Split Squat,https://exrx.net/WeightExercises/Quadriceps/CBLungeTwoArm,Thighs,Quadriceps,Gluteus Maximus; Adductor Magnus; Soleus,Hamstrings; Gastrocnemius,"Trapezius, Upper; Trapezius, Middle; Levator Scapulae; Erector Spinae; Obliques",
Cable Squat,https://exrx.net/WeightExercises/Quadriceps/CBSquat,Thighs,Quadriceps,Gluteus Maximus; Adductor Magnus; Soleus,Hamstrings; Gastrocnemius,"Erector Spinae; Trapezius, Upper; Trapezius, Middle; Levator Scapulae",Rectus Abdominis; Obliques
Cable Step-down,https://exrx.net/WeightExercises/Quadriceps/CBSingleLegSquat,Thighs,Quadriceps,Gluteus Maximus; Adductor Magnus; Soleus,Hamstrings; Gastrocnemius,Gluteus Medius; Gluteus Minimus; Quadratus        Lumborum; Obliques,
Cable Step-up,https://exrx.net/WeightExercises/Quadriceps/CBStepUp,Thighs,Quadriceps,Gluteus Maximus; Adductor Magnus; Soleus; Gastrocnemius (second leg),Hamstrings; Gastrocnemius (first leg),"Erector Spinae; Trapezius, Upper; Trapezius, Middle; Levator Scapulae; Gluteus Medius; Gluteus Minimus; Quadratus Lumborum; Obliques",Rectus Abdominis
Dumbbell Lunge,https://exrx.net/WeightExercises/Quadriceps/DBLunge,Thighs,Quadriceps,Gluteus Maximus; Adductor Magnus; Soleus,Hamstrings; Gastrocnemius,"Erector Spinae; Trapezius, Upper; Trapezius, Lower; Levator Scapulae; Tibialis Anterior; Gluteus Medius; Gluteus Minimus; Quadratus        Lumborum; Obliques",
Dumbbell Rear Lunge,https://exrx.net/WeightExercises/Quadriceps/DBRearLunge,Thighs,Quadriceps,Gluteus Maximus; Adductor Magnus; Soleus,Hamstrings; Gastrocnemius,"Erector Spinae; Trapezius, Upper; Trapezius, Lower; Levator Scapulae; Gluteus Medius; Gluteus Minimus; Quadratus Lumborum; Obliques",
Dumbbell Split Squat,https://exrx.net/WeightExercises/Quadriceps/DBSplitSquat,Thighs,Quadriceps,Gluteus Maximus; Adductor Magnus; Soleus,Hamstrings; Gastrocnemius,Erector Spinae; Gluteus Medius; Gluteus Minimus,
Dumbbell Squat,https://exrx.net/WeightExercises/Quadriceps/DBSquat,Thighs,Quadriceps,Gluteus Maximus; Adductor Magnus; Soleus,Hamstrings; Gastrocnemius,"Erector Spinae; Trapezius, Upper; Trapezius, Middle; Levator Scapulae; Rhomboids",Rectus Abdominis; Obliques
Dumbbell Front Squat,https://exrx.net/WeightExercises/Quadriceps/DBFrontSquat,Thighs,Quadriceps,Gluteus Maximus; Adductor Magnus; Soleus,Hamstrings; Gastrocnemius,"Erector Spinae; Trapezius, Upper; Trapezius, Middle; Levator Scapulae",Rectus Abdominis; Obliques
Dumbbell Step-up,https://exrx.net/WeightExercises/Quadriceps/DBStepUp,Thighs,Quadriceps,Gluteus Maximus; Adductor Magnus; Soleus; Gastrocnemius (second leg),Hamstrings; Gastrocnemius (first leg),"Erector Spinae; Trapezius, Upper; Trapezius, Middle; Levator Scapulae; Gluteus Medius; Gluteus Minimus; Quadratus Lumborum; Obliques",Rectus Abdominis
Dumbbell Step-down,https://exrx.net/WeightExercises/Quadriceps/DBStepDown,Thighs,Quadriceps,Gluteus Maximus; Adductor Magnus; Soleus; Gastrocnemius        (following leg),Hamstrings; Gastrocnemius        (lead leg),Erector Spinae; Gluteus Medius; Gluteus Minimus; Quadratus        Lumborum; Obliques,Rectus Abdominis; Obliques
Lever 45° Leg Press (plate loaded),https://exrx.net/WeightExercises/Quadriceps/LV45LegPress,Thighs,Quadriceps,Gluteus Maximus; Adductor Magnus; Soleus,Hamstrings; Gastrocnemius,,
Lever Lying Leg Press (plate loaded),https://exrx.net/WeightExercises/Quadriceps/LVLyingLegPressH,Thighs,Quadriceps,Gluteus Maximus; Adductor Magnus; Soleus,Hamstrings; Gastrocnemius,,
Lever Seated Leg Press (plate loaded),https://exrx.net/WeightExercises/Quadriceps/LVSeatedLegPressH,Thighs,Quadriceps,Gluteus Maximus; Adductor Magnus; Soleus,Hamstrings; Gastrocnemius,,
Lever Single Leg Squat (plate loaded),https://exrx.net/WeightExercises/Quadriceps/LVSingleLegSquat,Thighs,Quadriceps,Gluteus Maximus; Adductor Magnus; Soleus,Hamstrings; Gastrocnemius,Erector Spinae; Gluteus Medius; Gluteus Minimus; Quadratus Lumborum; Obliques,
Lever Split Squat (plate loaded),https://exrx.net/WeightExercises/Quadriceps/LVSplitSquat,Thighs,Quadriceps,Gluteus Maximus; Adductor Magnus; Soleus,Hamstrings; Gastrocnemius,"Erector Spinae; Trapezius, Upper; Trapezius, Lower; Levator Scapulae; Gluteus Medius; Gluteus Minimus",
Lever Squat (plate loaded),https://exrx.net/WeightExercises/Quadriceps/LVSquatPL,Thighs,Quadriceps,Gluteus Maximus; Adductor Magnus; Soleus,Hamstrings; Gastrocnemius,"Erector Spinae; Trapezius, Upper; Trapezius, Middle; Levator Scapulae",Rectus Abdominis; Obliques
Lever Barbell Squat (plate loaded),https://exrx.net/WeightExercises/Quadriceps/LVBBSquat,Thighs,Quadriceps,Gluteus Maximus; Adductor Magnus; Soleus,Hamstrings; Gastrocnemius,Erector Spinae,Rectus Abdominis; Obliques
Lever Leg Extension,https://exrx.net/WeightExercises/Quadriceps/LVLegExtension,Thighs,Quadriceps,,,"Trapezius, Upper; Trapezius, Middle; Levator Scapulae; Brachioradialis; Brachialis; Biceps Brachii",
Lever Seated Leg Press,https://exrx.net/WeightExercises/Quadriceps/LVSeatedLegPress,Thighs,Quadriceps,Gluteus Maximus; Adductor Magnus; Soleus,Hamstrings; Gastrocnemius,,
Lever Squat,https://exrx.net/WeightExercises/Quadriceps/LVSquat,Thighs,Quadriceps,Gluteus Maximus; Adductor Magnus; Soleus,Hamstrings; Gastrocnemius,"Erector Spinae; Trapezius, Upper; Trapezius, Middle; Levator Scapulae",Rectus Abdominis; Obliques
Lever V-Squat,https://exrx.net/WeightExercises/Quadriceps/LVVSquat,Thighs,Quadriceps,Gluteus Maximus; Adductor Magnus; Soleus,Hamstrings; Gastrocnemius,,
Sled 45° Leg Press,https://exrx.net/WeightExercises/Quadriceps/SL45LegPress,Thighs,Quadriceps,Gluteus Maximus; Adductor Magnus; Soleus,Hamstrings; Gastrocnemius,,
Sled Lying Leg Press,https://exrx.net/WeightExercises/Quadriceps/SLLyingLegPress,Thighs,Quadriceps,Gluteus Maximus; Adductor Magnus; Soleus,Hamstrings; Gastrocnemius,,
Sled Seated Leg Press,https://exrx.net/WeightExercises/Quadriceps/SLSeatedLegPress,Thighs,Quadriceps,Gluteus Maximus; Adductor Magnus; Soleus,Hamstrings; Gastrocnemius,,
Sled Squat,https://exrx.net/WeightExercises/Quadriceps/SLSquat,Thighs,Quadriceps,Gluteus Maximus; Adductor Magnus; Soleus,Hamstrings; Gastrocnemius,"Erector Spinae; Trapezius, Upper; Trapezius, Middle; Levator Scapulae",Rectus Abdominis; Obliques
Sled Hack Squat,https://exrx.net/WeightExercises/Quadriceps/SLHackSquat,Thighs,Quadriceps,Gluteus Maximus; Adductor Magnus; Soleus,Hamstrings; Gastrocnemius,,
Smith Rear Lunge,https://exrx.net/WeightExercises/Quadriceps/SMRearLunge,Thighs,Quadriceps,Gluteus Maximus; Adductor Magnus; Soleus,Hamstrings; Gastrocnemius,Erector Spinae; Gluteus Medius; Gluteus Minimus; Quadratus Lumborum; Obliques,
Smith Squat,https://exrx.net/WeightExercises/Quadriceps/SMSquat,Thighs,Quadriceps,Gluteus Maximus; Adductor Magnus; Soleus,Hamstrings; Gastrocnemius,Erector Spinae,Rectus Abdominis; Obliques
Weighted Single Leg Squat,https://exrx.net/WeightExercises/Quadriceps/WTSingleLegSquat,Thighs,Quadriceps,Gluteus Maximus; Adductor Magnus; Soleus; Erector Spinae (see notes),Hamstrings; Gastrocnemius,Gluteus Medius; Gluteus Minimus; Quadratus Lumborum; Obliques; Rectus Abdominis,
Rear Lunge,https://exrx.net/WeightExercises/Quadriceps/BWRearLunge,Thighs,Quadriceps,Gluteus Maximus; Adductor Magnus; Soleus,Hamstrings; Gastrocnemius,Gluteus Medius; Gluteus Minimus; Quadratus Lumborum; Obliques,
Lunge,https://exrx.net/WeightExercises/Quadriceps/BWLunge,Thighs,Quadriceps,Gluteus Maximus; Adductor Magnus; Soleus,Hamstrings; Gastrocnemius,Tibialis Anterior; Gluteus Medius; Gluteus Minimus; Quadratus        Lumborum; Obliques,
Single Leg Squat (pistol),https://exrx.net/WeightExercises/Quadriceps/BWSingleLegSquat,Thighs,Quadriceps,Gluteus Maximus; Adductor Magnus; Soleus,Hamstrings; Gastrocnemius,Erector Spinae (see notes); Gluteus Medius; Gluteus Minimus; Quadratus Lumborum; Obliques,Rectus Abdominis; Obliques
Single Leg Box Squat (pistol),https://exrx.net/WeightExercises/Quadriceps/BWSingleLegBoxSquat,Thighs,Quadriceps,Gluteus Maximus; Adductor Magnus; Soleus,Hamstrings; Gastrocnemius,Erector Spinae; Gluteus Medius; Gluteus Minimus; Quadratus Lumborum; Obliques,Rectus Abdominis; Obliques
Split Squat,https://exrx.net/WeightExercises/Quadriceps/BWSplitSquat,Thighs,Quadriceps,Gluteus Maximus; Adductor Magnus; Soleus,Hamstrings; Gastrocnemius,Gluteus Medius; Gluteus Minimus,
Single Leg Split Squat,https://exrx.net/WeightExercises/Quadriceps/BWSingleLegSplitSquat,Thighs,Quadriceps,Gluteus Maximus; Adductor Magnus; Soleus,Hamstrings; Gastrocnemius,Gluteus Medius; Gluteus Minimus,
Squat,https://exrx.net/WeightExercises/Quadriceps/BWSquat,Thighs,Quadriceps,Gluteus Maximus; Adductor Magnus; Soleus,Hamstrings; Gastrocnemius,,
Step-up,https://exrx.net/WeightExercises/Quadriceps/BWStepUp,Thighs,Quadriceps,Gluteus Maximus; Adductor Magnus; Soleus; Gastrocnemius        (second leg),Hamstrings; Gastrocnemius        (first leg),"Erector Spinae; Trapezius, Upper; Trapezius, Middle; Levator Scapulae; Gluteus Medius; Gluteus Minimus; Quadratus        Lumborum; Obliques",Rectus Abdominis; Obliques
Step-down,https://exrx.net/WeightExercises/Quadriceps/BWStepDown,Thighs,Quadriceps,Gluteus Maximus; Adductor Magnus; Soleus; Gastrocnemius        (following leg),Hamstrings; Gastrocnemius        (lead leg),Erector Spinae; Gluteus Medius; Gluteus Minimus; Quadratus        Lumborum; Obliques,Rectus Abdominis; Obliques
Self-assisted Single Leg Squat (leg wrapped),https://exrx.net/WeightExercises/Quadriceps/ASSingleLegSquatSelfLeg,Thighs,Quadriceps,Gluteus Maximus; Adductor Magnus; Soleus,Hamstrings; Gastrocnemius,Erector Spinae; Gluteus Medius; Gluteus Minimus; Quadratus        Lumborum; Obliques; Rectus Abdominis,
Self-assisted Squat,https://exrx.net/WeightExercises/Quadriceps/ASSquatSelf,Thighs,Quadriceps,Gluteus Maximus; Adductor Magnus; Soleus,Hamstrings; Gastrocnemius,,
Self-assisted Step-down,https://exrx.net/WeightExercises/Quadriceps/ASStepDownSelf,Thighs,Quadriceps,Gluteus Maximus; Adductor Magnus; Soleus; Gastrocnemius        (following leg),Hamstrings; Gastrocnemius        (lead leg),Erector Spinae; Gluteus Medius; Gluteus Minimus; Quadratus        Lumborum; Obliques,Rectus Abdominis; Obliques
Suspended Single Leg Squat,https://exrx.net/WeightExercises/Quadriceps/STSingleLegSquat,Thighs,Quadriceps,Gluteus Maximus; Adductor Magnus; Soleus; Erector Spinae (see notes),Hamstrings; Gastrocnemius,"Gluteus Medius; Gluteus Minimus; Quadratus Lumborum; Obliques; Rectus Abdominis; Trapezius, Middle; Rhomboids",
Suspended Single Leg Split Squat,https://exrx.net/WeightExercises/Quadriceps/STSplitSquat,Thighs,Quadriceps,Gluteus Maximus; Adductor Magnus; Soleus,Hamstrings; Gastrocnemius,Gluteus Medius; Gluteus Minimus; Quadratus Lumborum; Obliques,
Machine Assisted Inverse Leg Curl (plate loaded),https://exrx.net/WeightExercises/Hamstrings/MAInverseLegCurlPL,Thighs,Hamstrings,Gastrocnemius; Gracilis; Sartorius; Popliteus,,,Tibialis Anterior
Barbell Glute-Ham Raise,https://exrx.net/WeightExercises/Hamstrings/BBGluteHamRaise,Thighs,Hamstrings,Gluteus Maximus; Adductor Magnus; Gastrocnemius; Sartorius; Gracilis; Popliteus,,Erector Spinae,Rectus Abdominis; Obliques; Tibialis Anterior
Barbell Good-morning,https://exrx.net/WeightExercises/Hamstrings/BBGoodMorning,Thighs,Hamstrings,Gluteus Maximus; Adductor Magnus,,Erector Spinae,Rectus Abdominis; Obliques
Barbell Hyperextension,https://exrx.net/WeightExercises/Hamstrings/BBHyperextension,Thighs,Hamstrings,Erector Spinae; Gluteus Maximus; Adductor Magnus,,"Latissimus Dorsi; Teres Major; Deltoid, Posterior; Triceps, Long Head; Brachialis; Brachioradialis; Biceps Brachii; Trapezius, Lower; Pectoralis Minor; Rhomboids",
Barbell 45° Hyperextension,https://exrx.net/WeightExercises/Hamstrings/BB45Hyperextension,Thighs,Hamstrings,Erector Spinae; Gluteus Maximus; Adductor Magnus,,"Latissimus Dorsi; Teres Major; Deltoid, Posterior; Triceps, Long Head; Brachialis; Brachioradialis; Biceps Brachii; Trapezius, Lower; Pectoralis Minor; Rhomboids",
Barbell Straight Leg Deadlift,https://exrx.net/WeightExercises/Hamstrings/BBStraightLegDeadlift,Thighs,Hamstrings,Erector Spinae; Gluteus Maximus; Adductor Magnus,,"Trapezius, Middle; Rhomboids; Latissimus Dorsi; Trapezius, Upper; Levator Scapulae; Trapezius, Lower",Rectus Abdominis; Obliques
Barbell Straight-back Straight-leg Deadlift,https://exrx.net/WeightExercises/Hamstrings/BBStrBackStrLegDeadlift,Thighs,Hamstrings,Gluteus Maximus; Adductor Magnus,,"Erector Spinae; Trapezius, Middle; Rhomboids; Trapezius, Upper; Levator Scapulae; Trapezius, Lower",Rectus Abdominis; Obliques
Cable Lying Leg Curl,https://exrx.net/WeightExercises/Hamstrings/CBLyingLegCurl,Thighs,Hamstrings,Gastrocnemius; Sartorius; Gracilis; Popliteus,,,Tibialis Anterior; Rectus Femoris
Cable Standing Leg Curl,https://exrx.net/WeightExercises/Hamstrings/CBStandingLegCurl,Thighs,Hamstrings,Gastrocnemius; Gracilis; Sartorius; Popliteus,,Gluteus Medius; Gluteus Minimus; Quadratus Lumborum; Obliques,Tibialis Anterior
Cable Straight-back Straight-leg Deadlift,https://exrx.net/WeightExercises/Hamstrings/CBStrBackStrLegDeadlift,Thighs,Hamstrings,Gluteus Maximus; Adductor Magnus,,"Erector Spinae; Trapezius, Middle; Rhomboids; Trapezius, Upper; Levator Scapulae; Trapezius, Lower",Rectus Abdominis; Obliques
Dumbbell Straight-back Straight-leg Deadlift,https://exrx.net/WeightExercises/Hamstrings/DBStrBackStrLegDeadlift,Thighs,Hamstrings,Gluteus Maximus; Adductor Magnus,,"Erector Spinae; Trapezius, Middle; Rhomboids; Trapezius, Upper; Levator Scapulae; Trapezius, Lower",Rectus Abdominis; Obliques
Lever Kneeling Leg Curl (plate loaded),https://exrx.net/WeightExercises/Hamstrings/LVKneelingLegCurlH,Thighs,Hamstrings,Gastrocnemius; Gracilis; Sartorius; Popliteus,,Gluteus Medius; Gluteus Maximus,Tibialis Anterior
Lever Isolateral Lying Leg Curl (plate loaded),https://exrx.net/WeightExercises/Hamstrings/LVLyingLegCurlH,Thighs,Hamstrings,Gastrocnemius; Sartorius; Gracilis; Popliteus,,,Tibialis Anterior; Rectus Femoris
Lever Seated Leg Curl (plate loaded),https://exrx.net/WeightExercises/Hamstrings/LVSeatedLegCurlH,Thighs,Hamstrings,Gastrocnemius; Gracilis; Sartorius; Popliteus,,,Tibialis Anterior
Lever Straight-back Straight-leg Deadlift (plate loaded),https://exrx.net/WeightExercises/Hamstrings/LVStrBackStrLegDeadlift,Thighs,Hamstrings,Gluteus Maximus; Adductor Magnus,,"Erector Spinae; Trapezius, Middle; Rhomboids; Trapezius, Upper; Levator Scapulae; Trapezius, Lower",Rectus Abdominis; Obliques
Lever Bent-over Leg Curl,https://exrx.net/WeightExercises/Hamstrings/LVBentOverLegCurl,Thighs,Hamstrings,Gastrocnemius; Sartorius; Gracilis,,Gluteus Medius; Gluteus Minimus,Tibialis Anterior
Lever Kneeling Leg Curl,https://exrx.net/WeightExercises/Hamstrings/LVKneelingLegCurl,Thighs,Hamstrings,Gastrocnemius; Gracilis; Sartorius; Popliteus,,Gluteus Medius; Gluteus Maximus,Tibialis Anterior
Lever Lying Leg Curl,https://exrx.net/WeightExercises/Hamstrings/LVLyingLegCurl,Thighs,Hamstrings,Gastrocnemius; Sartorius; Gracilis; Popliteus,,,Tibialis Anterior; Rectus Femoris
Lever Seated Leg Curl,https://exrx.net/WeightExercises/Hamstrings/LVSeatedLegCurl,Thighs,Hamstrings,Gastrocnemius; Gracilis; Sartorius; Popliteus,,,Tibialis Anterior
Lever Standing Leg Curl,https://exrx.net/WeightExercises/Hamstrings/LVStandingLegCurl,Thighs,Hamstrings,Gastrocnemius; Sartorius; Gracilis,,Gluteus Medius; Gluteus Minimus,Tibialis Anterior
Smith Good-morning,https://exrx.net/WeightExercises/Hamstrings/SMGoodMorning,Thighs,Hamstrings,Gluteus Maximus; Adductor Magnus,,Erector Spinae,Rectus Abdominis; Obliques
Smith Straight-back Straight-leg Deadlift,https://exrx.net/WeightExercises/Hamstrings/SMStrBackStrLegDeadlift,Thighs,Hamstrings,Gluteus Maximus; Adductor Magnus,,"Erector Spinae; Trapezius, Middle; Rhomboids; Trapezius, Upper; Levator Scapulae; Trapezius, Lower",Rectus Abdominis; Obliques
Weighted Glute-Ham Raise,https://exrx.net/WeightExercises/Hamstrings/WTGluteHamRaise,Thighs,Hamstrings,Gluteus Maximus; Adductor Magnus; Gastrocnemius; Gracilis; Sartorius; Popliteus,,Erector Spinae,Rectus Abdominis; Obliques; Tibialis Anterior
Weighted Hyperextension,https://exrx.net/WeightExercises/Hamstrings/WtHyperextension,Thighs,Hamstrings,Erector Spinae; Gluteus Maximus; Adductor Magnus,,See comments,
Weighted 45° Hyperextension,https://exrx.net/WeightExercises/Hamstrings/Wt45Hyperextension,Thighs,Hamstrings,Erector Spinae; Gluteus Maximus; Adductor Magnus,,See comments,
Romanian Deadlift,https://exrx.net/WeightExercises/OlympicLifts/RomanianDeadlift,Thighs,,,,,
Band-assisted Inverse Leg Curl,https://exrx.net/WeightExercises/Hamstrings/ASInverseLegCurlBands,Thighs,Hamstrings,Gastrocnemius; Gracilis; Sartorius; Popliteus,,Gluteus Maximus; Adductor Magnus; Erector Spinae,Rectus Abdominis; Obliques; Rectus Femoris; Tibialis Anterior
Glute-Ham Raise (hands behind neck),https://exrx.net/WeightExercises/Hamstrings/BWGluteHamRaiseHead,Thighs,Hamstrings,Gluteus Maximus; Adductor Magnus; Gastrocnemius; Gracilis; Sartorius; Popliteus,,Erector Spinae,Rectus Abdominis; Obliques; Tibialis Anterior
Glute-Ham Raise (hands behind hips),https://exrx.net/WeightExercises/Hamstrings/BWGluteHamRaiseHips,Thighs,Hamstrings,Gluteus Maximus; Adductor Magnus; Gastrocnemius; Gracilis; Sartorius; Popliteus,,Erector Spinae,Rectus Abdominis; Obliques; Tibialis Anterior
45° Hyperextension (hands behind hips),https://exrx.net/WeightExercises/Hamstrings/BW45HyperextensionHips,Thighs,Hamstrings,Erector Spinae; Gluteus Maximus; Adductor Magnus,,No significant stabilizers,
45° Hyperextension (arms crossed),https://exrx.net/WeightExercises/Hamstrings/BW45HyperextensionArmsCrossed,Thighs,Hamstrings,Erector Spinae; Gluteus Maximus; Adductor Magnus,,No significant stabilizers,
45° Hyperextension (arms up),https://exrx.net/WeightExercises/Hamstrings/BW45HyperextensionArmsUp,Thighs,Hamstrings,Erector Spinae; Gluteus Maximus; Adductor Magnus,,No significant stabilizers,
45° Hyperextension (hands behind neck),https://exrx.net/WeightExercises/Hamstrings/BW45HyperextensionNeck,Thighs,Hamstrings,Erector Spinae; Gluteus Maximus; Adductor Magnus,,No significant stabilizers,
Single Leg Hanging Hamstring Bridge,https://exrx.net/WeightExercises/Hamstrings/BWSingleLegHangingHamstringBridge,Thighs,Erector Spinae,"Hamstrings; Gluteus Maximus; Adductor Magnus; Latissimus Dorsi; Pectoralis Major, Sternal; Triceps, Long Head; Teres Major; Deltoid, Posterior; Rhomboids; Levator Scapulae; Pectoralis Minor",,"Trapezius, Middle; Trapezius, Lower; Rhomboids",
Single Leg 45° Hyperextension (hands behind hips),https://exrx.net/WeightExercises/Hamstrings/BWSingleLeg45Hyperextension,Thighs,Hamstrings,Erector Spinae; Gluteus Maximus; Adductor Magnus,,,
Straight Hip Leg Curl (on stability ball),https://exrx.net/WeightExercises/Hamstrings/BWBallStraightHipLegCurl,Thighs,Hamstrings,Gastrocnemius; Sartorius; Gracilis; Popliteus,,Gluteus Maximus; Erector Spinae,Tibialis Anterior; Rectus Abdominis; Obliques
Self-assisted Inverse Leg Curl,https://exrx.net/WeightExercises/Hamstrings/ASHamstringRaiseSelf,Thighs,Hamstrings,"Gastrocnemius; Gracilis; Sartorius; Popliteus; Pectoralis Major, Sternal; Pectoralis Major, Clavicular; Deltoid, Anterior; Triceps Brachii; Coracobrachialis; Wrist Flexors",,Gluteus Maximus; Adductor Magnus; Erector Spinae,Rectus Abdominis; Obliques; Rectus Femoris; Tibialis Anterior
Suspended Hanging Leg Curl,https://exrx.net/WeightExercises/Hamstrings/STHangingLegCurl,Thighs,Hamstrings,Gastrocnemius; Sartorius; Gracilis; Popliteus,Rectus Femoris,"Gluteus Maximus; Erector Spinae; Trapezius, Middle; Trapezius, Lower; Rhomboids",Tibialis Anterior; Rectus Abdominis; Obliques
Suspended Hanging Straight Hip Leg Curl,https://exrx.net/WeightExercises/Hamstrings/STHangingStraightHipLegCurl,Thighs,Hamstrings,Gastrocnemius; Sartorius; Gracilis; Popliteus,,"Gluteus Maximus; Erector Spinae; Trapezius, Middle; Trapezius, Lower; Rhomboids",Tibialis Anterior; Rectus Abdominis; Obliques
Suspended Leg Curl,https://exrx.net/WeightExercises/Hamstrings/STLegCurl,Thighs,Hamstrings,Gastrocnemius; Sartorius; Gracilis; Popliteus,,Gluteus Maximus; Erector Spinae,Tibialis Anterior; Rectus Abdominis; Obliques
Suspended Straight Hip Leg Curl,https://exrx.net/WeightExercises/Hamstrings/STStraightHipLegCurl,Thighs,Hamstrings,Gastrocnemius; Sartorius; Gracilis; Popliteus,,Gluteus Maximus; Erector Spinae,Tibialis Anterior; Rectus Abdominis; Obliques
Cable Hip Adduction,https://exrx.net/WeightExercises/HipAdductors/CBHipAdduction,Thighs,"Adductors, Hip","Pectineus; Gracilis; Gluteus Maximus,          Lower Fibers",,"Adductors, Hip          (opposite)",
Lever Seated Hip Adduction (plate loaded),https://exrx.net/WeightExercises/HipAdductors/LVSeatedHipAdductionH,Thighs,"Adductors, Hip",Pectineus; Gracilis,,No significant stabilizers,
Lever Seated Hip Adduction,https://exrx.net/WeightExercises/HipAdductors/LVSeatedHipAdduction,Thighs,"Adductors, Hip",Pectineus; Gracilis,,No significant stabilizers,
Lever Standing Hip Adduction,https://exrx.net/WeightExercises/HipAdductors/LVStandHipAdduction,Thighs,"Adductors, Hip","Pectineus; Gracilis; Gluteus Maximus,          Lower Fibers",,"Adductors, Hip          (opposite)",
Weighted Lying Hip Adduction,https://exrx.net/WeightExercises/HipAdductors/WTLyingHipAdduction,Thighs,"Adductors, Hip","Pectineus; Gracilis; Gluteus Maximus,          Lower Fibers",,"Adductors, Hip          (opposite)",
Cable Neck Flexion,https://exrx.net/WeightExercises/Sternocleidomastoid/CBNeckFlx,Neck,Sternocleidomastoid,,,Rectus Abdominis; Obliques,
Lever Neck Flexion (plate loaded),https://exrx.net/WeightExercises/Sternocleidomastoid/LVNeckFlexionH,Neck,Sternocleidomastoid,,,"Latissimus Dorsi; Deltoid, Posterior; Rhomboids; Trapezius, Middle; Trapezius, Lower; Triceps Brachii; Rectus Abdominis; Obliques",
Lever Lateral Neck Flexion (plate loaded),https://exrx.net/WeightExercises/Sternocleidomastoid/LVLateralNeckFlexionH,Neck,Sternocleidomastoid,"Splenius; Erector Spinae; Levator Scapulae; Trapezius, Upper",,"Latissimus Dorsi; Pectoralis Major, Sternal; Pectoralis Major, Clavicular; Coracobrachialis; Pectoralis Minor",
Lever Neck Flexion,https://exrx.net/WeightExercises/Sternocleidomastoid/LVNeckFlx,Neck,Sternocleidomastoid,,,"Latissimus Dorsi; Deltoid, Posterior; Rhomboids; Trapezius, Middle; Trapezius, Lower; Triceps Brachii; Rectus Abdominis; Obliques",
Lever Lateral Neck Flexion,https://exrx.net/WeightExercises/Sternocleidomastoid/LVNeckLtrFlx,Neck,Sternocleidomastoid,"Splenius; Erector Spinae; Levator Scapulae; Trapezius, Upper",,"Latissimus Dorsi; Pectoralis Major, Sternal; Pectoralis Major, Clavicular; Coracobrachialis; Pectoralis Minor",
Weighted Neck Flexion,https://exrx.net/WeightExercises/Sternocleidomastoid/WtNeckFlx,Neck,Sternocleidomastoid,,,Rectus Abdominis; Obliques,
Weighted Lateral Neck Flexion,https://exrx.net/WeightExercises/Sternocleidomastoid/WtNeckLateralFlex,Neck,Sternocleidomastoid,"Splenius; Erector Spinae; Levator Scapulae; Trapezius, Upper",,,
Wall Front Neck Bridge,https://exrx.net/WeightExercises/Sternocleidomastoid/BWWallFrontNeckBridge,Neck,Sternocleidomastoid,"Splenius; Trapezius, Upper; Levator Scapulae; Erector Spinae, Cervicis & Capitis Fibers",,Rectus Abdominis; Obliques; Quadriceps,Erector Spinae
Wall Side Neck Bridge,https://exrx.net/WeightExercises/Sternocleidomastoid/BWWallSideNeckBridge,Neck,Sternocleidomastoid,"Splenius; Trapezius, Upper; Levator Scapulae; Erector Spinae, Cervicis & Capitis Fibers",,Gluteus Medius; Gluteus Minimus,
Suspended Neck Flexion,https://exrx.net/WeightExercises/Sternocleidomastoid/STNeckFlexion,Neck,Sternocleidomastoid,,,Rectus Abdominis; Obliques; Quadriceps,Erector Spinae
Suspended Lateral Neck Flexion,https://exrx.net/WeightExercises/Sternocleidomastoid/STNeckLateralFlexion,Neck,Sternocleidomastoid,"Splenius; Erector Spinae; Levator Scapulae; Trapezius, Upper",,,
Cable Neck Extension,https://exrx.net/WeightExercises/Splenius/CBNeckExt,Neck,Splenius,"Trapezius, Upper; Levator Scapulae; Erector Spinae, Cervicis & Capitis Fibers; Sternocleidomastoid, Posterior Fibers",,"Pectoralis Major, Sternal; Pectoralis Major, Clavicular; Pectoralis Minor; Latissimus Dorsi; Rhomboids; Triceps Brachii; Coracobrachialis",
Lever Neck Extension (plate loaded),https://exrx.net/WeightExercises/Splenius/LVNeckExtentionH,Neck,Splenius,"Trapezius, Upper; Levator Scapulae; Erector Spinae, Cervicis & Capitis Fibers; Sternocleidomastoid, Posterior Fibers",,"Pectoralis Major, Sternal; Pectoralis Major, Clavicular; Pectoralis Minor; Serratus Anterior; Deltoid, Anterior; Triceps Brachii; Coracobrachialis",
Lever Neck Extension,https://exrx.net/WeightExercises/Splenius/LVNeckExt,Neck,Splenius,"Trapezius, Upper; Levator Scapulae; Erector Spinae, Cervicis & Capitis Fibers; Sternocleidomastoid, Posterior Fibers",,"Pectoralis Major, Sternal; Pectoralis Major, Clavicular; Pectoralis Minor; Serratus Anterior; Deltoid, Anterior; Triceps Brachii; Coracobrachialis",
Weighted Seated Neck Extension,https://exrx.net/WeightExercises/Splenius/WtNeckExt,Neck,Splenius,"Trapezius, Upper; Levator Scapulae; Erector Spinae,        Cervicis & Capitis Fibers; Sternocleidomastoid,        Posterior Fibers",,No significant stabilizers,
Weighted Neck Harness Extension,https://exrx.net/WeightExercises/Splenius/WtNeckHarnessExt,Neck,Splenius,"Trapezius, Upper; Levator Scapulae; Erector Spinae,        Cervicis & Capitis Fibers; Sternocleidomastoid,        Posterior Fibers",,No significant stabilizers,
Band Resistive Neck Retraction,https://exrx.net/WeightExercises/Splenius/BRNeckRetraction,Neck,Splenius,,,"Trapezius, Upper; Levator Scapulae; Erector Spinae, Cervicis & Capitis Fibers; Longus capitis; Longus colli; Rectus capitus",
Wall Rear Neck Bridge,https://exrx.net/WeightExercises/Splenius/BWWallRearNeckBridge,Neck,Splenius,"Trapezius, Upper; Levator Scapulae; Sternocleidomastoid,          Posterior Fibers; Erector Spinae; Quadriceps",,Gluteus Maximus,
Lying Neck Retraction Isometric,https://exrx.net/WeightExercises/Splenius/LyingIsometricNeckRetr,Neck,Splenius,,,"Trapezius, Upper; Levator Scapulae; Erector Spinae, Cervicis & Capitis Fibers; Longus capitis; Longus colli; Rectus capitus",
Suspended Neck Extension,https://exrx.net/WeightExercises/Splenius/STNeckExtension,Neck,Splenius,"Trapezius, Upper; Levator Scapulae; Sternocleidomastoid, Posterior Fibers",,Erector Spinae; Gluteus Maximus; Hamstrings,Rectus Abdominis; Obliques
