exercise_name,exercise_url,Target,Synergists,Dynamic Stabilizers,Stabilizers,Antagonist Stabilizers,Antagonist      Stabilizers,Dynamic      Stabilizers,Stabilizers (Raised Leg),Stabilizers (Raised Arms),Stabilizers (see comments),Stabilizers (raised leg),Target (see comments),Stabilizers (near arm),Stabilizers (far arm),Synergists (Neck),Synergists / Stabilizers (Spine),Stabilizers (Other),Synergists (Spine),Synergists / Stabilizers (Hips),Target (see comments),Target(See Comments),Synergists (see comments),Target (See Comments),Stabilizers (raised arms),Antagonist Stabilizers (see comment),​​​​​​​Stabilizers,Stabilizers (see comments),Antagonist Stabilizers (see comments)
Barbell Bent Knee Good-morning,https://exrx.net/WeightExercises/GluteusMaximus/BBBentKneeGoodMorning,Gluteus Maximus,Adductor Magnus; Hamstrings,,Erector Spinae; Quadriceps,,Rectus Abdominis; Obliques,,,,,,,,,,,,,,,,,,,,,,
Barbell Deadlift,https://exrx.net/WeightExercises/GluteusMaximus/BBDeadlift,Gluteus Maximus,Quadriceps; Adductor Magnus; Hamstrings (top half); Soleus,Hamstrings (bottom half); Gastrocnemius,"Erector Spinae; Trapezius, Middle; Trapezius, Upper; Levator Scapulae; Rhomboids",Rectus Abdominis; Obliques,,,,,,,,,,,,,,,,,,,,,,,
Barbell Stiff Leg Deadlift,https://exrx.net/WeightExercises/GluteusMaximus/BBStiffLegDeadlift,Gluteus Maximus,Erector Spinae; Adductor Magnus; Hamstrings,,"Quadriceps; Trapezius, Middle; Rhomboids; Latissimus Dorsi; Trapezius, Upper; Levator Scapulae; Trapezius, Lower",Rectus Abdominis; Obliques,,,,,,,,,,,,,,,,,,,,,,,
Barbell Straight-back Stiff-leg Deadlift,https://exrx.net/WeightExercises/GluteusMaximus/BBStrBackStiffLegDeadlift,Gluteus Maximus,Hamstrings; Adductor Magnus,,"Erector Spinae; Quadriceps; Trapezius, Middle; Rhomboids; Latissimus Dorsi; Trapezius, Upper; Levator Scapulae; Trapezius, Lower",,Rectus Abdominis; Obliques,,,,,,,,,,,,,,,,,,,,,,
Barbell Hip Thrust,https://exrx.net/WeightExercises/GluteusMaximus/BBHipThrust,Gluteus Maximus,Quadriceps,Hamstrings,Erector Spinae,Rectus Abdominis; Obliques,,,,,,,,,,,,,,,,,,,,,,,
Barbell Lunge,https://exrx.net/WeightExercises/GluteusMaximus/BBLunge,Gluteus Maximus,Quadriceps; Adductor Magnus; Soleus,,Erector Spinae; Tibialis Anterior; Gluteus Medius; Gluteus Minimus; Quadratus        Lumborum; Obliques,,,Hamstrings; Gastrocnemius,,,,,,,,,,,,,,,,,,,,,
Barbell Rear Lunge,https://exrx.net/WeightExercises/GluteusMaximus/BBRearLunge,Gluteus Maximus,Quadriceps; Adductor Magnus; Soleus,Hamstrings; Gastrocnemius,Erector Spinae; Gluteus Medius; Gluteus Minimus; Quadratus Lumborum; Obliques,,,,,,,,,,,,,,,,,,,,,,,,
Barbell Single Leg Split Squat,https://exrx.net/WeightExercises/GluteusMaximus/BBSingleLegSplitSquat,Gluteus Maximus,Quadriceps; Adductor Magnus; Soleus,,Erector Spinae; Gluteus Medius; Gluteus Minimus,,,Hamstrings; Gastrocnemius,,,,,,,,,,,,,,,,,,,,,
Barbell Single Leg Squat,https://exrx.net/WeightExercises/GluteusMaximus/BBSingleLegSquat,Gluteus Maximus,Quadriceps; Adductor Magnus; Soleus; Erector Spinae (see notes),Hamstrings; Gastrocnemius,Gluteus Medius; Gluteus Minimus; Quadratus Lumborum; Obliques; Rectus Abdominis,,,,Iliopsoas; Tensor Fasciae Latae; Pectineus; Sartorius; Quadriceps,"Deltoid, Anterior; Pectoralis Major, Clavicular; Deltoid, Lateral; Trapezius, Upper; Trapezius, Middle; Trapezius, Lower; Serratus Anterior, Inferior Digitations; Levator Scapulae; Wrist Extensors",,,,,,,,,,,,,,,,,,,
Barbell Split Squat,https://exrx.net/WeightExercises/GluteusMaximus/BBSplitSquat,Gluteus Maximus,Quadriceps; Adductor Magnus; Soleus,Hamstrings; Gastrocnemius,Erector Spinae; Gluteus Medius; Gluteus Minimus,,,,,,,,,,,,,,,,,,,,,,,,
Barbell Squat (low bar),https://exrx.net/WeightExercises/GluteusMaximus/BBSquat,Gluteus Maximus,Quadriceps; Adductor Magnus; Soleus,,Erector Spinae,,Rectus Abdominis; Obliques,Hamstrings; Gastrocnemius,,,,,,,,,,,,,,,,,,,,,
Barbell Front Squat,https://exrx.net/WeightExercises/GluteusMaximus/BBFrontSquat,Gluteus Maximus,Quadriceps; Adductor Magnus; Soleus,Hamstrings; Gastrocnemius,"Erector Spinae; Deltoid, Anterior; Deltoid, Lateral; Supraspinatus; Pectoralis Major, Clavicular; Trapezius, Upper; Trapezius, Middle; Levator Scapulae; Trapezius, Lower; Serratus Anterior",Rectus Abdominis; Obliques,,,,,,,,,,,,,,,,,,,,,,,
Safety Barbell Squat,https://exrx.net/WeightExercises/GluteusMaximus/SBSquat,Gluteus Maximus,Quadriceps; Adductor Magnus; Soleus,,Erector Spinae,,Rectus Abdominis; Obliques,Hamstrings; Gastrocnemius,,,,,,,,,,,,,,,,,,,,,
Barbell Step-up,https://exrx.net/WeightExercises/GluteusMaximus/BBStepUp,Gluteus Maximus,Quadriceps; Adductor Magnus; Soleus; Gastrocnemius (Second Leg),Hamstrings; Gastrocnemius (First Leg),Erector Spinae; Gluteus Medius; Gluteus Minimus; Quadratus Lumborum; Obliques,Rectus Abdominis; Obliques,,,,,,,,,,,,,,,,,,,,,,,
Cable Glute Kickback,https://exrx.net/WeightExercises/GluteusMaximus/CBGluteKickback,Gluteus Maximus,Adductor Magnus,,Obliques; Erector Spinae; Quadratus Lumborum; Gluteus Medius; Gluteus Minimus,,,,,,,,,,,,,,,,,,,,,,,,
Cable Rear Lunge,https://exrx.net/WeightExercises/GluteusMaximus/CBRearLunge,Gluteus Maximus,Quadriceps; Adductor Magnus; Soleus,Hamstrings; Gastrocnemius,"Erector Spinae; Trapezius, Upper; Trapezius, Lower; Levator Scapulae; Gluteus Medius; Gluteus Minimus; Quadratus Lumborum; Obliques",,,,,,,,,,,,,,,,,,,,,,,,
Cable Split Squat,https://exrx.net/WeightExercises/GluteusMaximus/CBLungeTwoArm,Gluteus Maximus,Quadriceps; Adductor Magnus; Soleus,Hamstrings; Gastrocnemius,"Trapezius, Upper; Trapezius, Middle; Levator Scapulae; Erector Spinae; Obliques",,,,,,,,,,,,,,,,,,,,,,,,
Cable Squat,https://exrx.net/WeightExercises/GluteusMaximus/CBSquat,Gluteus Maximus,Quadriceps; Adductor Magnus; Soleus,,"Erector Spinae; Trapezius, Upper; Trapezius, Middle; Levator Scapulae",,Rectus Abdominis; Obliques,Hamstrings; Gastrocnemius,,,,,,,,,,,,,,,,,,,,,
Cable Standing Hip Extension,https://exrx.net/WeightExercises/GluteusMaximus/CBStandingHipExtension,Gluteus Maximus,Hamstrings,,Erector Spinae; Obliques; Quadratus Lumborum; Gluteus Medius; Gluteus Minimus,Rectus Abdominis,,,,,,,,,,,,,,,,,,,,,,,
Cable Bent-over Hip Extension,https://exrx.net/WeightExercises/GluteusMaximus/CBBentOverHipExtension,Gluteus Maximus,Hamstrings,,Obliques; Erector Spinae; Quadratus Lumborum; Gluteus Medius; Gluteus Minimus,,,,,,,,,,,,,,,,,,,,,,,,
Cable Step-up,https://exrx.net/WeightExercises/GluteusMaximus/CBStepUp,Gluteus Maximus,Quadriceps; Adductor Magnus; Soleus; Gastrocnemius        (Second Leg),,"Erector Spinae; Trapezius, Upper; Trapezius, Middle; Levator Scapulae; Gluteus Medius; Gluteus Minimus; Quadratus        Lumborum; Obliques",,Rectus Abdominis; Obliques,Hamstrings; Gastrocnemius        (First Leg),,,,,,,,,,,,,,,,,,,,,
Cable Stiff Leg Deadlift,https://exrx.net/WeightExercises/GluteusMaximus/CBStiffLegDeadlift,Gluteus Maximus,Erector Spinae; Adductor Magnus; Hamstrings,,"Quadriceps; Trapezius, Middle; Rhomboids; Latissimus Dorsi; Trapezius, Upper; Levator Scapulae; Trapezius, Lower",,Rectus Abdominis; Obliques,,,,,,,,,,,,,,,,,,,,,,
Cable Straight-back Stiff-leg Deadlift,https://exrx.net/WeightExercises/GluteusMaximus/CBStrBackStiffLegDeadlift,Gluteus Maximus,Hamstrings; Adductor Magnus,,"Erector Spinae; Quadriceps; Trapezius, Middle; Rhomboids; Latissimus Dorsi; Trapezius, Upper; Levator Scapulae; Trapezius, Lower",,Rectus Abdominis; Obliques,,,,,,,,,,,,,,,,,,,,,,
Dumbbell Lunge,https://exrx.net/WeightExercises/GluteusMaximus/DBLunge,Gluteus Maximus,Quadriceps; Adductor Magnus; Soleus,Hamstrings; Gastrocnemius,"Erector Spinae; Trapezius, Upper; Trapezius, Middle; Levator Scapulae; Tibialis Anterior; Gluteus Medius; Gluteus Minimus; Quadratus Lumborum; Obliques",,,,,,,,,,,,,,,,,,,,,,,,
Dumbbell Rear Lunge,https://exrx.net/WeightExercises/GluteusMaximus/DBRearLunge,Gluteus Maximus,Quadriceps; Adductor Magnus; Soleus,Hamstrings; Gastrocnemius,"Erector Spinae; Trapezius, Upper; Trapezius, Lower; Levator Scapulae; Gluteus Medius; Gluteus Minimus; Quadratus Lumborum; Obliques",,,,,,,,,,,,,,,,,,,,,,,,
Dumbbell Split Squat,https://exrx.net/WeightExercises/GluteusMaximus/DBSplitSquat,Gluteus Maximus,Quadriceps; Adductor Magnus; Soleus,Hamstrings; Gastrocnemius,Erector Spinae; Gluteus Medius; Gluteus Minimus,,,,,,,,,,,,,,,,,,,,,,,,
Dumbbell Squat,https://exrx.net/WeightExercises/GluteusMaximus/DBSquat,Gluteus Maximus,Quadriceps; Adductor Magnus; Soleus,Hamstrings; Gastrocnemius,"Erector Spinae; Trapezius, Upper; Trapezius, Middle; Levator Scapulae; Rhomboids",Rectus Abdominis; Obliques,,,,,,,,,,,,,,,,,,,,,,,
Dumbbell Front Squat,https://exrx.net/WeightExercises/GluteusMaximus/DBFrontSquat,Gluteus Maximus,Quadriceps; Adductor Magnus; Soleus,,"Erector Spinae; Trapezius, Upper; Trapezius, Middle; Levator Scapulae",,Rectus Abdominis; Obliques,Hamstrings; Gastrocnemius,,,,,,,,,,,,,,,,,,,,,
Dumbbell Step-up,https://exrx.net/WeightExercises/GluteusMaximus/DBStepUp,Gluteus Maximus,Quadriceps; Adductor Magnus; Soleus; Gastrocnemius        (Second Leg),,"Erector Spinae; Trapezius, Upper; Trapezius, Middle; Levator Scapulae; Gluteus Medius; Gluteus Minimus; Quadratus        Lumborum; Obliques",,Rectus Abdominis; Obliques,Hamstrings; Gastrocnemius        (First Leg),,,,,,,,,,,,,,,,,,,,,
Dumbbell Step Down,https://exrx.net/WeightExercises/GluteusMaximus/DBStepDown,Gluteus Maximus,Quadriceps; Adductor Magnus; Soleus; Gastrocnemius (Following Leg),Hamstrings; Gastrocnemius (Lead Leg),Erector Spinae; Gluteus Medius; Gluteus Minimus; Quadratus Lumborum; Obliques,Rectus Abdominis,,,,,,,,,,,,,,,,,,,,,,,
Lever Deadlift (plate loaded),https://exrx.net/WeightExercises/GluteusMaximus/LVDeadlift,Gluteus Maximus,Quadriceps; Adductor Magnus; Soleus,Hamstrings; Gastrocnemius,"Erector Spinae; Trapezius, Middle; Trapezius, Upper; Levator Scapulae; Rhomboids",Rectus Abdominis; Obliques,,,,,,,,,,,,,,,,,,,,,,,
Lever Stiff Leg Deadlift (plate loaded),https://exrx.net/WeightExercises/GluteusMaximus/LVStiffLegDeadlift,Gluteus Maximus,Erector Spinae; Adductor Magnus; Hamstrings,,"Quadriceps; Trapezius, Middle; Rhomboids; Latissimus Dorsi; Trapezius, Upper; Levator Scapulae; Trapezius, Lower",,Rectus Abdominis; Obliques,,,,,,,,,,,,,,,,,,,,,,
Lever Straight-back Stiff-leg Deadlift (plate loaded),https://exrx.net/WeightExercises/GluteusMaximus/LVStrBackStiffLegDeadlift,Gluteus Maximus,Hamstrings; Adductor Magnus,,"Erector Spinae; Quadriceps; Trapezius, Middle; Rhomboids; Latissimus Dorsi; Trapezius, Upper; Levator Scapulae; Trapezius, Lower",,Rectus Abdominis; Obliques,,,,,,,,,,,,,,,,,,,,,,
Lever 45° Leg Press (plate loaded),https://exrx.net/WeightExercises/GluteusMaximus/LV45LegPress,Gluteus Maximus,Quadriceps; Adductor Magnus; Soleus,Hamstrings; Gastrocnemius,,,,,,,,,,,,,,,,,,,,,,,,,
Lever Lying Leg Press (plate loaded),https://exrx.net/WeightExercises/GluteusMaximus/LVLyingLegPressH,Gluteus Maximus,Quadriceps; Adductor Magnus; Soleus,,,,,Hamstrings; Gastrocnemius,,,,,,,,,,,,,,,,,,,,,
Lever Isolateral Seated Leg Press (plate loaded),https://exrx.net/WeightExercises/GluteusMaximus/LVSeatedLegPressH,Gluteus Maximus,Quadriceps; Adductor Magnus; Soleus,Hamstrings; Gastrocnemius,,,,,,,,,,,,,,,,,,,,,,,,,
Lever Lying Hip Extension (plate loaded),https://exrx.net/WeightExercises/GluteusMaximus/LVLyingHipExtensionH,Gluteus Maximus,Adductor Magnus,Hamstrings,,Rectus Abdominis,,,,,Erector Spinae,,,,,,,,,,,,,,,,,,
Lever Reverse Hyper-extension (plate loaded),https://exrx.net/WeightExercises/GluteusMaximus/LVReverseHyperextension,Gluteus Maximus,Hamstrings,,Erector Spinae,,Rectus Abdominis; Obliques,,,,,,,,,,,,,,,,,,,,,,
Lever Single Leg Split Squat (plate loaded),https://exrx.net/WeightExercises/GluteusMaximus/LVSingleLegSplitSquat,Gluteus Maximus,Quadriceps; Adductor Magnus; Soleus,Hamstrings; Gastrocnemius,"Erector Spinae; Trapezius, Upper; Trapezius, Lower; Levator Scapulae; Gluteus Medius; Gluteus Minimus",,,,,,,,,,,,,,,,,,,,,,,,
Lever Single Leg Squat (plate loaded),https://exrx.net/WeightExercises/GluteusMaximus/LVSingleLegSquat,Gluteus Maximus,Quadriceps; Adductor Magnus; Soleus,Hamstrings; Gastrocnemius,Erector Spinae; Gluteus Medius; Gluteus Minimus; Quadratus Lumborum; Obliques,,,,,,,,,,,,,,,,,,,,,,,,
Lever Split Squat (plate loaded),https://exrx.net/WeightExercises/GluteusMaximus/LVSplitSquat,Gluteus Maximus,Quadriceps; Adductor Magnus; Soleus,Hamstrings; Gastrocnemius,"Erector Spinae; Trapezius, Upper; Trapezius, Lower; Levator Scapulae; Gluteus Medius; Gluteus Minimus",,,,,,,,,,,,,,,,,,,,,,,,
Lever Squat (plate loaded),https://exrx.net/WeightExercises/GluteusMaximus/LVSquatPL,Gluteus Maximus,Quadriceps; Adductor Magnus; Soleus,,"Erector Spinae; Trapezius, Upper; Trapezius, Middle; Levator Scapulae",,Rectus Abdominis; Obliques,Hamstrings; Gastrocnemius,,,,,,,,,,,,,,,,,,,,,
Lever Front Squat,https://exrx.net/WeightExercises/GluteusMaximus/LVFrontSquatPL,Gluteus Maximus,Quadriceps; Adductor Magnus; Soleus,,"Erector Spinae; Trapezius, Upper; Trapezius, Middle; Levator Scapulae",,Rectus Abdominis; Obliques,Hamstrings; Gastrocnemius,,,,,,,,,,,,,,,,,,,,,
Lever Bent-over Hip Extension,https://exrx.net/WeightExercises/GluteusMaximus/LVBentOverHipExtension,Gluteus Maximus,Adductor Magnus,,Obliques; Erector Spinae; Quadratus Lumborum; Gluteus Medius; Gluteus Minimus,Rectus Abdominis,,,,,,,,,,,,,,,,,,,,,,,
Lever Lying Hip Extension,https://exrx.net/WeightExercises/GluteusMaximus/LVLyingHipExtension,Gluteus Maximus,Adductor Magnus,,Erector Spinae,,Rectus Abdominis,,,,,,,,,,,,,,,,,,,,,,
Lever Standing Hip Extension,https://exrx.net/WeightExercises/GluteusMaximus/LVStandingHipExtension,Gluteus Maximus,Hamstrings; Adductor Magnus,,Obliques; Erector Spinae; Quadratus Lumborum; Gluteus Medius; Gluteus Minimus,Rectus Abdominis,,,,,,,,,,,,,,,,,,,,,,,
Lever Standing Hip Extension (with abdominal pad),https://exrx.net/WeightExercises/GluteusMaximus/LVStandingHipExtensionTech,Gluteus Maximus,Adductor Magnus,Hamstrings,Obliques; Erector Spinae; Quadratus Lumborum; Gluteus Medius; Gluteus Minimus; Triceps Brachii,Rectus Abdominis,,,,,,,,,,,,,,,,,,,,,,,
Lever Seated Leg Press,https://exrx.net/WeightExercises/GluteusMaximus/LVSeatedLegPress,Gluteus Maximus,Quadriceps; Adductor Magnus; Soleus,Hamstrings; Gastrocnemius,,,,,,,,,,,,,,,,,,,,,,,,,
Lever Bent-over Glute Kickback,https://exrx.net/WeightExercises/GluteusMaximus/LVBentOverRearKick,Gluteus Maximus,Adductor Magnus; Quadriceps,,Obliques; Erector Spinae; Quadratus Lumborum; Gluteus Medius; Gluteus Minimus; Coracobrachialis,Hamstrings,,,,,,,,,,,,,,,,,,,,,,,
Lever Kneeling Glute Kickback,https://exrx.net/WeightExercises/GluteusMaximus/LVKneelingHipExtension,Gluteus Maximus,Adductor Magnus,,Erector Spinae; Quadratus Lumborum; Obliques; Gluteus Medius; Gluteus Minimus; Coracobrachialis,Hamstrings; Rectus Abdominis,,,,,,,,,,,,,,,,,,,,,,,
Lever Standing Glute Kickback,https://exrx.net/WeightExercises/GluteusMaximus/LVSingleLegStandingLegPress,Gluteus Maximus,Quadriceps; Adductor Magnus,,Obliques; Erector Spinae; Quadratus Lumborum; Gluteus Medius; Gluteus Minimus; Coracobrachialis,Hamstrings,,,,,,,,,,,,,,,,,,,,,,,
Lever Squat,https://exrx.net/WeightExercises/GluteusMaximus/LVSquat,Gluteus Maximus,Quadriceps; Adductor Magnus; Soleus,,"Erector Spinae; Trapezius, Upper; Trapezius, Middle; Levator Scapulae",,Rectus Abdominis; Obliques,Hamstrings; Gastrocnemius,,,,,,,,,,,,,,,,,,,,,
Lever V-Squat,https://exrx.net/WeightExercises/GluteusMaximus/LVVSquat,Gluteus Maximus,Quadriceps; Adductor Magnus; Soleus,,,,,Hamstrings; Gastrocnemius,,,,,,,,,,,,,,,,,,,,,
Sled Kneeling Glute Kickback,https://exrx.net/WeightExercises/GluteusMaximus/SLKneelingHipExtension,Gluteus Maximus,Adductor Magnus,,Obliques; Erector Spinae; Quadratus Lumborum; Gluteus Medius; Gluteus Minimus,Hamstrings,,,,,,,,,,,,,,,,,,,,,,,
Sled Standing Glute Kickback,https://exrx.net/WeightExercises/GluteusMaximus/SLStandingHipExtension,Gluteus Maximus,Quadriceps; Adductor Magnus,,Obliques; Erector Spinae; Quadratus Lumborum; Gluteus Medius; Gluteus Minimus,Hamstrings,,,,,,,,,,,,,,,,,,,,,,,
Sled 45° Leg Press,https://exrx.net/WeightExercises/GluteusMaximus/SL45LegPress,Gluteus Maximus,Quadriceps; Adductor Magnus; Soleus,Hamstrings; Gastrocnemius,,,,,,,,,,,,,,,,,,,,,,,,,
Sled Lying Leg Press,https://exrx.net/WeightExercises/GluteusMaximus/SLLyingLegPress,Gluteus Maximus,Quadriceps; Adductor Magnus; Soleus,Hamstrings; Gastrocnemius,,,,,,,,,,,,,,,,,,,,,,,,,
Sled Seated Leg Press,https://exrx.net/WeightExercises/GluteusMaximus/SLSeatedLegPress,Gluteus Maximus,Quadriceps; Adductor Magnus; Soleus,Hamstrings; Gastrocnemius,,,,,,,,,,,,,,,,,,,,,,,,,
Sled Squat,https://exrx.net/WeightExercises/GluteusMaximus/SLSquat,Gluteus Maximus,Quadriceps; Adductor Magnus; Soleus,,,,,Hamstrings; Gastrocnemius,,,,,,,,,,,,,,,,,,,,,
Sled Hack Squat,https://exrx.net/WeightExercises/GluteusMaximus/SLHackSquat,Gluteus Maximus,Quadriceps; Adductor Magnus; Soleus,,,,,Hamstrings; Gastrocnemius,,,,,,,,,,,,,,,,,,,,,
Smith Bent Knee Good-morning,https://exrx.net/WeightExercises/GluteusMaximus/SMBentKneeGoodMorning,Gluteus Maximus,Adductor Magnus; Hamstrings,,Erector Spinae; Quadriceps,,Rectus Abdominis; Obliques,,,,,,,,,,,,,,,,,,,,,,
Smith Deadlift,https://exrx.net/WeightExercises/GluteusMaximus/SMDeadlift,Gluteus Maximus,Quadriceps; Adductor Magnus; Hamstrings (top half); Soleus,Hamstrings (bottom half); Gastrocnemius,"Erector Spinae; Trapezius, Middle; Trapezius, Upper; Levator Scapulae; Rhomboids",Rectus Abdominis; Obliques,,,,,,,,,,,,,,,,,,,,,,,
Smith Stiff Leg Deadlift,https://exrx.net/WeightExercises/GluteusMaximus/SMStiffLegDeadlift,Gluteus Maximus,Erector Spinae; Adductor Magnus; Hamstrings,,"Quadriceps; Trapezius, Middle; Rhomboids; Latissimus Dorsi; Trapezius, Upper; Levator Scapulae; Trapezius, Lower",Rectus Abdominis; Obliques,,,,,,,,,,,,,,,,,,,,,,,
Smith Straight-back Stiff-leg Deadlift,https://exrx.net/WeightExercises/GluteusMaximus/SMStrBackStiffLegDeadlift,Gluteus Maximus,Adductor Magnus; Hamstrings,,"Erector Spinae; Quadriceps; Trapezius, Middle; Rhomboids; Latissimus Dorsi; Trapezius, Upper; Levator Scapulae; Trapezius, Lower",,Rectus Abdominis; Obliques,,,,,,,,,,,,,,,,,,,,,,
Smith Rear Lunge,https://exrx.net/WeightExercises/GluteusMaximus/SMRearLunge,Gluteus Maximus,Quadriceps; Adductor Magnus; Soleus,,Erector Spinae; Gluteus Medius; Gluteus Minimus; Quadratus        Lumborum; Obliques,,,Hamstrings; Gastrocnemius,,,,,,,,,,,,,,,,,,,,,
Smith Squat,https://exrx.net/WeightExercises/GluteusMaximus/SMSquat,Gluteus Maximus,Quadriceps; Adductor Magnus; Soleus,,Erector Spinae,,Rectus Abdominis; Obliques,Hamstrings; Gastrocnemius,,,,,,,,,,,,,,,,,,,,,
Weighted Reverse Hyper-extension,https://exrx.net/WeightExercises/GluteusMaximus/WtReverseHyperextension,Gluteus Maximus,Hamstrings,,Erector Spinae,,Rectus Abdominis; Obliques,,,,,,,,,,,,,,,,,,,,,,
Weighted Single Leg Squat,https://exrx.net/WeightExercises/GluteusMaximus/WtSingleLegSquat,Gluteus Maximus,Quadriceps; Adductor Magnus; Soleus; Erector Spinae (see notes),Hamstrings; Gastrocnemius,Gluteus Medius; Gluteus Minimus; Quadratus Lumborum; Obliques; Rectus Abdominis,,,,Iliopsoas; Tensor Fasciae Latae; Pectineus; Sartorius; Quadriceps,"Deltoid, Anterior; Pectoralis Major, Clavicular; Deltoid, Lateral; Coracobrachialis; Trapezius, Upper; Trapezius, Middle; Trapezius, Lower; Serratus Anterior, Inferior Digitations; Levator Scapulae; Wrist Extensors",,,,,,,,,,,,,,,,,,,
Kettlebell Front Squat,https://exrx.net/WeightExercises/Kettlebell/KBFrontSquat,,,,,,,,,,,,,,,,,,,,,,,,,,,,
Lunge,https://exrx.net/WeightExercises/GluteusMaximus/BWLunge,Gluteus Maximus,Quadriceps; Adductor Magnus; Soleus,,Tibialis Anterior; Gluteus Medius; Gluteus Minimus; Quadratus        Lumborum; Obliques,,,Hamstrings; Gastrocnemius,,,,,,,,,,,,,,,,,,,,,
Rear Lunge,https://exrx.net/WeightExercises/GluteusMaximus/BWRearLunge,Gluteus Maximus,Quadriceps; Adductor Magnus; Soleus,Hamstrings; Gastrocnemius,Gluteus Medius; Gluteus Minimus; Quadratus Lumborum; Obliques,,,,,,,,,,,,,,,,,,,,,,,,
Single Leg Squat (pistol),https://exrx.net/WeightExercises/GluteusMaximus/BWSingleLegSquat,Gluteus Maximus,Quadriceps; Adductor Magnus; Soleus,Hamstrings; Gastrocnemius,Erector Spinae (see notes); Gluteus Medius; Gluteus Minimus; Quadratus Lumborum; Obliques,Rectus Abdominis; Obliques,,,,,,Iliopsoas; Tensor Fasciae Latae; Pectineus; Sartorius; Quadriceps,,,,,,,,,,,,,,,,,
Single Leg Box Squat (pistol),https://exrx.net/WeightExercises/GluteusMaximus/BWSingleLegBoxSquat,Gluteus Maximus,Quadriceps; Adductor Magnus; Soleus,Hamstrings; Gastrocnemius,Erector Spinae; Gluteus Medius; Gluteus Minimus; Quadratus Lumborum; Obliques,Rectus Abdominis; Obliques,,,Iliopsoas; Tensor Fasciae Latae; Pectineus; Sartorius; Quadriceps,,,,,,,,,,,,,,,,,,,,
Single Leg Stiff-leg Deadlift,https://exrx.net/WeightExercises/GluteusMaximus/BWSingleLegStiffLegDeadlift,Gluteus Maximus        (supporting leg),Hamstrings; Adductor Magnus,,Erector Spinae; Quadriceps; Gluteus Medius; Gluteus Minimus; Quadratus        Lumborum; Obliques; Gluteus Maximus        (lifted leg),,Rectus Abdominis; Obliques,,,,,,,,,,,,,,,,,,,,,,
Split Squat,https://exrx.net/WeightExercises/GluteusMaximus/BWSplitSquat,Gluteus Maximus,Quadriceps; Adductor Magnus; Soleus,,Gluteus Medius; Gluteus Minimus,,,Hamstrings; Gastrocnemius,,,,,,,,,,,,,,,,,,,,,
Single Leg Split Squat,https://exrx.net/WeightExercises/GluteusMaximus/BWSingleLegSplitSquat,Gluteus Maximus,Quadriceps; Adductor Magnus; Soleus,Hamstrings; Gastrocnemius,Gluteus Medius; Gluteus Minimus,,,,,,,,,,,,,,,,,,,,,,,,
Squat,https://exrx.net/WeightExercises/GluteusMaximus/BWSquat,Gluteus Maximus,Quadriceps; Adductor Magnus; Soleus,,,,,Hamstrings; Gastrocnemius,,,,,,,,,,,,,,,,,,,,,
Step-up,https://exrx.net/WeightExercises/GluteusMaximus/BWStepUp,Gluteus Maximus,Quadriceps; Adductor Magnus; Soleus; Gastrocnemius        (Second Leg),,"Erector Spinae; Trapezius, Upper; Trapezius, Middle; Levator Scapulae; Gluteus Medius; Gluteus Minimus; Quadratus        Lumborum; Obliques",,Rectus Abdominis; Obliques,Hamstrings; Gastrocnemius        (First Leg),,,,,,,,,,,,,,,,,,,,,
Step-down,https://exrx.net/WeightExercises/GluteusMaximus/BWStepDown,Gluteus Maximus,Quadriceps; Adductor Magnus; Soleus; Gastrocnemius        (following leg),,Erector Spinae; Gluteus Medius; Gluteus Minimus; Quadratus        Lumborum; Obliques,,Rectus Abdominis; Obliques,Hamstrings; Gastrocnemius        (lead leg),,,,,,,,,,,,,,,,,,,,,
Self-assisted Single Leg Squat (leg wrapped),https://exrx.net/WeightExercises/GluteusMaximus/AsSingleLegSquatLegSelf,Gluteus Maximus,Quadriceps; Adductor Magnus; Soleus,,Erector Spinae; Gluteus Medius; Gluteus Minimus; Quadratus        Lumborum; Obliques; Rectus Abdominis,,,Hamstrings; Gastrocnemius,,,,,,,,,,,,,,,,,,,,,
Self-assisted Step-down,https://exrx.net/WeightExercises/GluteusMaximus/ASStepDownSelf,Gluteus Maximus,Quadriceps; Adductor Magnus; Soleus; Gastrocnemius        (following leg),,Erector Spinae; Gluteus Medius; Gluteus Minimus; Quadratus        Lumborum; Obliques,,Rectus Abdominis; Obliques,Hamstrings; Gastrocnemius        (lead leg),,,,,,,,,,,,,,,,,,,,,
Suspended Hip Bridge,https://exrx.net/WeightExercises/GluteusMaximus/STHipBridge,Gluteus Maximus,,,Erector Spinae; Hamstrings; Sartorius; Popliteus; Gastrocnemius,,Rectus Abdominis; Obliques; Tibialis Anterior,,,,,,,,,,,,,,,,,,,,,,
Suspended Single Leg Squat,https://exrx.net/WeightExercises/GluteusMaximus/STSingleLegSquat,Gluteus Maximus,Quadriceps; Adductor Magnus; Soleus; Erector Spinae (see notes),Hamstrings; Gastrocnemius,"Gluteus Medius; Gluteus Minimus; Quadratus Lumborum; Obliques; Rectus Abdominis; Trapezius, Middle; Rhomboids",,,,,,,Iliopsoas; Tensor Fasciae Latae; Pectineus; Sartorius; Quadriceps,,,,,,,,,,,,,,,,,
Suspended Single Leg Split Squat,https://exrx.net/WeightExercises/GluteusMaximus/STSplitSquat,Gluteus Maximus,Quadriceps; Adductor Magnus; Soleus,Hamstrings; Gastrocnemius,Gluteus Medius; Gluteus Minimus; Quadratus Lumborum; Obliques,,,,,,,,,,,,,,,,,,,,,,,,
Cable Hip Abduction,https://exrx.net/WeightExercises/HipAbductor/CBHipAbduction,Hip Abductors (listed below),Gluteus Medius; Gluteus Minimus; Tensor Fasciae          Latae,,Hip Abductors (opposite),,,,,,,,,,,,,,,,,,,,,,,,
Cable Seated Hip Internal Rotation,https://exrx.net/WeightExercises/HipAbductor/CBSeatedHipInternalRotation,Hip Internal Rotators (listed below),Gluteus Medius; Gluteus Minimus; Tensor Fasciae Latae; Piriformis,,Gluteus Medius; Gluteus Minimus; Tensor Fasciae Latae; Gluteus Maximus (opposite leg only),,,,,,,,,,,,,,,,,,,,,,,,
Dumbbell Lying Hip Abduction,https://exrx.net/WeightExercises/HipAbductor/DBLyingHipAbduction,Hip Abductors (listed below),Tensor Fasciae          Latae; Gluteus Medius; Gluteus Minimus,,Hip Abductors (opposite),,,,,,,,,,,,,,,,,,,,,,,,
Lever Seated Hip Abduction (plate loaded),https://exrx.net/WeightExercises/HipAbductor/LVSeatedHipAbductionH,Hip Abductors (listed below),Gluteus Medius; Gluteus Minimus; Gluteus Maximus; Piriformis; Obturator        externus,,No significant stabilizers,,,,,,,,,,,,,,,,,,,,,,,,
Lever Seated Hip Abduction,https://exrx.net/WeightExercises/HipAbductor/LVSeatedHipAbduction,Hip Abductors (listed below),Gluteus Medius; Gluteus Minimus; Gluteus Maximus; Piriformis; Obturator        externus,,No significant stabilizers,,,,,,,,,,,,,,,,,,,,,,,,
Lever Standing Hip Abduction,https://exrx.net/WeightExercises/HipAbductor/LVStandHipAbduction,Hip Abductors (listed below),Tensor Fasciae        Latae; Gluteus Medius; Gluteus Minimus,,Hip Abductors (opposite),,,,,,,,,,,,,,,,,,,,,,,,
Weighted Lying Hip Abduction,https://exrx.net/WeightExercises/HipAbductor/WtLyingHipAbduction,Hip Abductors (listed below),Tensor Fasciae          Latae; Gluteus Medius; Gluteus Minimus,,Hip Abductors (opposite),,,,,,,,,,,,,,,,,,,,,,,,
Cable Isolateral Push Pull,https://exrx.net/WeightExercises/Power/CBPushPull,,,,,,,,,,,,,,,,,,,,,,,,,,,,
Cable Twist,https://exrx.net/WeightExercises/Obliques/CBTwist,,"Tensor fasciae latae; Gluteus medius; Gluteus minimus, anterior fibers; Adductors, Hip; Psoas major; Quadratus lumborum; Iliocastalis lumborum; Iliocastalis thoracis",,"Rectus Abdominis; Erector Spinae; Pectoralis Major, Sternal; Pectoralis Major, Clavicular; Pectoralis Minor; Trapezius, Middle; Trapezius, Lower; Rhomboids; Deltoid, Lateral; Deltoid, Posterior; Triceps; Coracobrachialis",,,,,,,,Obliques,,,,,,,,,,,,,,,,
Side Bridge Hip Abduction,https://exrx.net/WeightExercises/HipAbductor/BWSideBridgeHipAbduction,Tensor Fasciae Latae; Gluteus Medius; Gluteus Minimus,Obliques; Quadratus lumborum; Psoas major; Iliocastalis lumborum; Iliocastalis thoracis,,Latissimus dorsi; Coracobrachialis; Pectoralis minor; Levator Scapulae,,,,,,,,,,,,,,,,,,,,,,,,
Suspended Hip Abduction,https://exrx.net/WeightExercises/HipAbductor/STHipAbduction,Hip Abductors (listed below),Tensor Fasciae        Latae; Gluteus Medius; Gluteus Minimus,,Gluteus Maximus; Hamstrings; Erector Spinae,,,,,,,,,,,,,,,,,,,,,,,,
Suspended Side Bend,https://exrx.net/WeightExercises/Obliques/STSideBend,Obliques,"Quadratus lumborum; Psoas major; Iliocastalis lumborum; Iliocastalis thoracis; Gluteus Medius; Gluteus Minimus; Tensor Fasciae Latae; Adductors, Hip; Pectineus; Gracilis; Gluteus Maximus, Lower Fibers",,,,,,,,,,,"Deltoid, Anterior; Deltoid, Lateral; Supraspinatus; Trapezius, Middle; Trapezius, Lower; Serratus Anterior, Inferior Digitations; Brachialis; Brachioradialis; Biceps Brachii; Coracobrachialis; Wrist Flexors","Latissimus Dorsi; Teres Major; Rhomboids; Levator Scapulae; Triceps, Long Head",,,,,,,,,,,,,,
Cable Lying Leg Raise (on bench),https://exrx.net/WeightExercises/HipFlexors/CBLyingLegRaiseBench,Iliopsoas,Tensor Fasciae        Latae; Pectineus; Sartorius; Adductor Longus; Adductor Brevis,,Rectus Abdominis; Obliques,,,Rectus Femoris,,,,,,,,,,,,,,,,,,,,,
Cable Lying Straight Leg Raise,https://exrx.net/WeightExercises/HipFlexors/CBLyingStraightLegRaise,Iliopsoas,Tensor Fasciae        Latae; Sartorius; Pectineus; Rectus Femoris; Adductor Longus; Adductor Brevis,,Rectus Abdominis; Obliques,,,,,,,,,,,,,,,,,,,,,,,,
Cable Standing Leg Raise,https://exrx.net/WeightExercises/HipFlexors/CBStandingLegRaise,Iliopsoas,Tensor Fasciae        Latae; Pectineus; Sartorius; Adductor Longus; Adductor Brevis,,Rectus Abdominis; Obliques; Gluteus Medius; Gluteus Minimus; Quadratus        Lumborum,,,Rectus Femoris,,,,,,,,,,,,,,,,,,,,,
Lever Hip Flexion,https://exrx.net/WeightExercises/HipFlexors/LVHipFlexion,Iliopsoas,Tensor Fasciae        Latae; Pectineus; Sartorius; Adductor Longus; Adductor Brevis,,Rectus Abdominis; Obliques; Gluteus Medius; Gluteus Minimus; Quadratus        Lumborum,,,Rectus Femoris,,,,,,,,,,,,,,,,,,,,,
Lever Vertical Leg Raise,https://exrx.net/WeightExercises/HipFlexors/LVVerticalLegRaise,Iliopsoas,Tensor Fasciae Latae; Pectineus; Sartorius; Adductor Longus; Adductor Brevis,,"Rectus Abdominis; Obliques; Pectoralis Minor; Pectoralis Major, Sternal; Deltoid, Anterior; Triceps Brachii; Coracobrachialis",,,,,,,,,,,,,,,,,,,,,,,,
Weighted Decline Sit-up,https://exrx.net/WeightExercises/HipFlexors/WtDeclineSitup,Iliopsoas,Tensor Fasciae        Latae; Rectus Femoris; Pectineus; Sartorius; Adductor Longus; Adductor Brevis,,Rectus Abdominis; Obliques,,,,,,,,,,,,,,,,,,,,,,,,
Weighted Hanging Leg Raise,https://exrx.net/WeightExercises/HipFlexors/WtHangLegRaise,Iliopsoas,Tensor Fasciae Latae; Pectineus; Sartorius; Adductor Longus; Adductor Brevis,Rectus Femoris,Rectus Abdominis; Obliques,,,,,,,,,,,,,,,,,,,,,,,,
Weighted Incline Leg Raise,https://exrx.net/WeightExercises/HipFlexors/WtInclineLegRaise,Iliopsoas,Tensor Fasciae Latae; Pectineus; Sartorius; Adductor Longus; Adductor Brevis,Rectus Femoris,"Rectus Abdominis; Obliques; Quadriceps; Pectoralis Major, Sternal; Latissimus Dorsi; Teres Major; Deltoid, Posterior; Triceps, Long Head; Coracobrachialis",,,,,,,,,,,,,,,,,,,,,,,,
Weighted Lying Leg Raise,https://exrx.net/WeightExercises/HipFlexors/WtLyingLegRaise,Iliopsoas,Tensor Fasciae        Latae; Pectineus; Sartorius; Adductor Longus; Adductor Brevis,,Rectus Abdominis; Obliques; Quadriceps,,,Rectus Femoris,,,,,,,,,,,,,,,,,,,,,
Weighted Roman Chair Sit-up,https://exrx.net/WeightExercises/HipFlexors/WtRomanChairSitup,Iliopsoas,Tensor Fasciae          Latae; Rectus Femoris; Pectineus; Sartorius; Adductor Longus; Adductor Brevis,,Rectus Abdominis; Obliques,,,,,,,,,,,,,,,,,,,,,,,,
Weighted Seated Leg Raise,https://exrx.net/WeightExercises/HipFlexors/WtSeatedLegRaise,Iliopsoas,Tensor Fasciae Latae; Pectineus; Sartorius; Adductor Longus; Adductor Brevis,Rectus Femoris,Rectus Abdominis; Obliques,,,,,,,,,,,,,,,,,,,,,,,,
Weighted Vertical Leg Raise,https://exrx.net/WeightExercises/HipFlexors/WtVerticalLegRaise,Iliopsoas,Tensor Fasciae Latae; Pectineus; Sartorius; Adductor Longus; Adductor Brevis,Rectus Femoris,"Rectus Abdominis; Obliques; Latissimus Dorsi; Pectoralis Minor; Pectoralis Major, Sternal; Coracobrachialis; Trapezius, Lower",,,,,,,,,,,,,,,,,,,,,,,,
Weighted Vertical Leg Raise (on parallel bars),https://exrx.net/WeightExercises/HipFlexors/WtVerticalLegRaisePB,Iliopsoas,Tensor Fasciae Latae; Pectineus; Sartorius; Adductor Longus; Adductor Brevis,Rectus Femoris,"Rectus Abdominis; Obliques; Latissimus Dorsi; Deltoid, Posterior; Pectoralis Minor; Pectoralis Major, Sternal; Deltoid, Anterior; Trapezius, Lower; Triceps Brachii; Coracobrachialis",,,,,,,,,,,,,,,,,,,,,,,,
Weighted Vertical Straight Leg Raise,https://exrx.net/WeightExercises/HipFlexors/WtVerticalStraightLegRaise,Iliopsoas,Tensor Fasciae Latae; Sartorius; Pectineus; Rectus Femoris; Adductor Longus; Adductor Brevis,,"Rectus Abdominis; Obliques; Quadriceps; Latissimus Dorsi; Pectoralis Minor; Pectoralis Major, Sternal; Coracobrachialis; Trapezius, Lower",,,,,,,,,,,,,,,,,,,,,,,,
Hanging Leg Raise,https://exrx.net/WeightExercises/HipFlexors/BWHangingLegRaise,Iliopsoas,Tensor Fasciae Latae; Pectineus; Sartorius; Adductor Longus; Adductor Brevis,Rectus Femoris,Rectus Abdominis; Obliques,,,,,,,,,,,,,,,,,,,,,,,,
Hanging Straight Leg Raise,https://exrx.net/WeightExercises/HipFlexors/BWHangingStraightLegRaise,Iliopsoas,Tensor Fasciae        Latae; Sartorius; Pectineus; Rectus Femoris; Adductor Longus; Adductor Brevis,,Rectus Abdominis; Obliques; Quadriceps,,,,,,,,,,,,,,,,,,,,,,,,
Incline Leg Raise,https://exrx.net/WeightExercises/HipFlexors/BWInclineLegRaise,Iliopsoas,Tensor Fasciae Latae; Pectineus; Sartorius; Adductor Longus; Adductor Brevis,Rectus Femoris,"Rectus Abdominis; Obliques; Pectoralis Major, Sternal; Latissimus Dorsi; Teres Major; Deltoid, Posterior; Triceps, Long Head; Coracobrachialis",,,,,,,,,,,,,,,,,,,,,,,,
Incline Straight Leg Raise,https://exrx.net/WeightExercises/HipFlexors/BWInclineStraightLegRaise,Iliopsoas,Tensor Fasciae Latae; Sartorius; Pectineus; Rectus Femoris; Adductor Longus; Adductor Brevis,,"Rectus Abdominis; Obliques; Quadriceps; Pectoralis Major, Sternal; Latissimus Dorsi; Teres Major; Deltoid, Posterior; Triceps, Long Head; Coracobrachialis",,,,,,,,,,,,,,,,,,,,,,,,
Lying Leg Raise (on bench),https://exrx.net/WeightExercises/HipFlexors/BWLyingLegRaise,Iliopsoas,Tensor Fasciae        Latae; Pectineus; Sartorius; Adductor Longus; Adductor Brevis,,Rectus Abdominis; Obliques; Quadriceps,,,Rectus Femoris,,,,,,,,,,,,,,,,,,,,,
Lying Leg Raise (on floor),https://exrx.net/WeightExercises/HipFlexors/BWLyingLegRaiseFloor,Iliopsoas,Tensor Fasciae        Latae; Pectineus; Sartorius; Adductor Longus; Adductor Brevis,,Rectus Abdominis; Obliques; Quadriceps,,,Rectus Femoris,,,,,,,,,,,,,,,,,,,,,
Lying Straight Leg Raise,https://exrx.net/WeightExercises/HipFlexors/BWStraightLegRaise,Iliopsoas,Tensor Fasciae        Latae; Sartorius; Pectineus; Rectus Femoris; Adductor Longus; Adductor Brevis,,Rectus Abdominis; Obliques; Quadriceps,,,,,,,,,,,,,,,,,,,,,,,,
Seated Leg Raise,https://exrx.net/WeightExercises/HipFlexors/BWSeatedLegRaise,Iliopsoas,Tensor Fasciae        Latae; Pectineus; Sartorius; Adductor Longus; Adductor Brevis,,Rectus Abdominis; Obliques,,,Rectus Femoris,,,,,,,,,,,,,,,,,,,,,
Vertical Leg Raise,https://exrx.net/WeightExercises/HipFlexors/BWVerticalLegRaise,Iliopsoas,Tensor Fasciae Latae; Pectineus; Sartorius; Adductor Longus; Adductor Brevis,Rectus Femoris,"Rectus Abdominis; Obliques; Latissimus Dorsi; Pectoralis Minor; Pectoralis Major, Sternal; Coracobrachialis; Trapezius, Lower",,,,,,,,,,,,,,,,,,,,,,,,
Vertical Leg Raise (on parallel bars),https://exrx.net/WeightExercises/HipFlexors/BWVerticalLegRaisePB,Iliopsoas,Tensor Fasciae Latae; Pectineus; Sartorius; Adductor Longus; Adductor Brevis,Rectus Femoris,"Rectus Abdominis; Obliques; Latissimus Dorsi; Deltoid, Posterior; Pectoralis Minor; Pectoralis Major, Sternal; Deltoid, Anterior; Trapezius, Lower; Triceps Brachii; Coracobrachialis",,,,,,,,,,,,,,,,,,,,,,,,
Vertical Straight Leg Raise,https://exrx.net/WeightExercises/HipFlexors/BWVerticalStraightLegRaise,Iliopsoas,Tensor Fasciae Latae; Sartorius; Pectineus; Rectus Femoris; Adductor Longus; Adductor Brevis,,"Rectus Abdominis; Obliques; Quadriceps; Latissimus Dorsi; Pectoralis Minor; Pectoralis Major, Sternal; Coracobrachialis; Trapezius, Lower",,,,,,,,,,,,,,,,,,,,,,,,
Roman Chair Sit-up,https://exrx.net/WeightExercises/HipFlexors/BWRomanChairSitup,Iliopsoas,Tensor Fasciae          Latae; Rectus Femoris; Pectineus; Sartorius; Adductor Longus; Adductor Brevis,,Rectus Abdominis; Obliques,,,,,,,,,,,,,,,,,,,,,,,,
Suspended Mountain Climber,https://exrx.net/WeightExercises/HipFlexors/STMountainClimber,Iliopsoas,Tensor Fasciae Latae; Pectineus; Sartorius; Adductor Longus; Adductor Brevis,Rectus Femoris,Rectus Abdominis; Obliques; Quadriceps; Pectoralis Major; Serratus Anterior; Triceps Brachii; Coracobrachialis,"Erector Spinae; Trapezius, Middle; Trapezius, Lower; Rhomboids",,,,,,,,,,,,,,,,,,,,,,,
Suspended Pike,https://exrx.net/WeightExercises/HipFlexors/STPike,Iliopsoas,Tensor Fasciae Latae; Pectineus; Sartorius; Adductor Longus; Adductor Brevis; Rectus Femoris,,"Rectus Abdominis; Obliques; Quadriceps; Pectoralis major; Deltoid, Anterior; Serratus Anterior; Trapezius, Upper; Trapezius, Middle; Trapezius, Lower; Triceps Brachii; Coracobrachialis","Erector Spinae; Trapezius, Middle; Trapezius, Lower; Rhomboids",,,,,,,,,,,,,,,,,,,,,,,
Cable Seated Hip External Rotation,https://exrx.net/WeightExercises/HipExternalRotator/CBSeatedHipExternalRotation,Hip External Rotators (listed below),"Gemellus superior; Gemellus inferior; Obturator internus; Obturator externus; Quadratus femoris; Gluteus maximus; Sartorius; Gluteus medius, posterior fibers",,"Adductors, Hip; Pectineus; Gracilis; Piriformis (opposite leg); Gluteus Maximus (opposite leg)",,,,,,,,,,,,,,,,,,,,,,,,
Lever Landmine Power Twist (plate loaded),https://exrx.net/WeightExercises/Power/LVPowerTwist,,,,,,,,,,,,,,,,,,,,,,,,,,,,
Barbell Front Raise,https://exrx.net/WeightExercises/DeltoidAnterior/BBFrontRaise,"Deltoid, Anterior","Pectoralis Major, Clavicular; Deltoid, Lateral; Coracobrachialis; Trapezius, Middle; Trapezius, Lower; Serratus Anterior, Inferior Digitations",,"Trapezius, Upper; Levator Scapulae; Wrist Extensors",,,,,,,,,,,,,,,,,,,,,,,,
Barbell Military Press,https://exrx.net/WeightExercises/DeltoidAnterior/BBMilitaryPress,"Deltoid, Anterior","Pectoralis Major, Clavicular; Triceps Brachii; Deltoid, Lateral; Coracobrachialis; Trapezius, Middle; Trapezius, Lower; Serratus Anterior, Inferior Digitations","Triceps, Long Head; Biceps Brachii, Short Head","Trapezius, Upper; Levator Scapulae",,,,,,,,,,,,,,,,,,,,,,,,
Barbell Seated Military Press,https://exrx.net/WeightExercises/DeltoidAnterior/BBSeatedMilitaryPress,"Deltoid, Anterior","Deltoid, Lateral; Supraspinatus; Triceps Brachii; Coracobrachialis; Trapezius, Middle; Trapezius, Lower; Serratus Anterior, Inferior Digitations","Triceps, Long Head","Trapezius, Upper; Levator Scapulae",,,,,,,,,,,,,,,,,,,,,,,,
Cable Isolateral Seated Front Raise,https://exrx.net/WeightExercises/DeltoidAnterior/CBSeatedFrontRaise,"Deltoid, Anterior","Pectoralis Major, Clavicular; Deltoid, Lateral; Coracobrachialis; Trapezius, Middle; Trapezius, Lower; Serratus Anterior, Inferior Digitations",,"Trapezius, Upper; Levator Scapulae; Wrist Extensors",,,,,,,,,,,,,,,,,,,,,,,,
Cable Alternating Isolateral Front Raise,https://exrx.net/WeightExercises/DeltoidAnterior/CBAlternatingFrontRaise,"Deltoid, Anterior","Pectoralis Major, Clavicular; Deltoid, Lateral; Coracobrachialis; Trapezius, Middle; Trapezius, Lower; Serratus Anterior, Inferior Digitations",,"Trapezius, Upper; Levator Scapulae; Wrist Extensors",,,,,,,,,,,,,,,,,,,,,,,,
Cable One Arm Front Raise,https://exrx.net/WeightExercises/DeltoidAnterior/CBFrontRaise,"Deltoid, Anterior","Pectoralis Major, Clavicular; Deltoid, Lateral; Coracobrachialis; Trapezius, Middle; Trapezius, Lower; Serratus Anterior, Inferior Digitations",,"Trapezius, Upper; Levator Scapulae; Wrist Extensors",,,,,,,,,,,,,,,,,,,,,,,,
Cable Isolateral Standing Shoulder Press,https://exrx.net/WeightExercises/DeltoidAnterior/CBStandingShoulderPress,"Deltoid, Anterior","Deltoid, Lateral; Supraspinatus; Triceps Brachii; Coracobrachialis; Trapezius, Middle; Trapezius, Lower; Serratus Anterior, Inferior Digitations","Triceps, Long Head","Trapezius, Upper; Levator Scapulae",,,,,,,,,,,,,,,,,,,,,,,,
Cable Isolateral Shoulder Press,https://exrx.net/WeightExercises/DeltoidAnterior/CBShoulderPress,"Deltoid, Anterior","Deltoid, Lateral; Supraspinatus; Triceps Brachii; Coracobrachialis; Trapezius, Middle; Trapezius, Lower; Serratus Anterior, Inferior Digitations","Triceps, Long Head","Trapezius, Upper; Levator Scapulae",,,,,,,,,,,,,,,,,,,,,,,,
Dumbbell Arnold Press,https://exrx.net/WeightExercises/DeltoidAnterior/DBArnoldPress,"Deltoid, Anterior","Deltoid, Lateral; Supraspinatus; Triceps Brachii; Coracobrachialis; Trapezius, Middle; Trapezius, Lower; Serratus Anterior, Inferior Digitations","Triceps, Long Head","Trapezius, Upper; Levator Scapulae",,,,,,,,,,,,,,,,,,,,,,,,
Dumbbell Front Raise,https://exrx.net/WeightExercises/DeltoidAnterior/DBFrontRaise,"Deltoid, Anterior","Pectoralis Major, Clavicular; Deltoid, Lateral; Coracobrachialis; Trapezius, Middle; Trapezius, Lower; Serratus Anterior, Inferior Digitations",,"Trapezius, Upper; Levator Scapulae; Wrist Extensors",,,,,,,,,,,,,,,,,,,,,,,,
Dumbbell Alternating Front Raise,https://exrx.net/WeightExercises/DeltoidAnterior/DBAlternatingFrontRaise,"Deltoid, Anterior","Pectoralis Major, Clavicular; Deltoid, Lateral; Coracobrachialis; Trapezius, Middle; Trapezius, Lower; Serratus Anterior, Inferior Digitations",,"Trapezius, Upper; Levator Scapulae; Wrist Extensors",,,,,,,,,,,,,,,,,,,,,,,,
Dumbbell Shoulder Press,https://exrx.net/WeightExercises/DeltoidAnterior/DBShoulderPress,"Deltoid, Anterior","Deltoid, Lateral; Supraspinatus; Triceps Brachii; Trapezius, Middle; Trapezius, Lower; Serratus Anterior, Inferior Digitations; Pectoralis Major, Clavicular; Coracobrachialis","Triceps, Long Head; Biceps Brachii","Trapezius, Upper; Levator Scapulae",,,,,,,,,,,,,,,,,,,,,,,,
Dumbbell One Arm Shoulder Press,https://exrx.net/WeightExercises/DeltoidAnterior/DBOneArmShoulderPress,"Deltoid, Anterior","Deltoid, Lateral; Supraspinatus; Triceps Brachii; Trapezius, Middle; Trapezius, Lower; Serratus Anterior, Inferior Digitations; Pectoralis Major, Clavicular; Coracobrachialis; Obliques; Psoas major; Iliocastalis lumborum; Iliocastalis thoracis","Triceps, Long Head; Biceps Brachii","Trapezius, Upper; Levator Scapulae",,,,,,,,,,,,,,,,,,,,,,,,
Lever Isolateral Military Press (plate loaded),https://exrx.net/WeightExercises/DeltoidAnterior/LVMilitaryPressH,"Deltoid, Anterior","Pectoralis Major, Clavicular; Triceps Brachii; Deltoid, Lateral; Coracobrachialis; Trapezius, Middle; Trapezius, Lower; Serratus Anterior, Inferior Digitations","Triceps, Long Head; Biceps Brachii","Trapezius, Upper; Levator Scapulae",,,,,,,,,,,,,,,,,,,,,,,,
Lever Reclined Shoulder Press (plate loaded),https://exrx.net/WeightExercises/DeltoidAnterior/LVReclinedShoulderPressPL,"Deltoid, Anterior","Deltoid, Lateral; Supraspinatus; Triceps Brachii; Coracobrachialis; Trapezius, Middle; Trapezius, Lower; Serratus Anterior, Inferior Digitations","Triceps, Long Head; Biceps Brachii","Trapezius, Upper; Levator Scapulae",,,,,,,,,,,,,,,,,,,,,,,,
Lever Isolateral Shoulder Press (plate loaded),https://exrx.net/WeightExercises/DeltoidAnterior/LVShoulderPressH,"Deltoid, Anterior","Pectoralis Major, Clavicular; Triceps Brachii; Deltoid, Lateral; Coracobrachialis; Trapezius, Middle; Trapezius, Lower; Serratus Anterior, Inferior Digitations","Triceps, Long Head; Biceps Brachii","Trapezius, Upper; Levator Scapulae",,,,,,,,,,,,,,,,,,,,,,,,
Lever Reclined Shoulder Press,https://exrx.net/WeightExercises/DeltoidAnterior/LVReclinedShoulderPress,"Deltoid, Anterior","Deltoid, Lateral; Supraspinatus; Triceps Brachii; Coracobrachialis; Trapezius, Middle; Trapezius, Lower; Serratus Anterior, Inferior Digitations","Triceps, Long Head; Biceps Brachii","Trapezius, Upper; Levator Scapulae",,,,,,,,,,,,,,,,,,,,,,,,
Lever Shoulder Press,https://exrx.net/WeightExercises/DeltoidAnterior/LVShoulderPress,"Deltoid, Anterior","Deltoid, Lateral; Supraspinatus; Pectoralis Major, Clavicular; Triceps Brachii; Coracobrachialis; Trapezius, Middle; Trapezius, Lower; Serratus Anterior, Inferior Digitations","Triceps, Long Head; Biceps Brachii","Trapezius, Upper; Levator Scapulae",,,,,,,,,,,,,,,,,,,,,,,,
Lever Shoulder Press (parallel grip),https://exrx.net/WeightExercises/DeltoidAnterior/LVShoulderPressParGrip,"Deltoid, Anterior","Pectoralis Major, Clavicular; Triceps Brachii; Deltoid, Lateral; Coracobrachialis; Trapezius, Middle; Trapezius, Lower; Serratus Anterior, Inferior Digitations","Triceps, Long Head; Biceps Brachii","Trapezius, Upper; Levator Scapulae",,,,,,,,,,,,,,,,,,,,,,,,
Sled Shoulder Press,https://exrx.net/WeightExercises/DeltoidAnterior/SLShoulderPress,"Deltoid, Anterior","Deltoid, Lateral; Supraspinatus; Pectoralis Major, Clavicular; Triceps Brachii; Coracobrachialis; Trapezius, Middle; Trapezius, Lower; Serratus Anterior, Inferior Digitations","Triceps, Long Head; Biceps Brachii","Trapezius, Upper; Levator Scapulae",,,,,,,,,,,,,,,,,,,,,,,,
Smith Shoulder Press,https://exrx.net/WeightExercises/DeltoidAnterior/SMShoulderPress,"Deltoid, Anterior","Pectoralis Major, Clavicular; Triceps Brachii; Deltoid, Lateral; Coracobrachialis; Trapezius, Middle; Trapezius, Lower; Serratus Anterior, Inferior Digitations","Triceps, Long Head; Biceps Brachii","Trapezius, Upper; Levator Scapulae",,,,,,,,,,,,,,,,,,,,,,,,
Pike Press (between benches),https://exrx.net/WeightExercises/DeltoidAnterior/BWPikePress,"Deltoid, Anterior","Pectoralis Major, Clavicular; Triceps Brachii; Deltoid, Lateral; Coracobrachialis; Trapezius, Middle; Trapezius, Lower; Serratus Anterior, Inferior Digitations",,"Trapezius, Upper; Levator Scapulae; Serratus Anterior; Quadriceps; Iliopsoas; Tensor Fasciae Latae; Sartorius; Rectus Abdominis; Obliques",,,,,,,,,,,,,,,,,,,,,,,,
Elevated Pike Press (between benches),https://exrx.net/WeightExercises/DeltoidAnterior/BWDeclinePikePress,"Deltoid, Anterior","Pectoralis Major, Clavicular; Triceps Brachii; Deltoid, Lateral; Coracobrachialis; Trapezius, Middle; Trapezius, Lower; Serratus Anterior, Inferior Digitations",,"Trapezius, Upper; Levator Scapulae; Quadriceps; Iliopsoas; Tensor Fasciae Latae; Sartorius; Rectus Abdominis; Obliques",,,,,,,,,,,,,,,,,,,,,,,,
Suspended Front Raise,https://exrx.net/WeightExercises/DeltoidAnterior/STFrontRaise,"Deltoid, Anterior","Pectoralis Major, Clavicular; Deltoid, Lateral; Coracobrachialis; Trapezius, Middle; Trapezius, Lower; Serratus Anterior, Inferior Digitations",,"Erector Spinae; Gluteus Maximus; Hamstrings; Trapezius, Upper; Levator Scapulae; Wrist Extensors",Rectus Abdominis; Obliques,,,,,,,,,,,,,,,,,,,,,,,
Barbell Upright Row,https://exrx.net/WeightExercises/DeltoidLateral/BBUprightRow,"Deltoid, Lateral","Deltoid, Anterior; Supraspinatus; Brachialis; Brachioradialis; Biceps Brachii; Trapezius, Middle; Trapezius, Lower; Serratus Anterior, Inferior Digitations; Infraspinatus; Teres Minor",,"Trapezius, Upper; Levator Scapulae",,,,,,,,,,,,,,,,,,,,,,,,
Cable Isolateral Lateral Raise,https://exrx.net/WeightExercises/DeltoidLateral/CBLateralRaise,"Deltoid, Lateral","Deltoid, Anterior; Supraspinatus; Trapezius, Middle; Trapezius, Lower; Serratus Anterior, Inferior Digitations",,"Trapezius, Upper; Levator Scapulae; Wrist Extensors",,,,,,,,,,,,,,,,,,,,,,,,
Cable One Arm Lateral Raise,https://exrx.net/WeightExercises/DeltoidLateral/CBOneArmLateralRaise,"Deltoid, Lateral","Deltoid, Anterior; Supraspinatus; Trapezius, Middle; Trapezius, Lower; Serratus Anterior, Inferior Digitations",,"Trapezius, Upper; Levator Scapulae; Wrist Extensors",,,,,,,,,,,,,,,,,,,,,,,,
Cable Upright Row,https://exrx.net/WeightExercises/DeltoidLateral/CBUprightRow,"Deltoid, Lateral","Deltoid, Anterior; Supraspinatus; Brachialis; Brachioradialis; Biceps Brachii; Trapezius, Middle; Trapezius, Lower; Serratus Anterior, Inferior Digitations; Infraspinatus; Teres Minor",,"Trapezius, Upper; Levator Scapulae",,,,,,,,,,,,,,,,,,,,,,,,
Cable One Arm Upright Row,https://exrx.net/WeightExercises/DeltoidLateral/CBOneArmUprightRow,"Deltoid, Lateral","Deltoid, Anterior; Supraspinatus; Brachialis; Brachioradialis; Biceps Brachii; Trapezius, Middle; Trapezius, Lower; Serratus Anterior, Inferior Digitations; Infraspinatus; Teres Minor",,"Trapezius, Upper; Levator Scapulae",,,,,,,,,,,,,,,,,,,,,,,,
Cable Upright Row (with rope attachment),https://exrx.net/WeightExercises/DeltoidLateral/CBUprightRowRope,"Deltoid, Lateral","Deltoid, Anterior; Supraspinatus; Brachialis; Brachioradialis; Biceps Brachii; Trapezius, Middle; Trapezius, Lower; Serratus Anterior, Inferior Digitations; Infraspinatus; Teres Minor",,"Trapezius, Upper; Levator Scapulae",,,,,,,,,,,,,,,,,,,,,,,,
Cable Isolateral Y Raise,https://exrx.net/WeightExercises/DeltoidLateral/CBYRaise,"Deltoid, Lateral","Supraspinatus; Teres Minor; Infraspinatus; Trapezius, Lower; Trapezius, Middle; Serratus Anterior, Inferior Digitations; Deltoid, Anterior; Deltoid, Posterior; Coracobrachialis",,"Trapezius, Upper; Levator Scapulae; Wrist Extensors; Erector Spinae; Gluteus Maximus; Hamstrings",,,,,,,,,,,,,,,,,,,,,,,,
Dumbbell Incline Lateral Raise,https://exrx.net/WeightExercises/DeltoidLateral/DBInclineLateralRaise,"Deltoid, Lateral","Deltoid, Posterior; Supraspinatus; Trapezius, Middle; Trapezius, Lower; Serratus Anterior, Inferior Digitations",,"Wrist Extensors; Trapezius, Upper; Levator Scapulae",,,,,,,,,,,,,,,,,,,,,,,,
Dumbbell Lateral Raise,https://exrx.net/WeightExercises/DeltoidLateral/DBLateralRaise,"Deltoid, Lateral","Deltoid, Anterior; Supraspinatus; Trapezius, Middle; Trapezius, Lower; Serratus Anterior, Inferior Digitations",,"Trapezius, Upper; Levator Scapulae; Wrist Extensors",,,,,,,,,,,,,,,,,,,,,,,,
Dumbbell Lying Lateral Raise,https://exrx.net/WeightExercises/DeltoidLateral/DBLyingLateralRaise,"Deltoid, Lateral","Deltoid, Posterior; Supraspinatus; Trapezius, Middle; Trapezius, Lower; Serratus Anterior,          Inferior Digitations",,"Wrist Extensors; Trapezius, Upper; Levator Scapulae",,,,,,,,,,,,,,,,,,,,,,,,
Dumbbell Upright Row,https://exrx.net/WeightExercises/DeltoidLateral/DBUprightRow,"Deltoid, Lateral","Deltoid, Anterior; Supraspinatus; Brachialis; Brachioradialis; Biceps Brachii; Trapezius, Middle; Trapezius, Lower; Serratus Anterior, Inferior Digitations; Infraspinatus; Teres Minor",,"Trapezius, Upper; Levator Scapulae",,,,,,,,,,,,,,,,,,,,,,,,
Dumbbell One Arm Upright Row,https://exrx.net/WeightExercises/DeltoidLateral/DBOneArmUprightRow,"Deltoid, Lateral","Deltoid, Anterior; Supraspinatus; Brachialis; Brachioradialis; Biceps Brachii; Trapezius, Middle; Trapezius, Lower; Serratus Anterior, Inferior Digitations; Infraspinatus; Teres Minor",,"Trapezius, Upper; Levator Scapulae",,,,,,,,,,,,,,,,,,,,,,,,
Lever Isolateral Lateral Raise (plate loaded),https://exrx.net/WeightExercises/DeltoidLateral/LVLateralRaiseH,"Deltoid, Lateral","Deltoid, Anterior; Supraspinatus; Trapezius, Middle; Trapezius, Lower; Serratus Anterior, Inferior Digitations",,"Trapezius, Upper; Levator Scapulae",,,,,,,,,,,,,,,,,,,,,,,,
Lever Isolateral Lateral Raise,https://exrx.net/WeightExercises/DeltoidLateral/LVLateralRaise,"Deltoid, Lateral","Deltoid, Anterior; Supraspinatus; Trapezius, Middle; Trapezius, Lower; Serratus Anterior, Inferior Digitations",,"Trapezius, Upper; Levator Scapulae",,,,,,,,,,,,,,,,,,,,,,,,
Lever Isolateral Lateral Raise,https://exrx.net/WeightExercises/DeltoidLateral/LVLateralRaise2,"Deltoid, Lateral","Deltoid, Anterior; Supraspinatus; Trapezius, Middle; Trapezius, Lower; Serratus Anterior, Inferior Digitations",,"Trapezius, Upper; Levator Scapulae",,,,,,,,,,,,,,,,,,,,,,,,
Smith Upright Row,https://exrx.net/WeightExercises/DeltoidLateral/SMUprightRow,"Deltoid, Lateral","Deltoid, Anterior; Supraspinatus; Brachialis; Brachioradialis; Biceps Brachii; Trapezius, Middle; Trapezius, Lower; Serratus Anterior,          Inferior Digitations; Infraspinatus; Teres Minor",,"Trapezius, Upper; Levator Scapulae",,,,,,,,,,,,,,,,,,,,,,,,
Suspended Y Lateral Raise,https://exrx.net/WeightExercises/DeltoidLateral/STYShoulderRaise,"Deltoid, Lateral","Deltoid, Anterior; Supraspinatus; Trapezius, Lower; Trapezius, Middle; Serratus Anterior, Inferior Digitations; Teres Minor; Infraspinatus; Coracobrachialis",,"Erector Spinae; Gluteus Maximus; Hamstrings; Trapezius, Upper; Levator Scapulae; Wrist Extensors",Rectus Abdominis; Obliques,,,,,,,,,,,,,,,,,,,,,,,
Barbell Rear Delt Row,https://exrx.net/WeightExercises/DeltoidPosterior/BBRearDeltRow,"Deltoid, Posterior","Infraspinatus; Teres Minor; Deltoid, Lateral; Trapezius, Middle; Trapezius, Lower; Rhomboids; Brachialis; Brachioradialis",Biceps Brachii,Erector Spinae; Hamstrings; Gluteus Maximus; Adductor Magnus; Quadriceps,,,,,,,,,,,,,,,,,,,,,,,,
Cable Rear Delt Row,https://exrx.net/WeightExercises/DeltoidPosterior/CBRearDeltRow,"Deltoid, Posterior","Infraspinatus; Teres Minor; Deltoid, Lateral; Trapezius, Middle; Trapezius, Lower; Rhomboids; Brachialis; Brachioradialis",Biceps Brachii,Erector Spinae; Hamstrings; Gluteus Maximus; Adductor Magnus,,,,,,,,,,,,,,,,,,,,,,,,
Cable Standing Rear Delt Row (with rope),https://exrx.net/WeightExercises/DeltoidPosterior/CBStandingRearDeltRowRope,"Deltoid, Posterior","Infraspinatus; Teres Minor; Deltoid, Lateral; Trapezius, Middle; Trapezius, Lower; Rhomboids; Brachialis; Brachioradialis",Biceps Brachii,Erector Spinae,,,,,,,,,,,,,,,,,,,,,,,,
Cable Isolateral Standing Rear Delt Row,https://exrx.net/WeightExercises/DeltoidPosterior/CBStandingRearDeltRowStirrups,"Deltoid, Posterior","Infraspinatus; Teres Minor; Deltoid, Lateral; Trapezius, Middle; Trapezius, Lower; Rhomboids; Brachialis; Brachioradialis",Biceps Brachii,Erector Spinae,,,,,,,,,,,,,,,,,,,,,,,,
Cable Isolateral Rear Lateral Raise,https://exrx.net/WeightExercises/DeltoidPosterior/CBRearLateralRaise,"Deltoid, Posterior","Deltoid, Lateral; Infraspinatus; Teres Minor; Trapezius, Middle; Trapezius, Lower; Rhomboids",,Triceps Brachii; Wrist Extensors; Erector Spinae; Hamstrings; Gluteus Maximus; Adductor Magnus; Quadriceps,,,,,,,,,,,,,,,,,,,,,,,,
Cable Isolateral Reverse Fly,https://exrx.net/WeightExercises/DeltoidPosterior/CBStandingReverseFly,"Deltoid, Posterior","Deltoid, Lateral; Infraspinatus; Teres Minor; Trapezius, Middle; Trapezius, Lower; Rhomboids",,Triceps Brachii; Wrist Extensors; Erector Spinae,,,,,,,,,,,,,,,,,,,,,,,,
Dumbbell Rear Delt Row,https://exrx.net/WeightExercises/DeltoidPosterior/DBRearDeltRow,"Deltoid, Posterior","Infraspinatus; Teres Minor; Deltoid, Lateral; Trapezius, Middle; Trapezius, Lower; Brachialis; Brachioradialis; Rhomboids",Biceps Brachii,Triceps Brachii (supporting arm); Obliques; Psoas major; Quadratus lumborum; Iliocastalis lumborum; Iliocastalis thoracis,,,,,,,,,,,,,,,,,,,,,,,,
Dumbbell Rear Lateral Raise,https://exrx.net/WeightExercises/DeltoidPosterior/DBRearLateralRaise,"Deltoid, Posterior","Infraspinatus; Teres Minor; Deltoid, Lateral; Trapezius, Middle; Trapezius, Lower; Rhomboids",,Triceps Brachii; Wrist Extensors; Erector Spinae; Hamstrings; Gluteus Maximus; Adductor Magnus; Quadriceps,,,,,,,,,,,,,,,,,,,,,,,,
Dumbbell Seated Rear Lateral Raise,https://exrx.net/WeightExercises/DeltoidPosterior/DBSeatedRearLateralRaise,"Deltoid, Posterior","Infraspinatus; Teres Minor; Deltoid, Lateral; Trapezius, Middle; Trapezius, Lower; Rhomboids",,Triceps Brachii,,,,,,,,,,,,,,,,,,,,,,,,
Lever Isolateral Lying Rear Lateral Raise (plate loaded),https://exrx.net/WeightExercises/DeltoidPosterior/LVLyingRearLateralRaiseH,"Deltoid, Posterior","Infraspinatus; Teres Minor; Trapezius, Middle; Trapezius, Lower; Rhomboids",,No significant stabilizers,,,,,,,,,,,,,,,,,,,,,,,,
Lever Isolateral Rear Delt Row (plate loaded),https://exrx.net/WeightExercises/DeltoidPosterior/LVRearDeltRowHammer,"Deltoid, Posterior","Infraspinatus; Teres Minor; Trapezius, Middle; Trapezius, Lower; Rhomboids; Brachialis; Brachioradialis",Biceps Brachii,"Deltoid, Lateral; Supraspinatus",,,,,,,,,,,,,,,,,,,,,,,,
Lever Isolateral Rear Delt Row (plate loaded),https://exrx.net/WeightExercises/DeltoidPosterior/LVRearDeltRowC,"Deltoid, Posterior","Infraspinatus; Teres Minor; Trapezius, Middle; Trapezius, Lower; Rhomboids; Brachialis; Brachioradialis",Biceps Brachii,"Deltoid, Lateral",,,,,,,,,,,,,,,,,,,,,,,,
Lever Isolateral Lying Rear Lateral Raise,https://exrx.net/WeightExercises/DeltoidPosterior/LVLyingRearLateralRaise,"Deltoid, Posterior","Infraspinatus; Teres Minor; Trapezius, Middle; Trapezius, Lower; Rhomboids",,No significant stabilizers,,,,,,,,,,,,,,,,,,,,,,,,
Lever Seated Rear Delt Row,https://exrx.net/WeightExercises/DeltoidPosterior/LVRearDeltRow,"Deltoid, Posterior","Infraspinatus; Teres Minor; Trapezius, Middle; Trapezius, Lower; Rhomboids; Brachialis; Brachioradialis; Latissimus Dorsi",Biceps Brachii,"Deltoid, Lateral",,,,,,,,,,,,,,,,,,,,,,,,
Lever Isolateral Seated Reverse Fly (parallel grip),https://exrx.net/WeightExercises/DeltoidPosterior/LVRearLateralRaise,"Deltoid, Posterior","Infraspinatus; Teres Minor; Deltoid, Lateral; Trapezius, Middle; Trapezius, Lower; Rhomboids",,Triceps Brachii; Wrist Extensors,,,,,,,,,,,,,,,,,,,,,,,,
Lever Isolateral Seated Reverse Fly (pronated parallel grip),https://exrx.net/WeightExercises/DeltoidPosterior/LVReverseFlyPronated,"Deltoid, Posterior","Infraspinatus; Teres Minor; Deltoid, Lateral; Trapezius, Middle; Trapezius, Lower; Rhomboids",,Triceps Brachii; Wrist Extensors,,,,,,,,,,,,,,,,,,,,,,,,
Smith Rear Delt Row,https://exrx.net/WeightExercises/DeltoidPosterior/SMRearDeltRow,"Deltoid, Posterior","Infraspinatus; Teres Minor; Deltoid, Lateral; Trapezius, Middle; Trapezius, Lower; Brachialis; Brachioradialis; Rhomboids",Biceps Brachii,Erector Spinae; Hamstrings; Gluteus Maximus; Adductor Magnus; Quadriceps,,,,,,,,,,,,,,,,,,,,,,,,
Rear Delt Inverted Row (high bar),https://exrx.net/WeightExercises/DeltoidPosterior/BWRearDeltInvertedRowHigh,"Deltoid, Posterior","Infraspinatus; Teres Minor; Trapezius, Middle; Trapezius, Lower; Rhomboids; Brachialis; Brachioradialis",,"Erector Spinae; Hamstrings; Gluteus Maximus; Deltoid, Lateral",,Rectus Abdominis; Obliques,Biceps Brachii,,,,,,,,,,,,,,,,,,,,,
Rear Delt Inverted Row (on hips),https://exrx.net/WeightExercises/DeltoidPosterior/BWRearDeltInvertedRowHips,"Deltoid, Posterior","Infraspinatus; Teres Minor; Trapezius, Middle; Trapezius, Lower; Rhomboids; Brachialis; Brachioradialis",Biceps Brachii,Erector Spinae,Rectus Abdominis; Obliques,,,,,,,,,,,,,,,,,,,,,,,
Suspended Rear Delt Row,https://exrx.net/WeightExercises/DeltoidPosterior/STRearDeltRow,"Deltoid, Posterior","Infraspinatus; Teres Minor; Trapezius, Middle; Trapezius, Lower; Rhomboids; Brachialis; Brachioradialis",,"Erector Spinae; Hamstrings; Gluteus Maximus; Deltoid, Lateral",,Rectus Abdominis; Obliques,Biceps Brachii,,,,,,,,,,,,,,,,,,,,,
Suspended Reverse Fly,https://exrx.net/WeightExercises/DeltoidPosterior/STReverseFly,"Deltoid, Posterior","Infraspinatus; Teres Minor; Trapezius, Middle; Trapezius, Lower; Rhomboids",,"Erector Spinae; Hamstrings; Gluteus Maximus; Deltoid, Lateral",,Rectus Abdominis; Obliques,,,,,,,,,,,,,,,,,,,,,,
Cable Front Lateral Raise,https://exrx.net/WeightExercises/Supraspinatus/CBFrontLateralRaise,Supraspinatus,"Deltoid, Lateral; Deltoid, Anterior; Coracobrachialis; Trapezius, Middle; Trapezius, Lower; Serratus Anterior",,"Trapezius, Upper; Wrist Extensors",,,,,,,,,,,,,,,,,,,,,,,,
Dumbbell Front Lateral Raise,https://exrx.net/WeightExercises/Supraspinatus/DBFrontLateralRaise,Supraspinatus,"Deltoid, Lateral; Deltoid, Anterior; Coracobrachialis; Trapezius, Middle; Trapezius, Lower; Serratus Anterior",,"Trapezius, Upper; Wrist Extensors",,,,,,,,,,,,,,,,,,,,,,,,
Dumbbell Full Can Lateral Raise,https://exrx.net/WeightExercises/Supraspinatus/DBFullCanLateralRaise,Supraspinatus,"Deltoid, Lateral; Deltoid, Anterior; Coracobrachialis; Trapezius, Middle; Trapezius, Lower; Serratus Anterior",,"Trapezius, Upper; Wrist Extensors",,,,,,,,,,,,,,,,,,,,,,,,
Cable Neck Flexion,https://exrx.net/WeightExercises/Sternocleidomastoid/CBNeckFlx,Sternocleidomastoid,None,,Rectus Abdominis; Obliques,,,,,,,,,,,,,,,,,,,,,,,,
Lever Neck Flexion (plate loaded),https://exrx.net/WeightExercises/Sternocleidomastoid/LVNeckFlexionH,Sternocleidomastoid,None,,"Latissimus Dorsi; Deltoid, Posterior; Rhomboids; Trapezius, Middle; Trapezius, Lower; Triceps Brachii; Rectus Abdominis; Obliques",,,,,,,,,,,,,,,,,,,,,,,,
Lever Lateral Neck Flexion (plate loaded),https://exrx.net/WeightExercises/Sternocleidomastoid/LVLateralNeckFlexionH,Sternocleidomastoid,,,,,,,,,,,,,,"Splenius; Erector Spinae; Levator Scapulae; Trapezius, Upper",Obliques; Quadratus lumborum; Psoas major; Iliocastalis lumborum; Iliocastalis thoracis,"Latissimus Dorsi; Pectoralis Major, Sternal; Pectoralis Major, Clavicular; Coracobrachialis; Pectoralis Minor",,,,,,,,,,,
Lever Neck Flexion,https://exrx.net/WeightExercises/Sternocleidomastoid/LVNeckFlx,Sternocleidomastoid,None,,"Latissimus Dorsi; Deltoid, Posterior; Rhomboids; Trapezius, Middle; Trapezius, Lower; Triceps Brachii; Rectus Abdominis; Obliques",,,,,,,,,,,,,,,,,,,,,,,,
Lever Lateral Neck Flexion,https://exrx.net/WeightExercises/Sternocleidomastoid/LVNeckLtrFlx,Sternocleidomastoid,,,,,,,,,,,,,,"Splenius; Erector Spinae; Levator Scapulae; Trapezius, Upper",Obliques; Quadratus lumborum; Psoas major; Iliocastalis lumborum; Iliocastalis thoracis,"Latissimus Dorsi; Pectoralis Major, Sternal; Pectoralis Major, Clavicular; Coracobrachialis; Pectoralis Minor",,,,,,,,,,,
Weighted Neck Flexion,https://exrx.net/WeightExercises/Sternocleidomastoid/WtNeckFlx,Sternocleidomastoid,None,,Rectus Abdominis; Obliques,,,,,,,,,,,,,,,,,,,,,,,,
Weighted Lateral Neck Flexion,https://exrx.net/WeightExercises/Sternocleidomastoid/WtNeckLateralFlex,Sternocleidomastoid,"Splenius; Erector Spinae; Levator Scapulae; Trapezius, Upper",,,,,,,,,,,,,,,,,,,,,,,,,,
Wall Front Neck Bridge,https://exrx.net/WeightExercises/Sternocleidomastoid/BWWallFrontNeckBridge,Sternocleidomastoid,"Splenius; Trapezius, Upper; Levator Scapulae; Erector Spinae, Cervicis & Capitis Fibers",,Rectus Abdominis; Obliques; Quadriceps,Erector Spinae,,,,,,,,,,,,,,,,,,,,,,,
Wall Side Neck Bridge,https://exrx.net/WeightExercises/Sternocleidomastoid/BWWallSideNeckBridge,Sternocleidomastoid,,,Gluteus Medius; Gluteus Minimus,,,,,,,,,,,"Splenius; Trapezius, Upper; Levator Scapulae; Erector Spinae, Cervicis & Capitis Fibers",,,Obliques; Quadratus lumborum; Psoas major; Iliocastalis lumborum; Iliocastalis thoracis,,,,,,,,,,
Suspended Neck Flexion,https://exrx.net/WeightExercises/Sternocleidomastoid/STNeckFlexion,Sternocleidomastoid,None,,Rectus Abdominis; Obliques; Quadriceps,Erector Spinae,,,,,,,,,,,,,,,,,,,,,,,
Suspended Lateral Neck Flexion,https://exrx.net/WeightExercises/Sternocleidomastoid/STNeckLateralFlexion,Sternocleidomastoid,,,,,,,,,,,,,,"Splenius; Erector Spinae; Levator Scapulae; Trapezius, Upper",Obliques; Quadratus lumborum; Psoas major; Iliocastalis lumborum; Iliocastalis thoracis,,,Gluteus medius; Gluteus minimus; Tensor fasciae latae,,,,,,,,,
Cable Neck Extension,https://exrx.net/WeightExercises/Splenius/CBNeckExt,Splenius,"Trapezius, Upper; Levator Scapulae; Erector Spinae, Cervicis & Capitis Fibers; Sternocleidomastoid, Posterior Fibers",,"Pectoralis Major, Sternal; Pectoralis Major, Clavicular; Pectoralis Minor; Latissimus Dorsi; Rhomboids; Triceps Brachii; Coracobrachialis",,,,,,,,,,,,,,,,,,,,,,,,
Lever Neck Extension (plate loaded),https://exrx.net/WeightExercises/Splenius/LVNeckExtentionH,Splenius,"Trapezius, Upper; Levator Scapulae; Erector Spinae, Cervicis & Capitis Fibers; Sternocleidomastoid, Posterior Fibers",,"Pectoralis Major, Sternal; Pectoralis Major, Clavicular; Pectoralis Minor; Serratus Anterior; Deltoid, Anterior; Triceps Brachii; Coracobrachialis",,,,,,,,,,,,,,,,,,,,,,,,
Lever Neck Extension,https://exrx.net/WeightExercises/Splenius/LVNeckExt,Splenius,"Trapezius, Upper; Levator Scapulae; Erector Spinae, Cervicis & Capitis Fibers; Sternocleidomastoid, Posterior Fibers",,"Pectoralis Major, Sternal; Pectoralis Major, Clavicular; Pectoralis Minor; Serratus Anterior; Deltoid, Anterior; Triceps Brachii; Coracobrachialis",,,,,,,,,,,,,,,,,,,,,,,,
Weighted Seated Neck Extension,https://exrx.net/WeightExercises/Splenius/WtNeckExt,Splenius,"Trapezius, Upper; Levator Scapulae; Erector Spinae,        Cervicis & Capitis Fibers; Sternocleidomastoid,        Posterior Fibers",,No significant stabilizers,,,,,,,,,,,,,,,,,,,,,,,,
Weighted Neck Harness Extension,https://exrx.net/WeightExercises/Splenius/WtNeckHarnessExt,Splenius,"Trapezius, Upper; Levator Scapulae; Erector Spinae,        Cervicis & Capitis Fibers; Sternocleidomastoid,        Posterior Fibers",,No significant stabilizers,,,,,,,,,,,,,,,,,,,,,,,,
Band Resistive Neck Retraction,https://exrx.net/WeightExercises/Splenius/BRNeckRetraction,Splenius,,,"Trapezius, Upper; Levator Scapulae; Erector Spinae, Cervicis & Capitis Fibers; Longus capitis; Longus colli; Rectus capitus",,,,,,,,,,,,,,,,,,,,,,,,
Wall Rear Neck Bridge,https://exrx.net/WeightExercises/Splenius/BWWallRearNeckBridge,Splenius,"Trapezius, Upper; Levator Scapulae; Sternocleidomastoid,          Posterior Fibers; Erector Spinae; Quadriceps",,Gluteus Maximus,,,,,,,,,,,,,,,,,,,,,,,,
Lying Neck Retraction Isometric,https://exrx.net/WeightExercises/Splenius/LyingIsometricNeckRetr,Splenius,,,"Trapezius, Upper; Levator Scapulae; Erector Spinae, Cervicis & Capitis Fibers; Longus capitis; Longus colli; Rectus capitus",,,,,,,,,,,,,,,,,,,,,,,,
Suspended Neck Extension,https://exrx.net/WeightExercises/Splenius/STNeckExtension,Splenius,"Trapezius, Upper; Levator Scapulae; Sternocleidomastoid, Posterior Fibers",,Erector Spinae; Gluteus Maximus; Hamstrings,Rectus Abdominis; Obliques,,,,,,,,,,,,,,,,,,,,,,,
Barbell Standing Leg Calf Raise,https://exrx.net/WeightExercises/Gastrocnemius/BBStandingCalfRaise,Gastrocnemius,Soleus,,No significant stabilizers,,,,,,,,,,,,,,,,,,,,,,,,
Cable Belt Calf Raise,https://exrx.net/WeightExercises/Gastrocnemius/CBStandingCalfRaise,Gastrocnemius,Soleus,,No significant stabilizers,,,,,,,,,,,,,,,,,,,,,,,,
Cable One Arm Single Leg Calf Raise,https://exrx.net/WeightExercises/Gastrocnemius/CBOneArmSingleLegCalfRaise,Gastrocnemius,Soleus,,"Trapezius, Upper; Trapezius, Middle; Levator Scapulae; Gluteus Medius; Gluteus Minimus; Quadratus        Lumborum; Obliques",,,,,,,,,,,,,,,,,,,,,,,,
Dumbbell Standing Calf Raise,https://exrx.net/WeightExercises/Gastrocnemius/DBStandingCalfRaise,Gastrocnemius,Soleus,,"Trapezius, Upper; Trapezius, Middle; Levator Scapulae; Gluteus Medius; Gluteus Minimus",,,,,,,,,,,,,,,,,,,,,,,,
Dumbbell Single Leg Calf Raise,https://exrx.net/WeightExercises/Gastrocnemius/DBSingleLegCalfRaise,Gastrocnemius,Soleus,,"Trapezius, Upper; Trapezius, Middle; Levator Scapulae; Gluteus Medius; Gluteus Minimus; Quadratus        Lumborum; Obliques",,,,,,,,,,,,,,,,,,,,,,,,
Lever 45° Calf Press (plate loaded),https://exrx.net/WeightExercises/Gastrocnemius/LV45CalfPress,Gastrocnemius,Soleus,,No significant stabilizers,,,,,,,,,,,,,,,,,,,,,,,,
Lever Calf Extension (plate loaded),https://exrx.net/WeightExercises/Gastrocnemius/LVSeatedCalfExtensionHammer,Gastrocnemius,Soleus,,No significant stabilizers,,,,,,,,,,,,,,,,,,,,,,,,
Lever Isolateral Seated Calf Press (plate loaded),https://exrx.net/WeightExercises/Gastrocnemius/LVSeatedCalfPressH,Gastrocnemius,Soleus,,No significant stabilizers,,,,,,,,,,,,,,,,,,,,,,,,
Lever Standing Calf Raise (plate loaded),https://exrx.net/WeightExercises/Gastrocnemius/LVStandingCalfRaisePL,Gastrocnemius,Soleus,,"Trapezius, Upper; Trapezius, Middle; Levator Scapulae",,,,,,,,,,,,,,,,,,,,,,,,
Lever 45° Calf Raise,https://exrx.net/WeightExercises/Gastrocnemius/LV45CalfRaise,Gastrocnemius,Soleus,,No significant stabilizers,,,,,,,,,,,,,,,,,,,,,,,,
Lever Calf Extension,https://exrx.net/WeightExercises/Gastrocnemius/LVSeatedCalfExtension,Gastrocnemius,Soleus,,No significant stabilizers,,,,,,,,,,,,,,,,,,,,,,,,
Lever Donkey Calf Raise,https://exrx.net/WeightExercises/Gastrocnemius/LVDonkeyCalfRaise,Gastrocnemius,Soleus,,"Serratus Anterior; Pectoralis Minor; Pectoralis Major, Sternal; Pectoralis Major, Clavicular; Coracobrachialis",,,,,,,,,,,,,,,,,,,,,,,,
Lever Seated Calf Press,https://exrx.net/WeightExercises/Gastrocnemius/LVSeatedCalfPress,Gastrocnemius,Soleus,,No significant stabilizers,,,,,,,,,,,,,,,,,,,,,,,,
Lever Standing Calf Raise,https://exrx.net/WeightExercises/Gastrocnemius/LVStandingCalfRaise,Gastrocnemius,Soleus,,"Trapezius, Upper; Trapezius, Middle; Levator Scapulae",,,,,,,,,,,,,,,,,,,,,,,,
Sled 45° Calf Press,https://exrx.net/WeightExercises/Gastrocnemius/SL45CalfPress,Gastrocnemius,Soleus,,No significant stabilizers,,,,,,,,,,,,,,,,,,,,,,,,
Sled 45° Calf Raise,https://exrx.net/WeightExercises/Gastrocnemius/SL45CalfRaise,Gastrocnemius,Soleus,,No significant stabilizers,,,,,,,,,,,,,,,,,,,,,,,,
Sled Donkey Calf Raise,https://exrx.net/WeightExercises/Gastrocnemius/SLDonkeyCalfRaise,Gastrocnemius,Soleus,,"Serratus Anterior; Pectoralis Minor; Pectoralis Major, Sternal; Pectoralis Major, Clavicular; Coracobrachialis",,,,,,,,,,,,,,,,,,,,,,,,
Sled Lying Calf Press,https://exrx.net/WeightExercises/Gastrocnemius/SLLyingCalfPress,Gastrocnemius,Soleus,,No significant stabilizers,,,,,,,,,,,,,,,,,,,,,,,,
Sled Seated Calf Press,https://exrx.net/WeightExercises/Gastrocnemius/SLSeatedCalfPress,Gastrocnemius,Soleus,,No significant stabilizers,,,,,,,,,,,,,,,,,,,,,,,,
Sled Standing Calf Raise,https://exrx.net/WeightExercises/Gastrocnemius/SLStandingCalfRaise,Gastrocnemius,Soleus,,"Trapezius, Upper; Trapezius, Middle; Levator Scapulae",,,,,,,,,,,,,,,,,,,,,,,,
Smith Standing Leg Calf Raise,https://exrx.net/WeightExercises/Gastrocnemius/SMStandingCalfRaise,Gastrocnemius,Soleus,,No significant stabilizers,,,,,,,,,,,,,,,,,,,,,,,,
Weighted Single Leg Calf Raise,https://exrx.net/WeightExercises/Gastrocnemius/WTSingleLegCalfRaise,Gastrocnemius,Soleus,,Gluteus Medius; Gluteus Minimus; Quadratus        Lumborum; Obliques,,,,,,,,,,,,,,,,,,,,,,,,
Standing Calf Raise,https://exrx.net/WeightExercises/Gastrocnemius/BWStandingCalfRaise,Gastrocnemius,Soleus,,,,,,,,,,,,,,,,,,,,,,,,,,
Single Leg Calf Raise,https://exrx.net/WeightExercises/Gastrocnemius/BWSingleLegCalfRaise,Gastrocnemius,Soleus,,Gluteus Medius; Gluteus Minimus; Quadratus        Lumborum; Obliques,,,,,,,,,,,,,,,,,,,,,,,,
Self-assisted Single Leg Calf Raise,https://exrx.net/WeightExercises/Gastrocnemius/ASSingleLegCalfRaiseSelf,Gastrocnemius,Soleus,,Gluteus Medius; Gluteus Minimus; Quadratus        Lumborum; Obliques,,,,,,,,,,,,,,,,,,,,,,,,
Suspended Forward Angled Single Leg Calf Raise,https://exrx.net/WeightExercises/Gastrocnemius/STSingleLegForwardAngledCalfRaise,Gastrocnemius,Soleus,,"Gluteus Medius; Gluteus Minimus; Quadratus Lumborum; Obliques; Hip External Rotators; Pectoralis Major, Sternal; Pectoralis Major, Clavicular; Pectoralis Minor; Serratus Anterior; Triceps Brachii; Latissimus Dorsi; Teres Major; Rhomboids; Levator Scapulae; Deltoid, Posterior; Coracobrachialis; Rectus Abdominis; Quadriceps; Wrist Flexors",,,,,,,,,,,,,,,,,,,,,,,,
Safety Bar Seated Calf Raise,https://exrx.net/WeightExercises/Soleus/SBSeatedCalfRaise,Soleus,Gastrocnemius,,No significant stabilizers,,,,,,,,,,,,,,,,,,,,,,,,
Lever Seated Calf Raise (plate loaded),https://exrx.net/WeightExercises/Soleus/LVSeatedCalfRaiseH,Soleus,Gastrocnemius,,No significant stabilizers,,,,,,,,,,,,,,,,,,,,,,,,
Lever Seated Calf Raise,https://exrx.net/WeightExercises/Soleus/LVSeatedCalfRaise,Soleus,Gastrocnemius,,No significant stabilizers,,,,,,,,,,,,,,,,,,,,,,,,
Smith Seated Calf Raise,https://exrx.net/WeightExercises/Soleus/SMSeatedCalfRaise,Soleus,Gastrocnemius,,No significant stabilizers,,,,,,,,,,,,,,,,,,,,,,,,
Safety Bar Reverse Calf Raise,https://exrx.net/WeightExercises/TibialisAnterior/SBReverseCalfRaise,Tibialis Anterior,None,,No significant stabilizers,,,,,,,,,,,,,,,,,,,,,,,,
Cable Reverse Calf Raise,https://exrx.net/WeightExercises/TibialisAnterior/CBReverseCalfRaise,Tibialis Anterior,None,,No significant stabilizers,,,,,,,,,,,,,,,,,,,,,,,,
Cable Single Leg Reverse Calf Raise,https://exrx.net/WeightExercises/TibialisAnterior/CBSingleLegReverseCalfRaise,Tibialis Anterior,None,,No significant stabilizers,,,,,,,,,,,,,,,,,,,,,,,,
Dumbbell Reverse Calf Raise,https://exrx.net/WeightExercises/TibialisAnterior/DBReverseCalfRaise,Tibialis Anterior,None,,"Trapezius, Upper; Trapezius, Middle; Levator Scapulae",,,,,,,,,,,,,,,,,,,,,,,,
Dumbbell Single Leg Reverse Calf Raise,https://exrx.net/WeightExercises/TibialisAnterior/DBSingleLegRevCalfRaise,Tibialis Anterior,None,,"Gluteus Medius; Gluteus Maximus; Trapezius, Upper; Trapezius, Middle; Levator Scapulae",,,,,,,,,,,,,,,,,,,,,,,,
Lever 45° Reverse Calf Press (plate loaded),https://exrx.net/WeightExercises/TibialisAnterior/LV45ReverseCalfPress,Tibialis Anterior,None,,No significant stabilizers,,,,,,,,,,,,,,,,,,,,,,,,
Lever 45° Reverse Calf Raise (plate loaded),https://exrx.net/WeightExercises/TibialisAnterior/LV45ReverseCalfRaise,Tibialis Anterior,None,,No significant stabilizers,,,,,,,,,,,,,,,,,,,,,,,,
Lever Reverse Calf Raise (plate loaded),https://exrx.net/WeightExercises/TibialisAnterior/LVReverseCalfRaisePL,Tibialis Anterior,None,,"Trapezius, Upper; Trapezius, Middle; Levator Scapulae",,,,,,,,,,,,,,,,,,,,,,,,
Lever Reverse Calf Extension (plate loaded),https://exrx.net/WeightExercises/TibialisAnterior/LVSeatedReverseCalfExtHammer,Tibialis Anterior,None,,No significant stabilizers,,,,,,,,,,,,,,,,,,,,,,,,
Lever Reverse Calf Extension,https://exrx.net/WeightExercises/TibialisAnterior/LVReverseCalfExtension,Tibialis Anterior,None,,No significant stabilizers,,,,,,,,,,,,,,,,,,,,,,,,
Lever Reverse Calf Raise,https://exrx.net/WeightExercises/TibialisAnterior/LVReverseCalfRaise,Tibialis Anterior,None,,"Trapezius, Upper; Trapezius, Middle; Levator Scapulae",,,,,,,,,,,,,,,,,,,,,,,,
Sled 45° Reverse Calf Press,https://exrx.net/WeightExercises/TibialisAnterior/SL45ReverseCalfPress,Tibialis Anterior,None,,No significant stabilizers,,,,,,,,,,,,,,,,,,,,,,,,
Sled 45° Reverse Calf Raise (plate loaded),https://exrx.net/WeightExercises/TibialisAnterior/SL45ReverseCalfRaisePL,Tibialis Anterior,None,,No significant stabilizers,,,,,,,,,,,,,,,,,,,,,,,,
Sled 45° Reverse Calf Raise (on hack press),https://exrx.net/WeightExercises/TibialisAnterior/SL45ReverseCalfRaiseHackPress,Tibialis Anterior,None,,No significant stabilizers,,,,,,,,,,,,,,,,,,,,,,,,
Sled Hack Reverse Calf Raise,https://exrx.net/WeightExercises/TibialisAnterior/SLHackReverseCalfRaise,Tibialis Anterior,None,,No significant stabilizers,,,,,,,,,,,,,,,,,,,,,,,,
Sled Lying Reverse Calf Press,https://exrx.net/WeightExercises/TibialisAnterior/SLLyingReverseCalfPress,Tibialis Anterior,None,,No significant stabilizers,,,,,,,,,,,,,,,,,,,,,,,,
Sled Seated Reverse Calf Press,https://exrx.net/WeightExercises/TibialisAnterior/SLSeatedReverseCalfPress,Tibialis Anterior,None,,No significant stabilizers,,,,,,,,,,,,,,,,,,,,,,,,
Smith Reverse Calf Raise,https://exrx.net/WeightExercises/TibialisAnterior/SMReverseCalfRaise,Tibialis Anterior,None,,No significant stabilizers,,,,,,,,,,,,,,,,,,,,,,,,
Reverse Calf Raise,https://exrx.net/WeightExercises/TibialisAnterior/BWReverseCalfRaise,Tibialis Anterior,None,,,,,,,,,,,,,,,,,,,,,,,,,,
Single Leg Reverse Calf Raise,https://exrx.net/WeightExercises/TibialisAnterior/BWSingleLegRevCalfRaise,Tibialis Anterior,None,,Gluteus Medius; Gluteus Maximus; Quadratus        Lumborum; Obliques,,,,,,,,,,,,,,,,,,,,,,,,
Barbell Push Crunch,https://exrx.net/WeightExercises/RectusAbdominis/BBPushCrunch,Rectus Abdominis,Obliques,,"Pectoralis Major, Sternal; Pectoralis Major, Clavicular; Pectoralis Minor; Serratus Anterior; Triceps Brachii; Coracobrachialis",,,,,,,,,,,,,,,,,,,,,,,,
Cable Kneeling Crunch,https://exrx.net/WeightExercises/RectusAbdominis/CBKneelingCrunch,Rectus Abdominis,Obliques,,"Iliopsoas; Tensor Fasciae Latae; Rectus Femoris; Sartorius; Latissimus Dorsi; Teres Major; Deltoid, Posterior; Triceps, Long Head; Rhomboids; Trapezius, Lower; Pectoralis Major, Sternal; Pectoralis Major, Clavicular; Coracobrachialis; Pectoralis Minor; Serratus Anterior",,,,,,,,,,,,,,,,,,,,,,,,
Cable Seated Crunch,https://exrx.net/WeightExercises/RectusAbdominis/CBSeatedCrunch,Rectus Abdominis,Obliques,,No significant stabilizers,,,,,,,,,,,,,,,,,,,,,,,,
Cable Standing Crunch (with isolateral straps),https://exrx.net/WeightExercises/RectusAbdominis/CBStandingCrunch,Rectus Abdominis,Obliques,,No significant stabilizers,,,,,,,,,,,,,,,,,,,,,,,,
Cable Standing Overhead Crunch,https://exrx.net/WeightExercises/RectusAbdominis/CBStandingOverheadCrunch,Rectus Abdominis,Obliques,,"Iliopsoas; Tensor Fasciae Latae; Rectus Femoris; Sartorius; Latissimus Dorsi; Teres Major; Deltoid, Posterior; Triceps, Long Head; Rhomboids; Trapezius, Lower; Pectoralis Major, Sternal; Pectoralis Major, Clavicular; Coracobrachialis; Pectoralis Minor; Serratus Anterior",,,,,,,,,,,,,,,,,,,,,,,,
Dumbbell Push Crunch,https://exrx.net/WeightExercises/RectusAbdominis/DBPushCrunch,Rectus Abdominis,Obliques,,"Pectoralis Major, Sternal; Pectoralis Major, Clavicular; Pectoralis Minor; Serratus Anterior; Triceps Brachii; Coracobrachialis",,,,,,,,,,,,,,,,,,,,,,,,
Lever Lying Crunch (plate loaded),https://exrx.net/WeightExercises/RectusAbdominis/LVLyingCrunchPL,Rectus Abdominis,Obliques,,"Pectoralis Major, Sternal; Latissimus Dorsi; Teres Major; Deltoid, Posterior; Triceps, Long Head",,,,,,,,,,,,,,,,,,,,,,,,
Lever Seated Leg Raise Crunch (plate loaded),https://exrx.net/WeightExercises/RectusAbdominis/LVSeatedLegRaiseCrunchPL,Rectus Abdominis,Obliques,,"Tensor Fasciae        Latae; Rectus Femoris; Pectineus; Sartorius; Pectoralis        Major, Sternal; Latissimus Dorsi; Teres Major; Deltoid, Posterior; Triceps, Long        Head",,,,,,,,,,,,,,,,,,,,,,,,
Lever Seated Crunch,https://exrx.net/WeightExercises/RectusAbdominis/LVSeatedCrunch,Rectus Abdominis,Obliques,,"Pectoralis        Major, Sternal; Latissimus Dorsi; Teres Major; Deltoid, Posterior; Triceps, Long        Head",,,,,,,,,,,,,,,,,,,,,,,,
Lever Seated Crunch (arm bar),https://exrx.net/WeightExercises/RectusAbdominis/LVSeatedCrunchArmBar,Rectus Abdominis,Obliques,,"Pectoralis Major, Sternal; Latissimus Dorsi; Teres Major; Deltoid, Posterior; Triceps, Long Head; Coracobrachialis",,,,,,,,,,,,,,,,,,,,,,,,
Lever Seated Crunch (arm pad),https://exrx.net/WeightExercises/RectusAbdominis/LVSeatedCrunchArmPad,Rectus Abdominis,Obliques,,"Pectoralis        Major, Sternal; Latissimus Dorsi; Teres Major; Deltoid, Posterior; Triceps, Long        Head",,,,,,,,,,,,,,,,,,,,,,,,
Lever Seated Crunch (chest pad),https://exrx.net/WeightExercises/RectusAbdominis/LVSeatedCrunchChestPad,Rectus Abdominis,Obliques,,No significant stabilizers,,,,,,,,,,,,,,,,,,,,,,,,
Sled Leg Hip Raise (ab coaster),https://exrx.net/WeightExercises/RectusAbdominis/SLLegHipRaise,Rectus Abdominis,Iliopsoas; Tensor Fasciae        Latae; Sartorius; Rectus Femoris; Obliques,,"Pectoralis        Major, Sternal; Latissimus Dorsi; Teres Major; Deltoid, Posterior; Triceps, Long        Head",,,,,,,,,,,,,,,,,,,,,,,,
Weighted Crunch,https://exrx.net/WeightExercises/RectusAbdominis/WtCrunch,Rectus Abdominis,Obliques,,No significant stabilizers,,,,,,,,,,,,,,,,,,,,,,,,
Weighted Crunch (plate on chest),https://exrx.net/WeightExercises/RectusAbdominis/WtCrunchX,Rectus Abdominis,Obliques,,No significant stabilizers,,,,,,,,,,,,,,,,,,,,,,,,
Weighted Crunch (on stability ball),https://exrx.net/WeightExercises/RectusAbdominis/WtBallCrunch,Rectus Abdominis,Obliques,,No significant stabilizers,,,,,,,,,,,,,,,,,,,,,,,,
Weighted Incline Crunch,https://exrx.net/WeightExercises/RectusAbdominis/WtInclineCrunch,Rectus Abdominis,Obliques,,Tibialis Anterior,,,,,,,,,,,,,,,,,,,,,,,,
Weighted Incline Crunch (arms crossed),https://exrx.net/WeightExercises/RectusAbdominis/WtInclineCrunchX,Rectus Abdominis,Obliques,,Tibialis Anterior,,,,,,,,,,,,,,,,,,,,,,,,
Weighted Incline Sit-up,https://exrx.net/WeightExercises/RectusAbdominis/WtInclineSitUp,Rectus Abdominis,Iliopsoas; Tensor Fasciae          Latae; Rectus Femoris; Sartorius; Obliques,,Tibialis Anterior,,,,,,,,,,,,,,,,,,,,,,,,
Weighted Incline Sit-up (arms crossed),https://exrx.net/WeightExercises/RectusAbdominis/WtInclineSitUpX,Rectus Abdominis,Iliopsoas; Tensor Fasciae          Latae; Rectus Femoris; Sartorius; Obliques,,Tibialis Anterior,,,,,,,,,,,,,,,,,,,,,,,,
Weighted Sit-up,https://exrx.net/WeightExercises/RectusAbdominis/WtSitUp,Rectus Abdominis,Iliopsoas; Tensor Fasciae          Latae; Rectus Femoris; Sartorius; Obliques,,Tibialis Anterior,,,,,,,,,,,,,,,,,,,,,,,,
Weighted Sit-up (arms crossed),https://exrx.net/WeightExercises/RectusAbdominis/WtSitUpX,Rectus Abdominis,Iliopsoas; Tensor Fasciae        Latae; Rectus Femoris; Sartorius; Obliques,,Tibialis Anterior,,,,,,,,,,,,,,,,,,,,,,,,
Cable Isolateral Standing Twisting Crunch (with straps),https://exrx.net/WeightExercises/Obliques/CBStandingTwistingCrunch,Obliques,Rectus Abdominis; Psoas major,,No significant stabilizers,,,,,,,,,,,,,,,,,,,,,,,,
Lever Seated Twisting Leg Raise Crunch (plate loaded),https://exrx.net/WeightExercises/Obliques/LVSeatedTwistingLegRaiseCrunch,Obliques,Rectus Abdominis,,"Tensor Fasciae Latae; Rectus Femoris; Pectineus; Sartorius; Pectoralis Major, Sternal; Latissimus Dorsi; Teres Major; Deltoid, Posterior; Triceps, Long Head; Coracobrachialis",,,,,,,,,,,,,,,,,,,,,,,,
Weighted Incline Twisting Crunch (arms crossed),https://exrx.net/WeightExercises/Obliques/WtInclineTwistingCrunch,Obliques,Rectus Abdominis; Psoas Major,,Tibialis Anterior,,,,,,,,,,,,,,,,,,,,,,,,
Weighted Side Crunch,https://exrx.net/WeightExercises/Obliques/WtSideCrunch,Obliques,Rectus Abdominis,,No significant stabilizers,,,,,,,,,,,,,,,,,,,,,,,,
Weighted Twisting Crunch,https://exrx.net/WeightExercises/Obliques/WtTwistingCrunch,Obliques,Rectus Abdominis; Psoas major,,No significant stabilizers,,,,,,,,,,,,,,,,,,,,,,,,
Weighted Twisting Crunch (on stability ball),https://exrx.net/WeightExercises/Obliques/WtTwistingBallCrunch,Obliques,Rectus Abdominis,,No significant stabilizers,,,,,,,,,,,,,,,,,,,,,,,,
Weighted Incline Twisting Sit-up,https://exrx.net/WeightExercises/Obliques/WtInclineTwistingSitUp,Obliques,Iliopsoas; Tensor Fasciae Latae; Rectus Femoris; Sartorius; Rectus Abdominis,,Tibialis Anterior,,,,,,,,,,,,,,,,,,,,,,,,
Weighted Incline Twisting Sit-up (arms crossed),https://exrx.net/WeightExercises/Obliques/WtInclineTwistingSitUpX,Obliques,Iliopsoas; Tensor Fasciae Latae; Rectus Femoris; Sartorius; Rectus Abdominis,,Tibialis Anterior,,,,,,,,,,,,,,,,,,,,,,,,
Weighted Twisting Sit-up,https://exrx.net/WeightExercises/Obliques/WtTwistingSitUp,Obliques,Iliopsoas; Tensor Fasciae Latae; Rectus Femoris; Sartorius; Rectus Abdominis,,Tibialis Anterior,,,,,,,,,,,,,,,,,,,,,,,,
Weighted Twisting Sit-up (arms crossed),https://exrx.net/WeightExercises/Obliques/WtTwistingSitUpX,Obliques,Iliopsoas; Tensor Fasciae Latae; Rectus Femoris; Sartorius; Rectus Abdominis,,Tibialis Anterior,,,,,,,,,,,,,,,,,,,,,,,,
Crunch,https://exrx.net/WeightExercises/RectusAbdominis/BWCrunch,Rectus Abdominis,Obliques,,No significant stabilizers,,,,,,,,,,,,,,,,,,,,,,,,
Crunch (arms crossed),https://exrx.net/WeightExercises/RectusAbdominis/BWCrunchX,Rectus Abdominis,Obliques,,No significant stabilizers,,,,,,,,,,,,,,,,,,,,,,,,
Crunch (arms down),https://exrx.net/WeightExercises/RectusAbdominis/BWCrunchAD,Rectus Abdominis,Obliques,,No significant stabilizers,,,,,,,,,,,,,,,,,,,,,,,,
Incline Crunch,https://exrx.net/WeightExercises/RectusAbdominis/BWInclineCrunch,Rectus Abdominis,Obliques,,Tibialis Anterior,,,,,,,,,,,,,,,,,,,,,,,,
Incline Crunch (arms down),https://exrx.net/WeightExercises/RectusAbdominis/BWInclineCrunchDown,Rectus Abdominis,Obliques,,Tibialis Anterior,,,,,,,,,,,,,,,,,,,,,,,,
Ball Crunch (on stability ball),https://exrx.net/WeightExercises/RectusAbdominis/BWBallCrunch,Rectus Abdominis,Obliques,,No significant stabilizers,,,,,,,,,,,,,,,,,,,,,,,,
"Crunch (on stability ball, arms crossed)",https://exrx.net/WeightExercises/RectusAbdominis/BWBallCrunchX,Rectus Abdominis,Obliques,,No significant stabilizers,,,,,,,,,,,,,,,,,,,,,,,,
Hanging Leg-Hip Raise (with ab straps),https://exrx.net/WeightExercises/RectusAbdominis/BWHangingLegHipRaiseAbStrap,Rectus Abdominis,Iliopsoas; Tensor Fasciae        Latae; Pectineus; Sartorius; Adductor Longus; Adductor Brevis; Obliques,,,,,Rectus Femoris,,,,,,,,,,,,,,,,,,,,,
Incline Sit-up,https://exrx.net/WeightExercises/RectusAbdominis/BWInclineSitUp,Rectus Abdominis,Iliopsoas; Tensor Fasciae        Latae; Rectus Femoris; Sartorius; Obliques,,Tibialis Anterior,,,,,,,,,,,,,,,,,,,,,,,,
Incline Sit-up (arms crossed),https://exrx.net/WeightExercises/RectusAbdominis/BWInclineSitUpX,Rectus Abdominis,Iliopsoas; Tensor Fasciae          Latae; Rectus Femoris; Sartorius; Obliques,,Tibialis Anterior,,,,,,,,,,,,,,,,,,,,,,,,
Sit-up,https://exrx.net/WeightExercises/RectusAbdominis/BWSitUp,Rectus Abdominis,Iliopsoas; Tensor Fasciae        Latae; Rectus Femoris; Sartorius; Obliques,,Tibialis Anterior,,,,,,,,,,,,,,,,,,,,,,,,
Sit-up (arms crossed),https://exrx.net/WeightExercises/RectusAbdominis/BWSitUpX,Rectus Abdominis,Iliopsoas; Tensor Fasciae        Latae; Rectus Femoris; Sartorius; Obliques,,Tibialis Anterior,,,,,,,,,,,,,,,,,,,,,,,,
Sit-up (arms down),https://exrx.net/WeightExercises/RectusAbdominis/BWSitUpAD,Rectus Abdominis,Iliopsoas; Tensor Fasciae        Latae; Rectus Femoris; Sartorius; Obliques,,Tibialis Anterior,,,,,,,,,,,,,,,,,,,,,,,,
Suspended Jack-knife,https://exrx.net/WeightExercises/RectusAbdominis/STJackknife,Rectus Abdominis,Obliques; Iliopsoas; Tensor Fasciae Latae; Pectineus; Sartorius; Adductor Longus; Adductor Brevis,Rectus Femoris,"Rectus Abdominis; Pectoralis Major; Serratus Anterior; Deltoid, Anterior; Triceps Brachii; Coracobrachialis; Quadriceps","Erector Spinae; Trapezius, Middle; Trapezius, Lower; Rhomboids",,,,,,,,,,,,,,,,,,,,,,,
Suspended Pull Through,https://exrx.net/WeightExercises/RectusAbdominis/STPullThrough,,,,,,,,,,,,,,,,,,,,,,,,,,,,
Front Plank,https://exrx.net/WeightExercises/RectusAbdominis/BWFrontPlank,,,,Obliques; Iliopsoas; Tensor Fasciae Latae; Quadriceps; Sartorius; Pectoralis Major; Coracobrachialis; Serratus Anterior; Pectoralis Minor,"Erector Spinae; Trapezius, Middle; Trapezius, Lower; Rhomboids",,,,,,,,,,,,,,,Rectus Abdominis,,,,,,,,
Abdominal Vacuum,https://exrx.net/WeightExercises/TransverseAbdominis/AbdominalVacuum,"Transverse        Abdominis  	

Compresses and supports abdominal viscera; Compresses and supports abdominal viscera",,,,,,,,,,,,,,,,,,,,,,,,,,,
Cable Side Bend,https://exrx.net/WeightExercises/Obliques/CBSideBend,Obliques,Quadratus lumborum; Psoas major; Iliocastalis lumborum; Iliocastalis thoracis,,"Trapezius, Upper; Trapezius, Middle; Levator Scapulae; Gluteus Medius; Gluteus Minimus",,,,,,,,,,,,,,,,,,,,,,,,
Cable Side Crunch,https://exrx.net/WeightExercises/Obliques/CBSideCrunch,Obliques,Quadratus lumborum; Psoas major; Iliocastalis lumborum; Iliocastalis thoracis,,"Latissimus Dorsi; Teres Major; Pectoralis Major, Sternal; Pectoralis Minor; Rhomboids; Levator Scapulae; Trapezius, Lower; Triceps, Long Head; Brachialis; Brachioradialis; Biceps Brachii; Coracobrachialis",,,,,,,,,,,,,,,,,,,,,,,,
Cable Seated Twist,https://exrx.net/WeightExercises/Obliques/CBSeatedTwist,Obliques,Psoas major; Quadratus lumborum; Iliocastalis lumborum; Iliocastalis thoracis,,"Rectus Abdominis; Erector Spinae; Pectoralis Major, Sternal; Pectoralis Major, Clavicular; Pectoralis Minor; Deltoid, Anterior; Trapezius, Middle; Trapezius, Lower; Rhomboids; Deltoid, Lateral; Deltoid, Posterior; Triceps, Long Head; Coracobrachialis; Adductors, Hip (side of rotating direction)",,,,,,,,,,,,,,,,,,,,,,,,
Dumbbell Side Bend,https://exrx.net/WeightExercises/Obliques/DBSideBend,Obliques,Quadratus lumborum; Psoas major; Iliocastalis lumborum; Iliocastalis thoracis,,"Trapezius, Upper; Trapezius, Middle; Levator Scapulae; Gluteus Medius; Gluteus Minimus",,,,,,,,,,,,,,,,,,,,,,,,
Lever Seated Side Leg Raise Crunch (plate loaded),https://exrx.net/WeightExercises/Obliques/LVSeatedSideLegRaiseCrunch,Obliques,Rectus Abdominis,,"Tensor Fasciae Latae; Rectus Femoris; Pectineus; Sartorius; Pectoralis Major, Sternal; Latissimus Dorsi; Teres Major; Deltoid, Posterior; Triceps, Long Head; Coracobrachialis",,,,,,,,,,,,,,,,,,,,,,,,
Lever Kneeling Twist,https://exrx.net/WeightExercises/Obliques/LVKneelingTwist,Obliques,Psoas major; Quadratus lumborum; Iliocastalis lumborum; Iliocastalis thoracis,,"Pectoralis Major, Sternal; Pectoralis Major, Clavicular; Pectoralis Minor; Deltoid, Anterior; Trapezius, Middle; Trapezius, Lower; Rhomboids; Deltoid, Posterior; Latissimus Dorsi; Triceps, Long Head; Gluteus Maximus",,,,,,,,,,,,,,,,,,,,,,,,
Lever Seated Twist,https://exrx.net/WeightExercises/Obliques/LVTwist,Obliques,Psoas major; Quadratus lumborum; Iliocastalis lumborum; Iliocastalis thoracis,,"Pectoralis Major, Sternal; Pectoralis Major, Clavicular; Pectoralis Minor; Deltoid, Anterior; Trapezius, Middle; Trapezius, Lower; Rhomboids; Deltoid, Posterior; Latissimus Dorsi; Triceps, Long Head; Coracobrachialis; Adductors, Hip (side of rotating direction)",,,,,,,,,,,,,,,,,,,,,,,,
Lever Seated Twist,https://exrx.net/WeightExercises/Obliques/LVTwistLower,Obliques,Psoas major; Quadratus lumborum; Iliocastalis lumborum; Iliocastalis thoracis,,"Pectoralis Major, Sternal; Pectoralis Major, Clavicular; Pectoralis Minor; Deltoid, Anterior; Trapezius, Middle; Trapezius, Lower; Rhomboids; Deltoid, Posterior; Latissimus Dorsi; Triceps, Long Head; Coracobrachialis; Adductors, Hip (opposite side of rotating direction)",,,,,,,,,,,,,,,,,,,,,,,,
Lever Seated Twist (gripless),https://exrx.net/WeightExercises/Obliques/LVTwistGripless,Obliques,Psoas major; Quadratus lumborum; Iliocastalis lumborum; Iliocastalis thoracis,,"Pectoralis Major, Sternal; Pectoralis Major, Clavicular; Pectoralis Minor; Deltoid, Anterior; Coracobrachialis; Adductors, Hip (side of rotating direction)",,,,,,,,,,,,,,,,,,,,,,,,
Sled Side Leg Hip Raise (ab coaster),https://exrx.net/WeightExercises/Obliques/SLSideHipRaiseAbCoaster,Obliques,Rectus Abdominis; Iliopsoas; Tensor Fasciae Latae; Sartorius; Rectus Femoris,,"Pectoralis Major, Sternal; Latissimus Dorsi; Teres Major; Deltoid, Posterior; Triceps, Long Head",,,,,,,,,,,,,,,,,,,,,,,,
Dumbbell One Arm Straight Leg Deadlift,https://exrx.net/WeightExercises/ErectorSpinae/DBOneArmStraightLegDeadlift,Erector Spinae,Obliques; Quadratus lumborum; Hamstrings; Gluteus Maximus; Adductor Magnus,,"Trapezius, Middle; Rhomboids; Latissimus Dorsi; Coracobrachialis; Trapezius, Upper; Levator Scapulae; Trapezius, Lower",Rectus Abdominis,,,,,,,,,,,,,,,,,,,,,,,
45° Side Bend (hands behind head),https://exrx.net/WeightExercises/Obliques/BW45SideBendHandsBehindHead,Obliques,Quadratus lumborum; Psoas major; Iliocastalis lumborum; Iliocastalis thoracis,,Gluteus Medius; Gluteus Minimus,,,,,,,,,,,,,,,,,,,,,,,,
"Side Bend (on stability ball, hand behind head)",https://exrx.net/WeightExercises/Obliques/BWBallSideBend,Obliques,Quadratus        lumborum; Psoas major; Iliocastalis lumborum; Iliocastalis thoracis,,No significant stabilizers,,,,,,,,,,,,,,,,,,,,,,,,
Hanging Twisting Leg Raise,https://exrx.net/WeightExercises/Obliques/BWHangingTwistingLegRaise,Obliques,Iliopsoas; Tensor Fasciae Latae; Pectineus; Sartorius; Adductor Longus; Adductor Brevis,Rectus Femoris,Rectus Abdominis,,,,,,,,,,,,,,,,,,,,,,,,
Hanging Twisting Leg Hip Raise,https://exrx.net/WeightExercises/Obliques/BWHangingTwistingLegHipRaise,Obliques,Rectus Abdominis; Iliopsoas; Tensor Fasciae Latae; Pectineus; Sartorius; Adductor Longus; Adductor Brevis,Rectus Femoris,,,,,,,,,,,,,,,,,,,,,,,,,
Incline Twisting Sit-up,https://exrx.net/WeightExercises/Obliques/BWInclineTwistingSitUp,Obliques,Iliopsoas; Tensor Fasciae          Latae; Rectus Femoris; Sartorius; Rectus Abdominis,,Tibialis Anterior,,,,,,,,,,,,,,,,,,,,,,,,
Incline Twisting Sit-up (arms crossed),https://exrx.net/WeightExercises/Obliques/BWInclineTwistingSitUpX,Obliques,Iliopsoas; Tensor Fasciae        Latae; Rectus Femoris; Sartorius; Rectus Abdominis,,Tibialis Anterior,,,,,,,,,,,,,,,,,,,,,,,,
Twisting Sit-up,https://exrx.net/WeightExercises/Obliques/BWTwistingSitUp,Obliques,Iliopsoas; Tensor Fasciae        Latae; Rectus Femoris; Sartorius; Rectus Abdominis,,Tibialis Anterior,,,,,,,,,,,,,,,,,,,,,,,,
Twisting Sit-up (arms crossed),https://exrx.net/WeightExercises/Obliques/BWTwistingSitUpX,Obliques,Iliopsoas; Tensor Fasciae        Latae; Rectus Femoris; Sartorius; Rectus Abdominis,,Tibialis Anterior,,,,,,,,,,,,,,,,,,,,,,,,
Incline Twisting Crunch,https://exrx.net/WeightExercises/Obliques/BWInclineTwistingCrunch,Obliques,Rectus Abdominis; Psoas Major,,Tibialis Anterior,,,,,,,,,,,,,,,,,,,,,,,,
Incline Twisting Crunch (arms crossed),https://exrx.net/WeightExercises/Obliques/BWInclineTwistingCrunchX,Obliques,Rectus Abdominis; Psoas Major,,Tibialis Anterior,,,,,,,,,,,,,,,,,,,,,,,,
Side Crunch,https://exrx.net/WeightExercises/Obliques/BWSideCrunch,Obliques,Rectus Abdominis,,No significant stabilizers,,,,,,,,,,,,,,,,,,,,,,,,
Twisting Crunch,https://exrx.net/WeightExercises/Obliques/BWTwistingCrunch,Obliques,Rectus Abdominis; Psoas Major,,,,,,,,,,,,,,,,,,,,,,,,,,
Twisting Crunch (arms crossed),https://exrx.net/WeightExercises/Obliques/BWTwistingCrunchX,Obliques,Rectus Abdominis; Psoas Major,,,,,,,,,,,,,,,,,,,,,,,,,,
Twisting Crunch (on stability ball),https://exrx.net/WeightExercises/Obliques/BWTwistingBallCrunch,Obliques,Rectus Abdominis,,No significant stabilizers,,,,,,,,,,,,,,,,,,,,,,,,
Suspended Twisting Jack-knife,https://exrx.net/WeightExercises/Obliques/STTwistingJackknife,Obliques,Iliopsoas; Tensor Fasciae Latae; Sartorius; Pectineus; Adductor Longus; Adductor Brevis; Quadratus lumborum; Iliocastalis lumborum; Iliocastalis thoracis,Rectus Femoris,"Rectus Abdominis; Pectoralis Major; Serratus Anterior; Deltoid, Anterior; Triceps Brachii; Coracobrachialis; Quadriceps","Erector Spinae; Trapezius, Middle; Trapezius, Lower; Rhomboids",,,,,,,,,,,,,,,,,,,,,,,
Side Plank,https://exrx.net/WeightExercises/Obliques/BWSidePlank,Obliques,,,"Gluteus Medius; Gluteus Minimus; Tensor Fasciae Latae; Quadratus lumborum; Psoas major; Iliocastalis lumborum; Iliocastalis thoracis; Adductors, Hip; Pectineus; Gracilis; Gluteus Maximus, Lower Fibers; Latissimus dorsi; Pectoralis major; Pectoralis minor; Levator Scapulae",Obliques; Iliocastalis lumborum; Iliocastalis thoracis,,,,,,,,,,,,,,,,,,,,,,,
Bent Knee Side Plank,https://exrx.net/WeightExercises/Obliques/BWBentKneeSidePlank,Obliques,,,"Gluteus Medius; Gluteus Minimus; Tensor Fasciae Latae; Quadratus lumborum; Psoas major; Iliocastalis lumborum; Iliocastalis thoracis; Adductors, Hip; Pectineus; Gluteus Maximus, Lower Fibers; Latissimus dorsi; Pectoralis major; Pectoralis minor; Levator Scapulae",Obliques; Iliocastalis lumborum; Iliocastalis thoracis,,,,,,,,,,,,,,,,,,,,,,,
Barbell Bent Knee Good-morning,https://exrx.net/WeightExercises/ErectorSpinae/BBBentKneeGoodMorning,,Gluteus Maximus; Hamstrings; Adductor Magnus,,Quadriceps,,Rectus Abdominis; Obliques,,,,,,Erector Spinae,,,,,,,,,,,,,,,,
Barbell Deadlift,https://exrx.net/WeightExercises/ErectorSpinae/BBDeadlift,,Gluteus Maximus; Adductor Magnus; Quadriceps; Hamstrings (top half); Soleus,Hamstrings (bottom half); Gastrocnemius,"Trapezius, Middle; Trapezius, Upper; Levator Scapulae; Rhomboids",Rectus Abdominis; Obliques,,,,,,,Erector Spinae,,,,,,,,,,,,,,,,
Barbell Stiff Leg Deadlift,https://exrx.net/WeightExercises/ErectorSpinae/BBStiffLegDeadlift,Erector Spinae,Gluteus Maximus; Adductor Magnus; Hamstrings,,"Quadriceps; Trapezius, Middle; Rhomboids; Latissimus Dorsi; Trapezius, Upper; Levator Scapulae; Trapezius, Lower",Rectus Abdominis; Obliques,,,,,,,,,,,,,,,,,,,,,,,
Barbell Straight Leg Deadlift,https://exrx.net/WeightExercises/ErectorSpinae/BBStraightLegDeadlift,Erector Spinae,Hamstrings; Gluteus Maximus; Adductor Magnus,,"Trapezius, Middle; Rhomboids; Latissimus Dorsi; Trapezius, Upper; Levator Scapulae; Trapezius, Lower",,Rectus Abdominis; Obliques,,,,,,,,,,,,,,,,,,,,,,
Barbell Hyperextension,https://exrx.net/WeightExercises/ErectorSpinae/BBHyperextension,Erector Spinae,Gluteus Maximus; Hamstrings; Adductor Magnus,,"Latissimus Dorsi; Teres Major; Deltoid, Posterior; Triceps, Long Head; Brachialis; Brachioradialis; Biceps Brachii; Coracobrachialis; Trapezius, Lower; Pectoralis Minor; Rhomboids",,,,,,,,,,,,,,,,,,,,,,,,
Barbell 45° Hyperextension,https://exrx.net/WeightExercises/ErectorSpinae/BB45Hyperextension,Erector Spinae,Gluteus Maximus; Hamstrings; Adductor Magnus,,"Latissimus Dorsi; Teres Major; Deltoid, Posterior; Triceps, Long Head; Brachialis; Brachioradialis; Biceps Brachii; Coracobrachialis; Trapezius, Lower; Pectoralis Minor; Rhomboids",,,,,,,,,,,,,,,,,,,,,,,,
Cable Stiff Leg Deadlift,https://exrx.net/WeightExercises/ErectorSpinae/CBStiffLegDeadlift,Erector Spinae,Gluteus Maximus; Adductor Magnus; Hamstrings,,"Quadriceps; Trapezius, Middle; Rhomboids; Latissimus Dorsi; Trapezius, Upper; Levator Scapulae; Trapezius, Lower",,Rectus Abdominis; Obliques,,,,,,,,,,,,,,,,,,,,,,
Lever Deadlift (plate loaded),https://exrx.net/WeightExercises/ErectorSpinae/LVDeadlift,,Gluteus Maximus; Adductor Magnus; Quadriceps; Soleus,Hamstrings; Gastrocnemius,"Trapezius, Middle; Trapezius, Upper; Levator Scapulae; Rhomboids",Rectus Abdominis; Obliques,,,,,,,,,,,,,,,,Erector Spinae,,,,,,,
Lever Stiff Leg Deadlift (plate loaded),https://exrx.net/WeightExercises/ErectorSpinae/LVStiffLegDeadlift,Erector Spinae,Gluteus Maximus; Adductor Magnus; Hamstrings,,"Quadriceps; Trapezius, Middle; Rhomboids; Latissimus Dorsi; Trapezius, Upper; Levator Scapulae; Trapezius, Lower",,Rectus Abdominis; Obliques,,,,,,,,,,,,,,,,,,,,,,
Lever Back Extension,https://exrx.net/WeightExercises/ErectorSpinae/LVBackExtensionN,Erector Spinae,,,Quadriceps; Gluteus Maximus; Adductor Magnus; Hamstrings,,,,,,,,,,,,,,,,,,,,,,,,
Lever Back Extension,https://exrx.net/WeightExercises/ErectorSpinae/LVBackExtension,Erector Spinae,,,Quadriceps,,,,,,,,,,,,,,,,,,Gluteus Maximus; Adductor Magnus; Hamstrings,,,,,,
Smith Bent Knee Good-morning,https://exrx.net/WeightExercises/ErectorSpinae/SMBentKneeGoodMorning,,Gluteus Maximus; Hamstrings; Adductor Magnus,,Quadriceps,,Rectus Abdominis; Obliques,,,,,,,,,,,,,,,,,Erector Spinae,,,,,
Smith Deadlift,https://exrx.net/WeightExercises/ErectorSpinae/SMDeadlift,Erector Spinae,Gluteus Maximus; Quadriceps; Adductor Magnus; Hamstrings (top half); Soleus,Hamstrings (bottom half); Gastrocnemius,"Trapezius, Middle; Trapezius, Upper; Levator Scapulae; Rhomboids",Rectus Abdominis; Obliques,,,,,,,,,,,,,,,,,,,,,,,
Smith Stiff Leg Deadlift,https://exrx.net/WeightExercises/ErectorSpinae/SMStiffLegDeadlift,Erector Spinae,Gluteus Maximus; Hamstrings; Adductor Magnus,,"Quadriceps; Trapezius, Middle; Rhomboids; Latissimus Dorsi; Trapezius, Upper; Levator Scapulae; Trapezius, Lower",Rectus Abdominis; Obliques,,,,,,,,,,,,,,,,,,,,,,,
Weighted Hyperextension,https://exrx.net/WeightExercises/ErectorSpinae/WtHyperextension,Erector Spinae,Gluteus Maximus; Hamstrings; Adductor Magnus,,See comments,,,,,,,,,,,,,,,,,,,,,,,,
Weighted 45° Hyperextension,https://exrx.net/WeightExercises/ErectorSpinae/Wt45Hyperextension,Erector Spinae,Gluteus Maximus; Hamstrings; Adductor Magnus,,See comments,,,,,,,,,,,,,,,,,,,,,,,,
Cable Seated Row,https://exrx.net/WeightExercises/BackGeneral/CBSeatedRow,"Back, General","Erector Spinae; Trapezius, Middle; Trapezius, Lower; Rhomboids; Latissimus Dorsi; Teres Major; Deltoid, Posterior; Infraspinatus; Teres Minor; Brachialis; Brachioradialis; Pectoralis Major, Sternal","Biceps Brachii; Triceps, Long Head",Hamstrings; Gluteus Maximus; Adductor Magnus,,,,,,,,,,,,,,,,,,,,,,,,
Cable Wide Grip Seated Row,https://exrx.net/WeightExercises/BackGeneral/CBWideGripSeatedRow,"Back, General","Trapezius, Middle; Trapezius, Lower; Rhomboids; Latissimus Dorsi; Teres Major; Deltoid, Posterior; Infraspinatus; Teres Minor; Brachialis; Brachioradialis; Pectoralis Major, Sternal; Erector Spinae","Biceps Brachii; Triceps, Long Head",Hamstrings; Gluteus Maximus; Adductor Magnus,,,,,,,,,,,,,,,,,,,,,,,,
"Back Extension (on stability ball, arms down)",https://exrx.net/WeightExercises/ErectorSpinae/BWHyperextensionBall,Erector Spinae,,,No significant stabilizers,,,,,,,,,,,,,,,,,,Gluteus Maximus; Adductor Magnus,,,,,,
Bird Dog,https://exrx.net/WeightExercises/ErectorSpinae/BWBirdDog,Erector Spinae,"Gluteus Maximus; Trapezius, Lower; Trapezius, Middle; Deltoid, Anterior; Deltoid, Lateral; Coracobrachialis",Hamstrings,"Gluteus medius; Gluteus minimus; Piriformis; Obturator externus; Pectoralis Major, Sternal; Pectoralis Major, Clavicular; Serratus Anterior; Triceps Brachii",Rectus Abdominis; Obliques,,,,,,,,,,,,,,,,,,,,,,,
Alternating Bird Dog,https://exrx.net/WeightExercises/ErectorSpinae/BWAlternatingBirdDog,Erector Spinae,"Gluteus Maximus; Trapezius, Lower; Trapezius, Middle; Deltoid, Anterior; Deltoid, Lateral; Coracobrachialis",Hamstrings,"Gluteus medius; Gluteus minimus; Piriformis; Obturator externus; Pectoralis Major, Sternal; Pectoralis Major, Clavicular; Serratus Anterior; Triceps Brachii; Rectus Abdominis; Obliques",,,,,,,,,,,,,,,,,,,,,,,,
45° Hyperextension (hands behind hips),https://exrx.net/WeightExercises/ErectorSpinae/BW45HyperextensionHips,Erector Spinae,Gluteus Maximus; Hamstrings; Adductor Magnus,,No significant stabilizers,,,,,,,,,,,,,,,,,,,,,,,,
45° Hyperextension (arms crossed),https://exrx.net/WeightExercises/ErectorSpinae/BW45HyperextensionArmsCrossed,Erector Spinae,Gluteus Maximus; Hamstrings; Adductor Magnus,,No significant stabilizers,,,,,,,,,,,,,,,,,,,,,,,,
45° Hyperextension (arms up),https://exrx.net/WeightExercises/ErectorSpinae/BW45HyperextensionArmsUp,Erector Spinae,Gluteus Maximus; Hamstrings; Adductor Magnus,,No significant stabilizers,,,,,,,,,,,,,,,,,,,,,,,,
45° Hyperextension (hands behind neck),https://exrx.net/WeightExercises/ErectorSpinae/BW45HyperextensionNeck,Erector Spinae,Gluteus Maximus; Hamstrings; Adductor Magnus,,No significant stabilizers,,,,,,,,,,,,,,,,,,,,,,,,
Superman,https://exrx.net/WeightExercises/ErectorSpinae/Superman,Erector Spinae,Gluteus Maximus; Hamstrings,,"Deltoid, Anterior; Deltoid, Lateral; Coracobrachialis; Trapezius, Lower; Trapezius, Middle; Splenius",,,,,,,,,,,,,,,,,,,,,,,,
Contralateral Superman,https://exrx.net/WeightExercises/ErectorSpinae/ContraLateralSuperman,Erector Spinae,"Gluteus Maximus; Hamstrings; Trapezius, Lower; Trapezius, Middle",,"Deltoid, Anterior; Deltoid, Lateral; Coracobrachialis; Splenius",,,,,,,,,,,,,,,,,,,,,,,,
Suspended Pull Through,https://exrx.net/WeightExercises/ErectorSpinae/STPullThrough,,,,,,,,,,,,,,,,,,,,,,,,,,,,
Rear Bridge,https://exrx.net/WeightExercises/ErectorSpinae/BackPlank,Erector Spinae,,,"Gluteus Maximus; Triceps Brachii; Trapezius, Middle; Trapezius, Lower; Rhomboids; Levator Scapulae; Latissimus Dorsi",Rectus Abdominis; Obliques,,,,,,,,,,,,,,,,,,,,,,,
Incline Rear Bridge,https://exrx.net/WeightExercises/ErectorSpinae/RearInclinePlank,Erector Spinae,,,"Gluteus Maximus; Hamstrings; Triceps Brachii; Trapezius, Middle; Trapezius, Lower; Rhomboids; Levator Scapulae; Latissimus Dorsi",Rectus Abdominis; Obliques,,,,,,,,,,,,,,,,,,,,,,,
Barbell Lunge,https://exrx.net/WeightExercises/Quadriceps/BBLunge,Quadriceps,Gluteus Maximus; Adductor Magnus; Soleus,,Erector Spinae; Tibialis Anterior; Gluteus Medius; Gluteus Minimus; Quadratus        Lumborum; Obliques,,,Hamstrings; Gastrocnemius,,,,,,,,,,,,,,,,,,,,,
Barbell Rear Lunge,https://exrx.net/WeightExercises/Quadriceps/BBRearLunge,Quadriceps,Gluteus Maximus; Adductor Magnus; Soleus,Hamstrings; Gastrocnemius,Erector Spinae; Gluteus Medius; Gluteus Minimus; Quadratus Lumborum; Obliques,,,,,,,,,,,,,,,,,,,,,,,,
Barbell Single Leg Split Squat,https://exrx.net/WeightExercises/Quadriceps/BBSingleLegSplitSquat,Quadriceps,Gluteus Maximus; Adductor Magnus; Soleus,,Erector Spinae; Gluteus Medius; Gluteus Minimus,,,Hamstrings; Gastrocnemius,,,,,,,,,,,,,,,,,,,,,
Barbell Single Leg Squat,https://exrx.net/WeightExercises/Quadriceps/BBSingleLegSquat,Quadriceps,Gluteus Maximus; Adductor Magnus; Soleus; Erector Spinae (see notes),Hamstrings; Gastrocnemius,Gluteus Medius; Gluteus Minimus; Quadratus Lumborum; Obliques; Rectus Abdominis,,,,,,,Iliopsoas; Tensor Fasciae Latae; Pectineus; Sartorius; Quadriceps,,,,,,,,,,,,,"Deltoid, Anterior; Pectoralis Major, Clavicular; Deltoid, Lateral; Trapezius, Upper; Trapezius, Middle; Trapezius, Lower; Serratus Anterior, Inferior Digitations; Levator Scapulae; Wrist Extensors",,,,
Barbell Split Squat,https://exrx.net/WeightExercises/Quadriceps/BBSplitSquat,Quadriceps,Gluteus Maximus; Adductor Magnus; Soleus,Hamstrings; Gastrocnemius,Erector Spinae; Gluteus Medius; Gluteus Minimus,,,,,,,,,,,,,,,,,,,,,,,,
Barbell Squat,https://exrx.net/WeightExercises/Quadriceps/BBSquat,Quadriceps,Gluteus Maximus; Adductor Magnus; Soleus,,Erector Spinae,,Rectus Abdominis; Obliques,Hamstrings; Gastrocnemius,,,,,,,,,,,,,,,,,,,,,
Barbell Front Squat,https://exrx.net/WeightExercises/Quadriceps/BBFrontSquat,Quadriceps,Gluteus Maximus; Adductor Magnus; Soleus,Hamstrings; Gastrocnemius,"Erector Spinae; Deltoid, Anterior; Deltoid, Lateral; Supraspinatus; Pectoralis Major, Clavicular; Coracobrachialis; Trapezius, Upper; Trapezius, Middle; Levator Scapulae; Trapezius, Lower; Serratus Anterior",Rectus Abdominis; Obliques,,,,,,,,,,,,,,,,,,,,,,,
Trap Bar Squat,https://exrx.net/WeightExercises/Quadriceps/TBSquat,Quadriceps,Gluteus Maximus; Adductor Magnus; Soleus,Hamstrings; Gastrocnemius,"Erector Spinae; Trapezius, Upper; Trapezius, Middle; Levator Scapulae; Rhomboids",Rectus Abdominis; Obliques,,,,,,,,,,,,,,,,,,,,,,,
Barbell Step-up,https://exrx.net/WeightExercises/Quadriceps/BBStepUp,Quadriceps,Gluteus Maximus; Adductor Magnus; Soleus; Gastrocnemius        (second leg),,Erector Spinae; Gluteus Medius; Gluteus Minimus; Quadratus        Lumborum; Obliques,,Rectus Abdominis; Obliques,Hamstrings; Gastrocnemius        (first leg),,,,,,,,,,,,,,,,,,,,,
Cable Rear Lunge,https://exrx.net/WeightExercises/Quadriceps/CBRearLunge,Quadriceps,Gluteus Maximus; Adductor Magnus; Soleus,Hamstrings; Gastrocnemius,"Erector Spinae; Trapezius, Upper; Trapezius, Lower; Levator Scapulae; Gluteus Medius; Gluteus Minimus; Quadratus Lumborum; Obliques",,,,,,,,,,,,,,,,,,,,,,,,
Cable Split Squat,https://exrx.net/WeightExercises/Quadriceps/CBLungeTwoArm,Quadriceps,Gluteus Maximus; Adductor Magnus; Soleus,Hamstrings; Gastrocnemius,"Trapezius, Upper; Trapezius, Middle; Levator Scapulae; Erector Spinae; Obliques",,,,,,,,,,,,,,,,,,,,,,,,
Cable Squat,https://exrx.net/WeightExercises/Quadriceps/CBSquat,Quadriceps,Gluteus Maximus; Adductor Magnus; Soleus,,"Erector Spinae; Trapezius, Upper; Trapezius, Middle; Levator Scapulae",,Rectus Abdominis; Obliques,Hamstrings; Gastrocnemius,,,,,,,,,,,,,,,,,,,,,
Cable Step Down,https://exrx.net/WeightExercises/Quadriceps/CBSingleLegSquat,Quadriceps,Gluteus Maximus; Adductor Magnus; Soleus,,Gluteus Medius; Gluteus Minimus; Quadratus        Lumborum; Obliques,,,Hamstrings; Gastrocnemius,,,,,,,,,,,,,,,,,,,,,
Cable Step-up,https://exrx.net/WeightExercises/Quadriceps/CBStepUp,Quadriceps,Gluteus Maximus; Adductor Magnus; Soleus; Gastrocnemius (second leg),Hamstrings; Gastrocnemius (first leg),"Erector Spinae; Trapezius, Upper; Trapezius, Middle; Levator Scapulae; Gluteus Medius; Gluteus Minimus; Quadratus Lumborum; Obliques",Rectus Abdominis,,,,,,,,,,,,,,,,,,,,,,,
Dumbbell Lunge,https://exrx.net/WeightExercises/Quadriceps/DBLunge,Quadriceps,Gluteus Maximus; Adductor Magnus; Soleus,,"Erector Spinae; Trapezius, Upper; Trapezius, Lower; Levator Scapulae; Tibialis Anterior; Gluteus Medius; Gluteus Minimus; Quadratus        Lumborum; Obliques",,,Hamstrings; Gastrocnemius,,,,,,,,,,,,,,,,,,,,,
Dumbbell Rear Lunge,https://exrx.net/WeightExercises/Quadriceps/DBRearLunge,Quadriceps,Gluteus Maximus; Adductor Magnus; Soleus,Hamstrings; Gastrocnemius,"Erector Spinae; Trapezius, Upper; Trapezius, Lower; Levator Scapulae; Gluteus Medius; Gluteus Minimus; Quadratus Lumborum; Obliques",,,,,,,,,,,,,,,,,,,,,,,,
Dumbbell Split Squat,https://exrx.net/WeightExercises/Quadriceps/DBSplitSquat,Quadriceps,Gluteus Maximus; Adductor Magnus; Soleus,Hamstrings; Gastrocnemius,Erector Spinae; Gluteus Medius; Gluteus Minimus,,,,,,,,,,,,,,,,,,,,,,,,
Dumbbell Squat,https://exrx.net/WeightExercises/Quadriceps/DBSquat,Quadriceps,Gluteus Maximus; Adductor Magnus; Soleus,Hamstrings; Gastrocnemius,"Erector Spinae; Trapezius, Upper; Trapezius, Middle; Levator Scapulae; Rhomboids",Rectus Abdominis; Obliques,,,,,,,,,,,,,,,,,,,,,,,
Dumbbell Front Squat,https://exrx.net/WeightExercises/Quadriceps/DBFrontSquat,Quadriceps,Gluteus Maximus; Adductor Magnus; Soleus,,"Erector Spinae; Trapezius, Upper; Trapezius, Middle; Levator Scapulae",,Rectus Abdominis; Obliques,Hamstrings; Gastrocnemius,,,,,,,,,,,,,,,,,,,,,
Dumbbell Step-up,https://exrx.net/WeightExercises/Quadriceps/DBStepUp,Quadriceps,Gluteus Maximus; Adductor Magnus; Soleus; Gastrocnemius (second leg),Hamstrings; Gastrocnemius (first leg),"Erector Spinae; Trapezius, Upper; Trapezius, Middle; Levator Scapulae; Gluteus Medius; Gluteus Minimus; Quadratus Lumborum; Obliques",Rectus Abdominis,,,,,,,,,,,,,,,,,,,,,,,
Dumbbell Step Down,https://exrx.net/WeightExercises/Quadriceps/DBStepDown,Quadriceps,Gluteus Maximus; Adductor Magnus; Soleus; Gastrocnemius        (following leg),,Erector Spinae; Gluteus Medius; Gluteus Minimus; Quadratus        Lumborum; Obliques,,Rectus Abdominis; Obliques,Hamstrings; Gastrocnemius        (lead leg),,,,,,,,,,,,,,,,,,,,,
Lever 45° Leg Press (plate loaded),https://exrx.net/WeightExercises/Quadriceps/LV45LegPress,Quadriceps,Gluteus Maximus; Adductor Magnus; Soleus,Hamstrings; Gastrocnemius,,,,,,,,,,,,,,,,,,,,,,,,,
Lever Lying Leg Press (plate loaded),https://exrx.net/WeightExercises/Quadriceps/LVLyingLegPressH,Quadriceps,Gluteus Maximus; Adductor Magnus; Soleus,,,,,Hamstrings; Gastrocnemius,,,,,,,,,,,,,,,,,,,,,
Lever Seated Leg Press (plate loaded),https://exrx.net/WeightExercises/Quadriceps/LVSeatedLegPressH,Quadriceps,Gluteus Maximus; Adductor Magnus; Soleus,,,,,Hamstrings; Gastrocnemius,,,,,,,,,,,,,,,,,,,,,
Lever Single Leg Squat (plate loaded),https://exrx.net/WeightExercises/Quadriceps/LVSingleLegSquat,Quadriceps,Gluteus Maximus; Adductor Magnus; Soleus,Hamstrings; Gastrocnemius,Erector Spinae; Gluteus Medius; Gluteus Minimus; Quadratus Lumborum; Obliques,,,,,,,,,,,,,,,,,,,,,,,,
Lever Split Squat (plate loaded),https://exrx.net/WeightExercises/Quadriceps/LVSplitSquat,Quadriceps,Gluteus Maximus; Adductor Magnus; Soleus,,"Erector Spinae; Trapezius, Upper; Trapezius, Lower; Levator Scapulae; Gluteus Medius; Gluteus Minimus",,,Hamstrings; Gastrocnemius,,,,,,,,,,,,,,,,,,,,,
Lever Squat (plate loaded),https://exrx.net/WeightExercises/Quadriceps/LVSquatPL,Quadriceps,Gluteus Maximus; Adductor Magnus; Soleus,,"Erector Spinae; Trapezius, Upper; Trapezius, Middle; Levator Scapulae",,Rectus Abdominis; Obliques,Hamstrings; Gastrocnemius,,,,,,,,,,,,,,,,,,,,,
Lever Barbell Squat (plate loaded),https://exrx.net/WeightExercises/Quadriceps/LVBBSquat,Quadriceps,Gluteus Maximus; Adductor Magnus; Soleus,,Erector Spinae,,Rectus Abdominis; Obliques,Hamstrings; Gastrocnemius,,,,,,,,,,,,,,,,,,,,,
Lever Leg Extension,https://exrx.net/WeightExercises/Quadriceps/LVLegExtension,Quadriceps,None,,"Trapezius, Upper; Trapezius, Middle; Levator Scapulae; Brachioradialis; Brachialis; Biceps Brachii",,,,,,,,,,,,,,,,,,,,,,,,
Lever Seated Leg Press,https://exrx.net/WeightExercises/Quadriceps/LVSeatedLegPress,Quadriceps,Gluteus Maximus; Adductor Magnus; Soleus,,,,,Hamstrings; Gastrocnemius,,,,,,,,,,,,,,,,,,,,,
Lever Squat,https://exrx.net/WeightExercises/Quadriceps/LVSquat,Quadriceps,Gluteus Maximus; Adductor Magnus; Soleus,,"Erector Spinae; Trapezius, Upper; Trapezius, Middle; Levator Scapulae",,Rectus Abdominis; Obliques,Hamstrings; Gastrocnemius,,,,,,,,,,,,,,,,,,,,,
Lever V-Squat,https://exrx.net/WeightExercises/Quadriceps/LVVSquat,Quadriceps,Gluteus Maximus; Adductor Magnus; Soleus,,,,,Hamstrings; Gastrocnemius,,,,,,,,,,,,,,,,,,,,,
Sled 45° Leg Press,https://exrx.net/WeightExercises/Quadriceps/SL45LegPress,Quadriceps,Gluteus Maximus; Adductor Magnus; Soleus,,,,,Hamstrings; Gastrocnemius,,,,,,,,,,,,,,,,,,,,,
Sled Lying Leg Press,https://exrx.net/WeightExercises/Quadriceps/SLLyingLegPress,Quadriceps,Gluteus Maximus; Adductor Magnus; Soleus,,,,,Hamstrings; Gastrocnemius,,,,,,,,,,,,,,,,,,,,,
Sled Seated Leg Press,https://exrx.net/WeightExercises/Quadriceps/SLSeatedLegPress,Quadriceps,Gluteus Maximus; Adductor Magnus; Soleus,,,,,Hamstrings; Gastrocnemius,,,,,,,,,,,,,,,,,,,,,
Sled Squat,https://exrx.net/WeightExercises/Quadriceps/SLSquat,Quadriceps,Gluteus Maximus; Adductor Magnus; Soleus,,"Erector Spinae; Trapezius, Upper; Trapezius, Middle; Levator Scapulae",,Rectus Abdominis; Obliques,Hamstrings; Gastrocnemius,,,,,,,,,,,,,,,,,,,,,
Sled Hack Squat,https://exrx.net/WeightExercises/Quadriceps/SLHackSquat,Quadriceps,Gluteus Maximus; Adductor Magnus; Soleus,,,,,Hamstrings; Gastrocnemius,,,,,,,,,,,,,,,,,,,,,
Smith Rear Lunge,https://exrx.net/WeightExercises/Quadriceps/SMRearLunge,Quadriceps,Gluteus Maximus; Adductor Magnus; Soleus,Hamstrings; Gastrocnemius,Erector Spinae; Gluteus Medius; Gluteus Minimus; Quadratus Lumborum; Obliques,,,,,,,,,,,,,,,,,,,,,,,,
Smith Squat,https://exrx.net/WeightExercises/Quadriceps/SMSquat,Quadriceps,Gluteus Maximus; Adductor Magnus; Soleus,,Erector Spinae,,Rectus Abdominis; Obliques,Hamstrings; Gastrocnemius,,,,,,,,,,,,,,,,,,,,,
Weighted Single Leg Squat,https://exrx.net/WeightExercises/Quadriceps/WTSingleLegSquat,Quadriceps,Gluteus Maximus; Adductor Magnus; Soleus; Erector Spinae (see notes),Hamstrings; Gastrocnemius,Gluteus Medius; Gluteus Minimus; Quadratus Lumborum; Obliques; Rectus Abdominis,,,,,,,Iliopsoas; Tensor Fasciae Latae; Pectineus; Sartorius; Quadriceps,,,,,,,,,,,,,"Deltoid, Anterior; Pectoralis Major, Clavicular; Deltoid, Lateral; Coracobrachialis; Trapezius, Upper; Trapezius, Middle; Trapezius, Lower; Serratus Anterior, Inferior Digitations; Levator Scapulae; Wrist Extensors",,,,
Rear Lunge,https://exrx.net/WeightExercises/Quadriceps/BWRearLunge,Quadriceps,Gluteus Maximus; Adductor Magnus; Soleus,Hamstrings; Gastrocnemius,Gluteus Medius; Gluteus Minimus; Quadratus Lumborum; Obliques,,,,,,,,,,,,,,,,,,,,,,,,
Lunge,https://exrx.net/WeightExercises/Quadriceps/BWLunge,Quadriceps,Gluteus Maximus; Adductor Magnus; Soleus,,Tibialis Anterior; Gluteus Medius; Gluteus Minimus; Quadratus        Lumborum; Obliques,,,Hamstrings; Gastrocnemius,,,,,,,,,,,,,,,,,,,,,
Single Leg Squat (pistol),https://exrx.net/WeightExercises/Quadriceps/BWSingleLegSquat,Quadriceps,Gluteus Maximus; Adductor Magnus; Soleus,Hamstrings; Gastrocnemius,Erector Spinae (see notes); Gluteus Medius; Gluteus Minimus; Quadratus Lumborum; Obliques,Rectus Abdominis; Obliques,,,,,,Iliopsoas; Tensor Fasciae Latae; Pectineus; Sartorius; Quadriceps,,,,,,,,,,,,,,,,,
Single Leg Box Squat (pistol),https://exrx.net/WeightExercises/Quadriceps/BWSingleLegBoxSquat,Quadriceps,Gluteus Maximus; Adductor Magnus; Soleus,Hamstrings; Gastrocnemius,Erector Spinae; Gluteus Medius; Gluteus Minimus; Quadratus Lumborum; Obliques,Rectus Abdominis; Obliques,,,,,,Iliopsoas; Tensor Fasciae Latae; Pectineus; Sartorius; Quadriceps,,,,,,,,,,,,,,,,,
Split Squat,https://exrx.net/WeightExercises/Quadriceps/BWSplitSquat,Quadriceps,Gluteus Maximus; Adductor Magnus; Soleus,,Gluteus Medius; Gluteus Minimus,,,Hamstrings; Gastrocnemius,,,,,,,,,,,,,,,,,,,,,
Single Leg Split Squat,https://exrx.net/WeightExercises/Quadriceps/BWSingleLegSplitSquat,Quadriceps,Gluteus Maximus; Adductor Magnus; Soleus,Hamstrings; Gastrocnemius,Gluteus Medius; Gluteus Minimus,,,,,,,,,,,,,,,,,,,,,,,,
Squat,https://exrx.net/WeightExercises/Quadriceps/BWSquat,Quadriceps,Gluteus Maximus; Adductor Magnus; Soleus,,,,,Hamstrings; Gastrocnemius,,,,,,,,,,,,,,,,,,,,,
Step-up,https://exrx.net/WeightExercises/Quadriceps/BWStepUp,Quadriceps,Gluteus Maximus; Adductor Magnus; Soleus; Gastrocnemius        (second leg),,"Erector Spinae; Trapezius, Upper; Trapezius, Middle; Levator Scapulae; Gluteus Medius; Gluteus Minimus; Quadratus        Lumborum; Obliques",,Rectus Abdominis; Obliques,Hamstrings; Gastrocnemius        (first leg),,,,,,,,,,,,,,,,,,,,,
Step-down,https://exrx.net/WeightExercises/Quadriceps/BWStepDown,Quadriceps,Gluteus Maximus; Adductor Magnus; Soleus; Gastrocnemius        (following leg),,Erector Spinae; Gluteus Medius; Gluteus Minimus; Quadratus        Lumborum; Obliques,,Rectus Abdominis; Obliques,Hamstrings; Gastrocnemius        (lead leg),,,,,,,,,,,,,,,,,,,,,
Self-assisted Single Leg Squat (leg wrapped),https://exrx.net/WeightExercises/Quadriceps/ASSingleLegSquatSelfLeg,Quadriceps,Gluteus Maximus; Adductor Magnus; Soleus,,Erector Spinae; Gluteus Medius; Gluteus Minimus; Quadratus        Lumborum; Obliques; Rectus Abdominis,,,Hamstrings; Gastrocnemius,,,,,,,,,,,,,,,,,,,,,
Self-assisted Squat,https://exrx.net/WeightExercises/Quadriceps/ASSquatSelf,Quadriceps,Gluteus Maximus; Adductor Magnus; Soleus,,,,,Hamstrings; Gastrocnemius,,,,,,,,,,,,,,,,,,,,,
Self-assisted Step-down,https://exrx.net/WeightExercises/Quadriceps/ASStepDownSelf,Quadriceps,Gluteus Maximus; Adductor Magnus; Soleus; Gastrocnemius        (following leg),,Erector Spinae; Gluteus Medius; Gluteus Minimus; Quadratus        Lumborum; Obliques,,Rectus Abdominis; Obliques,Hamstrings; Gastrocnemius        (lead leg),,,,,,,,,,,,,,,,,,,,,
Suspended Single Leg Squat,https://exrx.net/WeightExercises/Quadriceps/STSingleLegSquat,Quadriceps,Gluteus Maximus; Adductor Magnus; Soleus; Erector Spinae (see notes),Hamstrings; Gastrocnemius,"Gluteus Medius; Gluteus Minimus; Quadratus Lumborum; Obliques; Rectus Abdominis; Trapezius, Middle; Rhomboids",,,,,,,Iliopsoas; Tensor Fasciae Latae; Pectineus; Sartorius; Quadriceps,,,,,,,,,,,,,,,,,
Suspended Single Leg Split Squat,https://exrx.net/WeightExercises/Quadriceps/STSplitSquat,Quadriceps,Gluteus Maximus; Adductor Magnus; Soleus,Hamstrings; Gastrocnemius,Gluteus Medius; Gluteus Minimus; Quadratus Lumborum; Obliques,,,,,,,,,,,,,,,,,,,,,,,,
Machine Assisted Inverse Leg Curl (plate loaded),https://exrx.net/WeightExercises/Hamstrings/MAInverseLegCurlPL,Hamstrings,Gastrocnemius; Gracilis; Sartorius; Popliteus,,,Tibialis Anterior,,,,,,,,,,,,,,,,,,,,,,,
Barbell Glute-Ham Raise,https://exrx.net/WeightExercises/Hamstrings/BBGluteHamRaise,Hamstrings,Gluteus Maximus; Adductor Magnus; Gastrocnemius; Sartorius; Gracilis; Popliteus,,Erector Spinae,Rectus Abdominis; Obliques; Tibialis Anterior,,,,,,,,,,,,,,,,,,,,,,,
Barbell Good-morning,https://exrx.net/WeightExercises/Hamstrings/BBGoodMorning,Hamstrings,Gluteus Maximus; Adductor Magnus,,Erector Spinae,,Rectus Abdominis; Obliques,,,,,,,,,,,,,,,,,,,,,,
Barbell Hyperextension,https://exrx.net/WeightExercises/Hamstrings/BBHyperextension,Hamstrings,Erector Spinae; Gluteus Maximus; Adductor Magnus,,"Latissimus Dorsi; Teres Major; Deltoid, Posterior; Triceps, Long Head; Brachialis; Brachioradialis; Biceps Brachii; Trapezius, Lower; Pectoralis Minor; Rhomboids",,,,,,,,,,,,,,,,,,,,,,,,
Barbell 45° Hyperextension,https://exrx.net/WeightExercises/Hamstrings/BB45Hyperextension,Hamstrings,Erector Spinae; Gluteus Maximus; Adductor Magnus,,"Latissimus Dorsi; Teres Major; Deltoid, Posterior; Triceps, Long Head; Brachialis; Brachioradialis; Biceps Brachii; Trapezius, Lower; Pectoralis Minor; Rhomboids",,,,,,,,,,,,,,,,,,,,,,,,
Barbell Straight Leg Deadlift,https://exrx.net/WeightExercises/Hamstrings/BBStraightLegDeadlift,Hamstrings,Erector Spinae; Gluteus Maximus; Adductor Magnus,,"Trapezius, Middle; Rhomboids; Latissimus Dorsi; Trapezius, Upper; Levator Scapulae; Trapezius, Lower",,Rectus Abdominis; Obliques,,,,,,,,,,,,,,,,,,,,,,
Barbell Straight-back Straight-leg Deadlift,https://exrx.net/WeightExercises/Hamstrings/BBStrBackStrLegDeadlift,Hamstrings,Gluteus Maximus; Adductor Magnus,,"Erector Spinae; Trapezius, Middle; Rhomboids; Trapezius, Upper; Levator Scapulae; Trapezius, Lower",,Rectus Abdominis; Obliques,,,,,,,,,,,,,,,,,,,,,,
Cable Lying Leg Curl,https://exrx.net/WeightExercises/Hamstrings/CBLyingLegCurl,Hamstrings,Gastrocnemius; Sartorius; Gracilis; Popliteus,,,,Tibialis Anterior; Rectus Femoris,,,,,,,,,,,,,,,,,,,,,,
Cable Standing Leg Curl,https://exrx.net/WeightExercises/Hamstrings/CBStandingLegCurl,Hamstrings,Gastrocnemius; Gracilis; Sartorius; Popliteus,,Gluteus Medius; Gluteus Minimus; Quadratus Lumborum; Obliques,Tibialis Anterior,,,,,,,,,,,,,,,,,,,,,,,
Cable Straight-back Straight-leg Deadlift,https://exrx.net/WeightExercises/Hamstrings/CBStrBackStrLegDeadlift,Hamstrings,Gluteus Maximus; Adductor Magnus,,"Erector Spinae; Trapezius, Middle; Rhomboids; Trapezius, Upper; Levator Scapulae; Trapezius, Lower",,Rectus Abdominis; Obliques,,,,,,,,,,,,,,,,,,,,,,
Dumbbell Straight-back Straight-leg Deadlift,https://exrx.net/WeightExercises/Hamstrings/DBStrBackStrLegDeadlift,Hamstrings,Gluteus Maximus; Adductor Magnus,,"Erector Spinae; Trapezius, Middle; Rhomboids; Trapezius, Upper; Levator Scapulae; Trapezius, Lower",,Rectus Abdominis; Obliques,,,,,,,,,,,,,,,,,,,,,,
Lever Kneeling Leg Curl (plate loaded),https://exrx.net/WeightExercises/Hamstrings/LVKneelingLegCurlH,Hamstrings,Gastrocnemius; Gracilis; Sartorius; Popliteus,,Gluteus Medius; Gluteus Maximus,Tibialis Anterior,,,,,,,,,,,,,,,,,,,,,,,
Lever Isolateral Lying Leg Curl (plate loaded),https://exrx.net/WeightExercises/Hamstrings/LVLyingLegCurlH,Hamstrings,Gastrocnemius; Sartorius; Gracilis; Popliteus,,,,Tibialis Anterior; Rectus Femoris,,,,,,,,,,,,,,,,,,,,,,
Lever Seated Leg Curl (plate loaded),https://exrx.net/WeightExercises/Hamstrings/LVSeatedLegCurlH,Hamstrings,Gastrocnemius; Gracilis; Sartorius; Popliteus,,,Tibialis Anterior,,,,,,,,,,,,,,,,,,,,,,,
Lever Straight-back Straight-leg Deadlift (plate loaded),https://exrx.net/WeightExercises/Hamstrings/LVStrBackStrLegDeadlift,Hamstrings,Gluteus Maximus; Adductor Magnus,,"Erector Spinae; Trapezius, Middle; Rhomboids; Trapezius, Upper; Levator Scapulae; Trapezius, Lower",,Rectus Abdominis; Obliques,,,,,,,,,,,,,,,,,,,,,,
Lever Bent-over Leg Curl,https://exrx.net/WeightExercises/Hamstrings/LVBentOverLegCurl,Hamstrings,Gastrocnemius; Sartorius; Gracilis,,Gluteus Medius; Gluteus Minimus,,,,,,,,,,,,,,,,,,,,,Tibialis Anterior,,,
Lever Kneeling Leg Curl,https://exrx.net/WeightExercises/Hamstrings/LVKneelingLegCurl,Hamstrings,Gastrocnemius; Gracilis; Sartorius; Popliteus,,Gluteus Medius; Gluteus Maximus,Tibialis Anterior,,,,,,,,,,,,,,,,,,,,,,,
Lever Lying Leg Curl,https://exrx.net/WeightExercises/Hamstrings/LVLyingLegCurl,Hamstrings,Gastrocnemius; Sartorius; Gracilis; Popliteus,,,,Tibialis Anterior; Rectus Femoris,,,,,,,,,,,,,,,,,,,,,,
Lever Seated Leg Curl,https://exrx.net/WeightExercises/Hamstrings/LVSeatedLegCurl,Hamstrings,Gastrocnemius; Gracilis; Sartorius; Popliteus,,,Tibialis Anterior,,,,,,,,,,,,,,,,,,,,,,,
Lever Standing Leg Curl,https://exrx.net/WeightExercises/Hamstrings/LVStandingLegCurl,Hamstrings,Gastrocnemius; Sartorius; Gracilis,,Gluteus Medius; Gluteus Minimus,,,,,,,,,,,,,,,,,,,,,Tibialis Anterior,,,
Smith Good-morning,https://exrx.net/WeightExercises/Hamstrings/SMGoodMorning,Hamstrings,Gluteus Maximus; Adductor Magnus,,Erector Spinae,,Rectus Abdominis; Obliques,,,,,,,,,,,,,,,,,,,,,,
Smith Straight-back Straight-leg Deadlift,https://exrx.net/WeightExercises/Hamstrings/SMStrBackStrLegDeadlift,Hamstrings,Gluteus Maximus; Adductor Magnus,,"Erector Spinae; Trapezius, Middle; Rhomboids; Trapezius, Upper; Levator Scapulae; Trapezius, Lower",,Rectus Abdominis; Obliques,,,,,,,,,,,,,,,,,,,,,,
Weighted Glute-Ham Raise,https://exrx.net/WeightExercises/Hamstrings/WTGluteHamRaise,Hamstrings,Gluteus Maximus; Adductor Magnus; Gastrocnemius; Gracilis; Sartorius; Popliteus,,Erector Spinae,Rectus Abdominis; Obliques; Tibialis Anterior,,,,,,,,,,,,,,,,,,,,,,,
Weighted Hyperextension,https://exrx.net/WeightExercises/Hamstrings/WtHyperextension,Hamstrings,Erector Spinae; Gluteus Maximus; Adductor Magnus,,See comments,,,,,,,,,,,,,,,,,,,,,,,,
Weighted 45° Hyperextension,https://exrx.net/WeightExercises/Hamstrings/Wt45Hyperextension,Hamstrings,Erector Spinae; Gluteus Maximus; Adductor Magnus,,See comments,,,,,,,,,,,,,,,,,,,,,,,,
Romanian Deadlift,https://exrx.net/WeightExercises/OlympicLifts/RomanianDeadlift,,,,,,,,,,,,,,,,,,,,,,,,,,,,
Band-assisted Inverse Leg Curl,https://exrx.net/WeightExercises/Hamstrings/ASInverseLegCurlBands,Hamstrings,Gastrocnemius; Gracilis; Sartorius; Popliteus,,Gluteus Maximus; Adductor Magnus; Erector Spinae,Rectus Abdominis; Obliques; Rectus Femoris; Tibialis Anterior,,,,,,,,,,,,,,,,,,,,,,,
Glute-Ham Raise (hands behind neck),https://exrx.net/WeightExercises/Hamstrings/BWGluteHamRaiseHead,Hamstrings,Gluteus Maximus; Adductor Magnus; Gastrocnemius; Gracilis; Sartorius; Popliteus,,Erector Spinae,Rectus Abdominis; Obliques; Tibialis Anterior,,,,,,,,,,,,,,,,,,,,,,,
Glute-Ham Raise (hands behind hips),https://exrx.net/WeightExercises/Hamstrings/BWGluteHamRaiseHips,Hamstrings,Gluteus Maximus; Adductor Magnus; Gastrocnemius; Gracilis; Sartorius; Popliteus,,Erector Spinae,,Rectus Abdominis; Obliques; Tibialis Anterior,,,,,,,,,,,,,,,,,,,,,,
45° Hyperextension (hands behind hips),https://exrx.net/WeightExercises/Hamstrings/BW45HyperextensionHips,Hamstrings,Erector Spinae; Gluteus Maximus; Adductor Magnus,,No significant stabilizers,,,,,,,,,,,,,,,,,,,,,,,,
45° Hyperextension (arms crossed),https://exrx.net/WeightExercises/Hamstrings/BW45HyperextensionArmsCrossed,Hamstrings,Erector Spinae; Gluteus Maximus; Adductor Magnus,,No significant stabilizers,,,,,,,,,,,,,,,,,,,,,,,,
45° Hyperextension (arms up),https://exrx.net/WeightExercises/Hamstrings/BW45HyperextensionArmsUp,Hamstrings,Erector Spinae; Gluteus Maximus; Adductor Magnus,,No significant stabilizers,,,,,,,,,,,,,,,,,,,,,,,,
45° Hyperextension (hands behind neck),https://exrx.net/WeightExercises/Hamstrings/BW45HyperextensionNeck,Hamstrings,Erector Spinae; Gluteus Maximus; Adductor Magnus,,No significant stabilizers,,,,,,,,,,,,,,,,,,,,,,,,
Single Leg Hanging Hamstring Bridge,https://exrx.net/WeightExercises/Hamstrings/BWSingleLegHangingHamstringBridge,Erector Spinae,"Hamstrings; Gluteus Maximus; Adductor Magnus; Latissimus Dorsi; Pectoralis Major, Sternal; Triceps, Long Head; Teres Major; Deltoid, Posterior; Rhomboids; Levator Scapulae; Pectoralis Minor",,,,,,,,,,,,,,,,,,,,,,,,"Trapezius, Middle; Trapezius, Lower; Rhomboids",,
Single Leg 45° Hyperextension (hands behind hips),https://exrx.net/WeightExercises/Hamstrings/BWSingleLeg45Hyperextension,Hamstrings,Erector Spinae; Gluteus Maximus; Adductor Magnus,,,,,,,,,,,,,,,,,,,,,,,,,,
Straight Hip Leg Curl (on stability ball),https://exrx.net/WeightExercises/Hamstrings/BWBallStraightHipLegCurl,Hamstrings,Gastrocnemius; Sartorius; Gracilis; Popliteus,,Gluteus Maximus; Erector Spinae,Tibialis Anterior; Rectus Abdominis; Obliques,,,,,,,,,,,,,,,,,,,,,,,
Self-assisted Inverse Leg Curl,https://exrx.net/WeightExercises/Hamstrings/ASHamstringRaiseSelf,Hamstrings,"Gastrocnemius; Gracilis; Sartorius; Popliteus; Pectoralis Major, Sternal; Pectoralis Major, Clavicular; Deltoid, Anterior; Triceps Brachii; Coracobrachialis; Wrist Flexors",,Gluteus Maximus; Adductor Magnus; Erector Spinae,Rectus Abdominis; Obliques; Rectus Femoris; Tibialis Anterior,,,,,,,,,,,,,,,,,,,,,,,
Suspended Hanging Leg Curl,https://exrx.net/WeightExercises/Hamstrings/STHangingLegCurl,Hamstrings,Gastrocnemius; Sartorius; Gracilis; Popliteus,Rectus Femoris,"Gluteus Maximus; Erector Spinae; Trapezius, Middle; Trapezius, Lower; Rhomboids",Tibialis Anterior; Rectus Abdominis; Obliques,,,,,,,,,,,,,,,,,,,,,,,
Suspended Hanging Straight Hip Leg Curl,https://exrx.net/WeightExercises/Hamstrings/STHangingStraightHipLegCurl,Hamstrings,Gastrocnemius; Sartorius; Gracilis; Popliteus,,"Gluteus Maximus; Erector Spinae; Trapezius, Middle; Trapezius, Lower; Rhomboids",Tibialis Anterior; Rectus Abdominis; Obliques,,,,,,,,,,,,,,,,,,,,,,,
Suspended Leg Curl,https://exrx.net/WeightExercises/Hamstrings/STLegCurl,Hamstrings,Gastrocnemius; Sartorius; Gracilis; Popliteus,,,Tibialis Anterior; Rectus Abdominis; Obliques,,,,,,,,,,,,,,,,,,,,,,Gluteus Maximus; Erector Spinae,
Suspended Straight Hip Leg Curl,https://exrx.net/WeightExercises/Hamstrings/STStraightHipLegCurl,Hamstrings,Gastrocnemius; Sartorius; Gracilis; Popliteus,,Gluteus Maximus; Erector Spinae,,Tibialis Anterior; Rectus Abdominis; Obliques,,,,,,,,,,,,,,,,,,,,,,
Cable Hip Adduction,https://exrx.net/WeightExercises/HipAdductors/CBHipAdduction,"Adductors, Hip","Pectineus; Gracilis; Gluteus Maximus,          Lower Fibers",,"Adductors, Hip          (opposite)",,,,,,,,,,,,,,,,,,,,,,,,
Lever Seated Hip Adduction (plate loaded),https://exrx.net/WeightExercises/HipAdductors/LVSeatedHipAdductionH,"Adductors, Hip",Pectineus; Gracilis,,No significant stabilizers,,,,,,,,,,,,,,,,,,,,,,,,
Lever Seated Hip Adduction,https://exrx.net/WeightExercises/HipAdductors/LVSeatedHipAdduction,"Adductors, Hip",Pectineus; Gracilis,,No significant stabilizers,,,,,,,,,,,,,,,,,,,,,,,,
Lever Standing Hip Adduction,https://exrx.net/WeightExercises/HipAdductors/LVStandHipAdduction,"Adductors, Hip","Pectineus; Gracilis; Gluteus Maximus,          Lower Fibers",,"Adductors, Hip          (opposite)",,,,,,,,,,,,,,,,,,,,,,,,
Weighted Lying Hip Adduction,https://exrx.net/WeightExercises/HipAdductors/WTLyingHipAdduction,"Adductors, Hip","Pectineus; Gracilis; Gluteus Maximus,          Lower Fibers",,"Adductors, Hip          (opposite)",,,,,,,,,,,,,,,,,,,,,,,,
Barbell Bent-over Row,https://exrx.net/WeightExercises/BackGeneral/BBBentOverRow,"Back, General","Trapezius, Middle; Trapezius, Lower; Rhomboids; Latissimus Dorsi; Teres Major; Deltoid, Posterior; Infraspinatus; Teres Minor; Brachialis; Brachioradialis; Pectoralis Major, Sternal","Biceps Brachii; Triceps, Long Head",Erector Spinae; Hamstrings; Gluteus Maximus; Adductor Magnus; Quadriceps,Rectus Abdominis; Obliques,,,,,,,,,,,,,,,,,,,,,,,
Barbell Underhand Bent-over Row,https://exrx.net/WeightExercises/BackGeneral/BBUnderhandBentOverRow,"Back, General","Latissimus Dorsi; Teres Major; Deltoid, Posterior; Trapezius, Middle; Trapezius, Lower; Rhomboids; Infraspinatus; Teres Minor; Brachialis; Brachioradialis; Pectoralis Major, Sternal","Biceps Brachii; Triceps, Long Head",Erector Spinae; Hamstrings; Gluteus Maximus; Adductor Magnus; Quadriceps,Rectus Abdominis; Obliques,,,,,,,,,,,,,,,,,,,,,,,
Cable One Arm Bent-over Row,https://exrx.net/WeightExercises/BackGeneral/CBOneArmBentoverRow,"Back, General","Trapezius, Middle; Trapezius, Lower; Rhomboids; Latissimus Dorsi; Teres Major; Deltoid, Posterior; Infraspinatus; Teres Minor; Brachialis; Brachioradialis; Pectoralis Major, Sternal","Biceps Brachii; Triceps, Long Head",Hamstrings; Gluteus Maximus; Triceps (Supporting Arm); Obliques; Psoas major; Quadratus lumborum; Iliocastalis lumborum; Iliocastalis thoracis,,,,,,,,,,,,,,,,,,,,,,,,
Cable One Arm Straight Back Seated High Row,https://exrx.net/WeightExercises/BackGeneral/CBOneArmStrBackHighRow,"Back, General","Trapezius, Middle; Trapezius, Lower; Rhomboids; Latissimus Dorsi; Teres Major; Deltoid, Posterior; Infraspinatus; Teres Minor; Brachialis; Brachioradialis; Pectoralis Major, Sternal","Biceps Brachii; Triceps, Long Head",Erector Spinae; Obliques; Quadratus Lumborum,Rectus Abdominis,,,,,,,,,,,,,,,,,,,,,,,
Cable Straight Back Seated Row,https://exrx.net/WeightExercises/BackGeneral/CBStraightBackSeatedRow,"Back, General","Trapezius, Middle; Trapezius, Lower; Rhomboids; Latissimus Dorsi; Teres Major; Deltoid, Posterior; Infraspinatus; Teres Minor; Brachialis; Brachioradialis; Pectoralis        Major, Sternal",,Erector Spinae; Hamstrings; Gluteus Maximus; Adductor Magnus,,Rectus Abdominis; Obliques,"Biceps Brachii; Triceps, Long        Head",,,,,,,,,,,,,,,,,,,,,
Cable Wide Grip Straight Back Seated Row,https://exrx.net/WeightExercises/BackGeneral/CBWideGripStrBackSeatedRow,"Back, General","Trapezius, Middle; Trapezius, Lower; Rhomboids; Latissimus Dorsi; Teres Major; Deltoid, Posterior; Infraspinatus; Teres Minor; Brachialis; Brachioradialis; Pectoralis Major, Sternal","Biceps Brachii; Triceps, Long Head",Erector Spinae; Hamstrings; Gluteus Maximus; Adductor Magnus,Rectus Abdominis; Obliques,,,,,,,,,,,,,,,,,,,,,,,
Dumbbell Bent-over Row,https://exrx.net/WeightExercises/BackGeneral/DBBentOverRow,"Back, General","Trapezius, Middle; Trapezius, Lower; Rhomboids; Latissimus Dorsi; Teres Major; Deltoid, Posterior; Infraspinatus; Teres Minor; Brachialis; Brachioradialis; Pectoralis Major, Sternal","Biceps Brachii; Triceps, Long Head",Triceps (supporting arm); Obliques; Psoas major; Quadratus lumborum; Iliocastalis lumborum; Iliocastalis thoracis,,,,,,,,,,,,,,,,,,,,,,,,
Dumbbell Lying Row,https://exrx.net/WeightExercises/BackGeneral/DBLyingRow,"Back, General","Trapezius, Middle; Trapezius, Lower; Rhomboids; Latissimus Dorsi; Teres Major; Deltoid, Posterior; Infraspinatus; Teres Minor; Brachialis; Brachioradialis; Pectoralis Major, Sternal","Biceps Brachii; Triceps, Long Head",,,,,,,,,,,,,,,,,,,,,,,,,
Lever Neutral Grip Incline Row (plate loaded),https://exrx.net/WeightExercises/BackGeneral/LVNeutralGripInclineRowPL,"Back, General","Trapezius, Middle; Trapezius, Lower; Rhomboids; Latissimus Dorsi; Teres Major; Deltoid, Posterior; Infraspinatus; Teres Minor; Brachialis; Brachioradialis; Pectoralis Major, Sternal","Biceps Brachii; Triceps, Long Head",,,,,,,,,,,,,,,,,,,,,,,,,
Lever Wide Grip Incline Row (plate loaded),https://exrx.net/WeightExercises/BackGeneral/LVWideGripInclineRowPL,"Back, General","Trapezius, Middle; Trapezius, Lower; Rhomboids; Latissimus Dorsi; Teres Major; Deltoid, Posterior; Infraspinatus; Teres Minor; Brachialis; Brachioradialis; Pectoralis Major, Sternal","Biceps Brachii; Triceps, Long Head",,,,,,,,,,,,,,,,,,,,,,,,,
Lever Isolateral Narrow Grip Seated Row (plate loaded),https://exrx.net/WeightExercises/BackGeneral/LVNarrowGripSeatedRowH,"Back, General","Trapezius, Middle; Trapezius, Lower; Rhomboids; Latissimus Dorsi; Teres Major; Deltoid, Posterior; Infraspinatus; Teres Minor; Brachialis; Brachioradialis; Pectoralis Major, Sternal","Biceps Brachii; Triceps, Long Head",,,,,,,,,,,,,,,,,,,,,,,,,
Lever Isolateral Seated High Row (plate loaded),https://exrx.net/WeightExercises/BackGeneral/LVSeatedHighRowPL,"Back, General","Trapezius, Middle; Trapezius, Lower; Rhomboids; Latissimus Dorsi; Teres Major; Deltoid, Posterior; Infraspinatus; Teres Minor; Brachialis; Brachioradialis; Pectoralis Major, Sternal","Biceps Brachii; Triceps, Long Head",,,,,,,,,,,,,,,,,,,,,,,,,
Lever Isolateral Seated Low Row (plate loaded),https://exrx.net/WeightExercises/BackGeneral/LVSeatedLowRow,"Back, General","Trapezius, Middle; Trapezius, Lower; Rhomboids; Latissimus Dorsi; Teres Major; Deltoid, Posterior; Infraspinatus; Teres Minor; Brachialis; Brachioradialis; Pectoralis Major, Sternal","Biceps Brachii; Triceps, Long Head",,,,,,,,,,,,,,,,,,,,,,,,,
"Lever Isolateral Wide Grip Seated Row (high bar, plate loaded)",https://exrx.net/WeightExercises/BackGeneral/LVWideGripSeatedRowH,"Back, General","Trapezius, Middle; Trapezius, Lower; Rhomboids; Latissimus Dorsi; Teres Major; Deltoid, Posterior; Infraspinatus; Teres Minor; Brachialis; Brachioradialis; Pectoralis Major, Sternal","Biceps Brachii; Triceps, Long Head",,,,,,,,,,,,,,,,,,,,,,,,,
Lever Isolateral Wide Grip Seated Row (plate loaded),https://exrx.net/WeightExercises/BackGeneral/LVWideLowGripSeatedRowH,"Back, General","Trapezius, Middle; Trapezius, Lower; Rhomboids; Latissimus Dorsi; Teres Major; Deltoid, Posterior; Infraspinatus; Teres Minor; Brachialis; Brachioradialis; Pectoralis Major, Sternal","Biceps Brachii; Triceps, Long Head",,,,,,,,,,,,,,,,,,,,,,,,,
Lever T-bar Row (plate loaded),https://exrx.net/WeightExercises/BackGeneral/LVTBarRow,"General, Back","Trapezius, Middle; Trapezius, Lower; Rhomboids; Latissimus Dorsi; Teres Major; Deltoid, Posterior; Infraspinatus; Teres Minor; Brachialis; Brachioradialis; Pectoralis Major, Sternal","Biceps Brachii; Triceps, Long Head",Erector Spinae; Hamstrings; Gluteus Maximus; Adductor Magnus; Quadriceps,Rectus Abdominis; Obliques,,,,,,,,,,,,,,,,,,,,,,,
Lever Close Grip T-bar Row (plate loaded),https://exrx.net/WeightExercises/BackGeneral/LVCloseGripTBarRow,"Back, General","Trapezius, Middle; Trapezius, Lower; Rhomboids; Latissimus Dorsi; Teres Major; Deltoid, Posterior; Infraspinatus; Teres Minor; Brachialis; Brachioradialis; Pectoralis Major, Sternal","Biceps Brachii; Triceps, Long Head",Erector Spinae; Hamstrings; Gluteus Maximus; Adductor Magnus; Quadriceps,Rectus Abdominis; Obliques,,,,,,,,,,,,,,,,,,,,,,,
Lever Isolateral Seated High Row,https://exrx.net/WeightExercises/BackGeneral/LVSeatedHighRow,"Back, General","Trapezius, Middle; Trapezius, Lower; Rhomboids; Latissimus Dorsi; Teres Major; Deltoid, Posterior; Infraspinatus; Teres Minor; Brachialis; Brachioradialis; Pectoralis Major, Sternal","Biceps Brachii; Triceps, Long Head",,,,,,,,,,,,,,,,,,,,,,,,,
Lever Seated Row,https://exrx.net/WeightExercises/BackGeneral/LVSeatedRow,"Back, General","Trapezius, Middle; Trapezius, Lower; Rhomboids; Latissimus Dorsi; Teres Major; Deltoid, Posterior; Infraspinatus; Teres Minor; Brachialis; Brachioradialis; Pectoralis Major, Sternal","Biceps Brachii; Triceps, Long Head",,,,,,,,,,,,,,,,,,,,,,,,,
Lever Wide Grip Seated Row,https://exrx.net/WeightExercises/BackGeneral/LVWideGripSeatedRow,"Back, General","Trapezius, Middle; Trapezius, Lower; Rhomboids; Latissimus Dorsi; Teres Major; Deltoid, Posterior; Infraspinatus; Teres Minor; Brachialis; Brachioradialis; Pectoralis Major, Sternal","Biceps Brachii; Triceps, Long Head",,,,,,,,,,,,,,,,,,,,,,,,,
Lever Seated Row (no chest pad),https://exrx.net/WeightExercises/BackGeneral/LVSeatedRowNoPad,"Back, General","Erector Spinae; Trapezius, Middle; Trapezius, Lower; Rhomboids; Latissimus Dorsi; Teres Major; Deltoid, Posterior; Infraspinatus; Teres Minor; Brachialis; Brachioradialis; Pectoralis Major, Sternal","Biceps Brachii; Triceps, Long Head",Hamstrings; Gluteus Maximus; Adductor Magnus,,,,,,,,,,,,,,,,,,,,,,,,
Lever Straight Back Seated Row (no chest pad),https://exrx.net/WeightExercises/BackGeneral/LVStraightBackSeatedRowNoPad,"Back, General","Trapezius, Middle; Trapezius, Lower; Rhomboids; Latissimus Dorsi; Teres Major; Deltoid, Posterior; Infraspinatus; Teres Minor; Brachialis; Brachioradialis; Pectoralis Major, Sternal",,Erector Spinae; Hamstrings; Gluteus Maximus; Adductor Magnus,,Rectus Abdominis; Obliques,"Biceps Brachii; Triceps, Long        Head",,,,,,,,,,,,,,,,,,,,,
Lever Underhand Seated Row,https://exrx.net/WeightExercises/BackGeneral/LVSeatedUnderhandRow,"Back, General","Trapezius, Middle; Trapezius, Lower; Rhomboids; Latissimus Dorsi; Teres Major; Deltoid, Posterior; Infraspinatus; Teres Minor; Brachialis; Brachioradialis; Pectoralis Major, Sternal","Biceps Brachii; Triceps, Long Head",,,,,,,,,,,,,,,,,,,,,,,,,
Smith Bent-over Row,https://exrx.net/WeightExercises/BackGeneral/SMBentOverRow,"Back, General","Trapezius, Middle; Trapezius, Lower; Rhomboids; Latissimus Dorsi; Teres Major; Deltoid, Posterior; Infraspinatus; Teres Minor; Brachialis; Brachioradialis; Pectoralis Major, Sternal","Biceps Brachii; Triceps, Long Head",Erector Spinae; Hamstrings; Gluteus Maximus; Adductor Magnus; Quadriceps,Rectus Abdominis; Obliques,,,,,,,,,,,,,,,,,,,,,,,
Weighted Inverted Row,https://exrx.net/WeightExercises/BackGeneral/WTSupineRow,"Back, General","Trapezius, Middle; Trapezius, Lower; Rhomboids; Latissimus Dorsi; Teres Major; Deltoid, Posterior; Infraspinatus; Teres Minor; Brachialis; Brachioradialis; Pectoralis        Major, Sternal",,Erector Spinae; Gluteus Maximus; Hamstrings,,Rectus Abdominis; Obliques,"Biceps Brachii; Triceps, Long        Head",,,,,,,,,,,,,,,,,,,,,
Inverted Row,https://exrx.net/WeightExercises/BackGeneral/BWSupineRow,,,,,,,,,,,,,,,,,,,,,,,,,,,,
Inverted Row (feet elevated),https://exrx.net/WeightExercises/BackGeneral/BWSupineRowFeetElevated,"Back, General","Trapezius, Middle; Trapezius, Lower; Rhomboids; Latissimus Dorsi; Teres Major; Deltoid, Posterior; Infraspinatus; Teres Minor; Brachialis; Brachioradialis; Pectoralis Major, Sternal","Biceps Brachii; Triceps, Long Head",Erector Spinae; Hamstrings; Gluteus Maximus,Rectus Abdominis; Obliques,,,,,,,,,,,,,,,,,,,,,,,
Row (high bar),https://exrx.net/WeightExercises/BackGeneral/BWSupineRowHigh,"Back, General","Trapezius, Middle; Trapezius, Lower; Rhomboids; Latissimus Dorsi; Teres Major; Deltoid, Posterior; Infraspinatus; Teres Minor; Brachialis; Brachioradialis; Pectoralis Major, Sternal","Biceps Brachii; Triceps, Long Head",Erector Spinae; Hamstrings; Gluteus Maximus,Rectus Abdominis; Obliques,,,,,,,,,,,,,,,,,,,,,,,
Suspended Inverted Row,https://exrx.net/WeightExercises/BackGeneral/STInvertedRow,"Back, General","Trapezius, Middle; Trapezius, Lower; Rhomboids; Latissimus Dorsi; Teres Major; Deltoid, Posterior; Infraspinatus; Teres Minor; Brachialis; Brachioradialis; Pectoralis        Major, Sternal",,Erector Spinae; Gluteus Maximus; Hamstrings,,Rectus Abdominis; Obliques,"Biceps Brachii; Triceps, Long        Head",,,,,,,,,,,,,,,,,,,,,
Suspended Row,https://exrx.net/WeightExercises/BackGeneral/STRow,"Back, General","Trapezius, Middle; Trapezius, Lower; Rhomboids; Latissimus Dorsi; Teres Major; Deltoid, Posterior; Infraspinatus; Teres Minor; Brachialis; Brachioradialis; Pectoralis Major, Sternal","Biceps Brachii; Triceps, Long Head",Erector Spinae; Gluteus Maximus; Hamstrings,Rectus Abdominis; Obliques,,,,,,,,,,,,,,,,,,,,,,,
Suspended One Arm Row,https://exrx.net/WeightExercises/BackGeneral/STOneArmRow,"Back, General","Trapezius, Middle; Trapezius, Lower; Rhomboids; Latissimus Dorsi; Teres Major; Deltoid, Posterior; Infraspinatus; Teres Minor; Brachialis; Brachioradialis; Pectoralis        Major, Sternal",,Erector Spinae; Gluteus Maximus; Hamstrings,,Rectus Abdominis; Obliques,"Biceps Brachii; Triceps, Long        Head",,,,,,,,,,,,,,,,,,,,,
Inverted Biceps Row,https://exrx.net/WeightExercises/BackGeneral/BWUnderhandSupineRow,Biceps Brachii,"Trapezius, Middle; Trapezius, Lower; Rhomboids; Latissimus Dorsi; Teres Major; Deltoid, Posterior; Infraspinatus; Teres Minor; Brachialis; Brachioradialis; Pectoralis Major, Sternal","Triceps, Long Head",Erector Spinae; Hamstrings; Gluteus Maximus,Rectus Abdominis; Obliques,,,,,,,,,,,,,,,,,,,,,,,
Biceps Row (high bar),https://exrx.net/WeightExercises/BackGeneral/BWUnderhandSupineRowHigh,Biceps Brachii,"Trapezius, Middle; Trapezius, Lower; Rhomboids; Latissimus Dorsi; Teres Major; Deltoid, Posterior; Infraspinatus; Teres Minor; Brachialis; Brachioradialis; Pectoralis Major, Sternal","Triceps, Long Head",Erector Spinae; Hamstrings; Gluteus Maximus,Rectus Abdominis; Obliques,,,,,,,,,,,,,,,,,,,,,,,
Machine-assisted Chin-up,https://exrx.net/WeightExercises/LatissimusDorsi/AsUnderhandChinup,Latissimus Dorsi,"Brachialis; Brachioradialis; Teres Major; Deltoid, Posterior; Rhomboids; Levator Scapulae; Trapezius, Lower; Trapezius, Middle; Pectoralis Major, Sternal; Pectoralis Minor","Biceps Brachii; Triceps, Long Head",,,,,,,,,,,,,,,,,,,,,,,,,
Machine-assisted Pull-up (open-centered bar),https://exrx.net/WeightExercises/LatissimusDorsi/AsPullupOpenKneeling,Latissimus Dorsi,"Brachialis; Brachioradialis; Biceps Brachii; Teres Major; Rhomboids; Levator Scapulae; Pectoralis Minor; Trapezius, Lower; Pectoralis Major, Sternal; Coracobrachialis","Triceps, Long Head",,,,,,,,,,,,,,,,,,,,,,,,,
"Machine-assisted Pull-up (open-centered bar, standing)",https://exrx.net/WeightExercises/LatissimusDorsi/AsPullupOpen,Latissimus Dorsi,"Brachialis; Brachioradialis; Biceps Brachii; Teres Major; Rhomboids; Levator Scapulae; Pectoralis Minor; Trapezius, Lower; Pectoralis Major, Sternal; Coracobrachialis","Triceps, Long Head",,,,,,,,,,,,,,,,,,,,,,,,,
Machine-assisted Parallel Close Grip Pull-up,https://exrx.net/WeightExercises/LatissimusDorsi/AsCloseGripChinupKneeling,Latissimus Dorsi,"Brachialis; Brachioradialis; Teres Major; Deltoid, Posterior; Rhomboids; Levator Scapulae; Trapezius, Middle; Trapezius, Lower; Pectoralis Major, Sternal; Pectoralis Minor","Biceps Brachii; Triceps, Long Head",,,,,,,,,,,,,,,,,,,,,,,,,
Barbell Pullover,https://exrx.net/WeightExercises/LatissimusDorsi/BBPullover,Latissimus Dorsi,"Pectoralis        Major, Sternal; Triceps, Long        Head; Teres Major; Deltoid, Posterior; Rhomboids; Levator Scapulae; Pectoralis Minor",,"Triceps Brachii; Deltoid, Anterior; Pectoralis        Major, Clavicular; Wrist Flexors",,,,,,,,,,,,,,,,,,,,,,,,
Cable Bent-over Pullover,https://exrx.net/WeightExercises/LatissimusDorsi/CBBentoverPullover,Latissimus Dorsi,"Pectoralis          Major, Sternal; Triceps, Long          Head; Teres Major; Deltoid, Posterior; Rhomboids; Levator Scapulae; Pectoralis Minor",,"Triceps Brachii; Pectoralis          Major, Clavicular; Rectus Abdominis; Obliques; Wrist Flexors",,,,,,,,,,,,,,,,,,,,,,,,
Cable Close Grip Pulldown,https://exrx.net/WeightExercises/LatissimusDorsi/CBCloseGripPulldown,Latissimus Dorsi,"Brachialis; Brachioradialis; Teres Major; Deltoid, Posterior; Rhomboids; Levator Scapulae; Trapezius, Lower; Trapezius, Middle; Pectoralis Major, Sternal; Pectoralis Minor","Biceps Brachii; Triceps, Long Head",,,,,,,,,,,,,,,,,,,,,,,,,
Cable Pulldown,https://exrx.net/WeightExercises/LatissimusDorsi/CBFrontPulldown,Latissimus Dorsi,"Brachialis; Brachioradialis; Biceps Brachii; Teres Major; Deltoid, Posterior; Infraspinatus; Teres Minor; Coracobrachialis; Rhomboids; Levator Scapulae; Trapezius, Lower; Trapezius, Middle; Pectoralis Minor","Triceps, Long Head",,,,,,,,,,,,,,,,,,,,,,,,,
Cable Parallel Grip Pulldown,https://exrx.net/WeightExercises/LatissimusDorsi/CBParallelGripPulldown,Latissimus Dorsi,"Brachialis; Brachioradialis; Teres Major; Deltoid, Posterior; Rhomboids; Levator Scapulae; Trapezius, Lower; Trapezius, Middle; Pectoralis Major, Sternal; Pectoralis Minor","Biceps Brachii; Triceps, Long Head",,,,,,,,,,,,,,,,,,,,,,,,,
Cable Chin-up,https://exrx.net/WeightExercises/LatissimusDorsi/CBUnderhandChinup,Latissimus Dorsi,"Brachialis; Brachioradialis; Teres Major; Deltoid, Posterior; Rhomboids; Levator Scapulae; Trapezius, Lower; Trapezius, Middle; Pectoralis Major, Sternal; Pectoralis Minor","Biceps Brachii; Triceps, Long Head",,,,,,,,,,,,,,,,,,,,,,,,,
Cable Parallel Close Grip Pull-up,https://exrx.net/WeightExercises/LatissimusDorsi/CBParallelCloseGripChinup,Latissimus Dorsi,"Brachialis; Brachioradialis; Teres Major; Deltoid, Posterior; Rhomboids; Levator Scapulae; Trapezius, Lower; Trapezius, Middle; Pectoralis Major, Sternal; Pectoralis Minor","Biceps Brachii; Triceps, Long Head",,,,,,,,,,,,,,,,,,,,,,,,,
Cable Parallel Grip Pull-up,https://exrx.net/WeightExercises/LatissimusDorsi/CBParallelGripChinup,Latissimus Dorsi,"Brachialis; Brachioradialis; Teres Major; Deltoid, Posterior; Rhomboids; Levator Scapulae; Trapezius, Lower; Trapezius, Middle; Pectoralis Major, Sternal; Pectoralis Minor","Biceps Brachii; Triceps, Long Head",,,,,,,,,,,,,,,,,,,,,,,,,
Cable Pull-up,https://exrx.net/WeightExercises/LatissimusDorsi/CBPullup,Latissimus Dorsi,"Brachialis; Brachioradialis; Biceps Brachii; Teres Major; Deltoid, Posterior; Infraspinatus; Teres Minor; Coracobrachialis; Rhomboids; Levator Scapulae; Trapezius, Lower; Trapezius, Middle; Pectoralis Minor","Triceps, Long Head",,,,,,,,,,,,,,,,,,,,,,,,,
Cable Underhand Pulldown,https://exrx.net/WeightExercises/LatissimusDorsi/CBUnderhandPulldown,Latissimus Dorsi,"Brachialis; Brachioradialis; Teres Major; Deltoid, Posterior; Rhomboids; Levator Scapulae; Trapezius, Lower; Trapezius, Middle; Pectoralis Major, Sternal; Pectoralis Minor","Biceps Brachii; Triceps, Long Head",,,,,,,,,,,,,,,,,,,,,,,,,
Lever Isolateral Pulldown (plate loaded),https://exrx.net/WeightExercises/LatissimusDorsi/LVPulldownH,Latissimus Dorsi,"Brachialis; Brachioradialis; Biceps Brachii; Teres Major; Rhomboids; Levator Scapulae; Pectoralis Minor; Trapezius, Lower; Pectoralis Major, Sternal; Coracobrachialis","Triceps, Long Head",,,,,,,,,,,,,,,,,,,,,,,,,
Lever Isolateral Underhand Pulldown (plate loaded),https://exrx.net/WeightExercises/LatissimusDorsi/LVUnderhandPulldownH,Latissimus Dorsi,"Brachialis; Brachioradialis; Teres Major; Deltoid, Posterior; Rhomboids; Levator Scapulae; Trapezius, Lower; Trapezius, Middle; Pectoralis Major, Sternal; Pectoralis Minor","Biceps Brachii; Triceps, Long Head",,,,,,,,,,,,,,,,,,,,,,,,,
Lever Close Grip Pulldown,https://exrx.net/WeightExercises/LatissimusDorsi/LVCloseGripPulldown,Latissimus Dorsi,"Brachialis; Brachioradialis; Teres Major; Deltoid, Posterior; Rhomboids; Levator Scapulae; Trapezius, Lower; Trapezius, Middle; Pectoralis Major, Sternal; Pectoralis Minor","Biceps Brachii; Triceps, Long Head",,,,,,,,,,,,,,,,,,,,,,,,,
Lever Front Pulldown,https://exrx.net/WeightExercises/LatissimusDorsi/LVFrontPulldown,Latissimus Dorsi,"Brachialis; Brachioradialis; Biceps Brachii; Teres Major; Deltoid, Posterior; Infraspinatus; Teres Minor; Coracobrachialis; Rhomboids; Levator Scapulae; Trapezius, Lower; Trapezius, Middle; Pectoralis Minor","Triceps, Long Head",,,,,,,,,,,,,,,,,,,,,,,,,
Lever Isolateral Pulldown,https://exrx.net/WeightExercises/LatissimusDorsi/LVPulldown,Latissimus Dorsi,"Brachialis; Brachioradialis; Biceps Brachii; Teres Major; Rhomboids; Levator Scapulae; Pectoralis Minor; Trapezius, Lower; Pectoralis Major, Sternal; Coracobrachialis","Triceps, Long Head",,,,,,,,,,,,,,,,,,,,,,,,,
Lever Pullover,https://exrx.net/WeightExercises/LatissimusDorsi/LVPullover,Latissimus Dorsi,"Pectoralis Major, Sternal; Pectoralis Minor; Triceps, Long Head; Teres Major; Deltoid, Posterior; Rhomboids; Levator Scapulae",,"Trapezius, Lower",,,,,,,,,,,,,,,,,,,,,,,,
Weighted Chin-up,https://exrx.net/WeightExercises/LatissimusDorsi/WtUnderhandChinup,Latissimus Dorsi,"Brachialis; Brachioradialis; Teres Major; Deltoid, Posterior; Rhomboids; Levator Scapulae; Trapezius, Lower; Trapezius, Middle; Pectoralis Major, Sternal; Coracobrachialis; Pectoralis Minor","Biceps Brachii; Triceps, Long Head",,,,,,,,,,,,,,,,,,,,,,,,,
Weighted Parallel Close Grip Pull-up,https://exrx.net/WeightExercises/LatissimusDorsi/WtCloseGripChinup,Latissimus Dorsi,"Brachialis; Brachioradialis; Teres Major; Deltoid, Posterior; Rhomboids; Levator Scapulae; Trapezius, Lower; Trapezius, Middle; Pectoralis Major, Sternal; Pectoralis Minor","Biceps Brachii; Triceps, Long Head",,,,,,,,,,,,,,,,,,,,,,,,,
Weighted Pull-up,https://exrx.net/WeightExercises/LatissimusDorsi/WtPullup,Latissimus Dorsi,"Brachialis; Brachioradialis; Biceps Brachii; Teres Major; Deltoid, Posterior; Infraspinatus; Teres Minor; Coracobrachialis; Rhomboids; Levator Scapulae; Trapezius, Lower; Trapezius, Middle; Pectoralis Minor","Triceps, Long Head",,,,,,,,,,,,,,,,,,,,,,,,,
Band-assisted Archer Pull-up,https://exrx.net/WeightExercises/LatissimusDorsi/ASArcherPullupBand,Latissimus Dorsi,"Brachialis; Brachioradialis; Biceps Brachii; Teres Major; Deltoid, Posterior; Infraspinatus; Teres Minor; Coracobrachialis; Rhomboids; Levator Scapulae; Trapezius, Lower; Trapezius, Middle; Pectoralis Minor","Triceps, Long Head",,,,,,,,,,,,,,,,,,,,,,,,,
Band-assisted Chin-up,https://exrx.net/WeightExercises/LatissimusDorsi/ASChinupBand,Latissimus Dorsi,"Brachialis; Brachioradialis; Teres Major; Deltoid, Posterior; Rhomboids; Levator Scapulae; Trapezius, Lower; Trapezius, Middle; Pectoralis Major, Sternal; Pectoralis Minor","Biceps Brachii; Triceps, Long Head",,,,,,,,,,,,,,,,,,,,,,,,,
Band-assisted Pull-up,https://exrx.net/WeightExercises/LatissimusDorsi/ASPullupBand,Latissimus Dorsi,"Brachialis; Brachioradialis; Biceps Brachii; Teres Major; Deltoid, Posterior; Infraspinatus; Teres Minor; Coracobrachialis; Rhomboids; Levator Scapulae; Trapezius, Lower; Trapezius, Middle; Pectoralis Minor","Triceps, Long Head",,,,,,,,,,,,,,,,,,,,,,,,,
Band-assisted Parallel Grip Pull-up,https://exrx.net/WeightExercises/LatissimusDorsi/ASParallelGripPullupBand,Latissimus Dorsi,"Brachialis; Brachioradialis; Teres Major; Deltoid, Posterior; Rhomboids; Levator Scapulae; Trapezius, Lower; Trapezius, Middle; Pectoralis Major, Sternal; Coracobrachialis; Pectoralis Minor","Biceps Brachii; Triceps, Long Head",,,,,,,,,,,,,,,,,,,,,,,,,
Archer Pull-up,https://exrx.net/WeightExercises/LatissimusDorsi/BWArcherPullup,Latissimus Dorsi,"Brachialis; Brachioradialis; Biceps Brachii; Teres Major; Deltoid, Posterior; Infraspinatus; Teres Minor; Coracobrachialis; Rhomboids; Levator Scapulae; Trapezius, Lower; Trapezius, Middle; Pectoralis Minor","Triceps, Long Head",,,,,,,,,,,,,,,,,,,,,,,,,
Chin-up,https://exrx.net/WeightExercises/LatissimusDorsi/BWUnderhandChinup,Latissimus Dorsi,"Brachialis; Brachioradialis; Teres Major; Deltoid, Posterior; Rhomboids; Levator Scapulae; Trapezius, Lower; Trapezius, Middle; Pectoralis Major, Sternal; Pectoralis Minor","Biceps Brachii; Triceps, Long Head",,,,,,,,,,,,,,,,,,,,,,,,,
One Arm Pull-up,https://exrx.net/WeightExercises/LatissimusDorsi/BWOneArmPullup,Latissimus Dorsi,"Brachialis; Brachioradialis; Biceps Brachii; Teres Major; Deltoid, Posterior; Infraspinatus; Teres Minor; Rhomboids; Levator Scapulae; Trapezius, Lower; Trapezius, Middle; Pectoralis Minor",,,,,"Triceps, Long        Head",,,,,,,,,,,,,,,,,,,,,
Parallel Close Grip Pull-up,https://exrx.net/WeightExercises/LatissimusDorsi/BWCloseGripChinup,Latissimus Dorsi,"Brachialis; Brachioradialis; Teres Major; Deltoid, Posterior; Rhomboids; Levator Scapulae; Trapezius, Lower; Trapezius, Middle; Pectoralis Major, Sternal; Pectoralis Minor","Biceps Brachii; Triceps, Long Head",,,,,,,,,,,,,,,,,,,,,,,,,
Pull-up,https://exrx.net/WeightExercises/LatissimusDorsi/BWPullup,Latissimus Dorsi,"Brachialis; Brachioradialis; Biceps Brachii; Teres Major; Deltoid, Posterior; Infraspinatus; Teres Minor; Coracobrachialis; Rhomboids; Levator Scapulae; Trapezius, Lower; Trapezius, Middle; Pectoralis Minor","Triceps, Long Head",,,,,,,,,,,,,,,,,,,,,,,,,
Partner-assisted Chin-up,https://exrx.net/WeightExercises/LatissimusDorsi/AsUnderhandChinupPartner,Latissimus Dorsi,"Brachialis; Brachioradialis; Teres Major; Deltoid, Posterior; Rhomboids; Levator Scapulae; Trapezius, Lower; Trapezius, Middle; Pectoralis Major, Sternal; Pectoralis Minor","Biceps Brachii; Triceps, Long Head",,,,,,,,,,,,,,,,,,,,,,,,,
Partner-assisted Pull-up,https://exrx.net/WeightExercises/LatissimusDorsi/AsChinupPartner,Latissimus Dorsi,"Brachialis; Brachioradialis; Biceps Brachii; Teres Major; Deltoid, Posterior; Infraspinatus; Teres Minor; Coracobrachialis; Rhomboids; Levator Scapulae; Trapezius, Middle; Trapezius, Lower; Pectoralis Minor","Triceps, Long Head",,,,,,,,,,,,,,,,,,,,,,,,,
Self-assisted Chin-up,https://exrx.net/WeightExercises/LatissimusDorsi/AsUnderhandChinupSelf,Latissimus Dorsi,"Brachialis; Brachioradialis; Teres Major; Deltoid, Posterior; Rhomboids; Levator Scapulae; Trapezius, Lower; Trapezius, Middle; Pectoralis        Major, Sternal; Pectoralis Minor",,,,,"Biceps Brachii; Triceps, Long        Head",,,,,,,,,,,,,,,,,,,,,
Self-assisted Pull-up,https://exrx.net/WeightExercises/LatissimusDorsi/AsChinupSelf,Latissimus Dorsi,"Brachialis; Brachioradialis; Biceps Brachii; Teres Major; Deltoid, Posterior; Infraspinatus; Teres Minor; Coracobrachialis; Rhomboids; Levator Scapulae; Trapezius, Middle; Trapezius, Lower; Pectoralis Minor","Triceps, Long Head",,,,,,,,,,,,,,,,,,,,,,,,,
Suspended Pull-up,https://exrx.net/WeightExercises/LatissimusDorsi/STPullup,Latissimus Dorsi,"Brachialis; Brachioradialis; Biceps Brachii; Teres Major; Rhomboids; Levator Scapulae; Trapezius, Lower; Pectoralis Major, Sternal; Coracobrachialis; Pectoralis Minor","Triceps, Long Head",,,,,,,,,,,,,,,,,,,,,,,,,
Suspended Self-assisted Pull-up,https://exrx.net/WeightExercises/LatissimusDorsi/STSelfAssistedPullup,Latissimus Dorsi,"Brachialis; Brachioradialis; Biceps Brachii; Teres Major; Deltoid, Posterior; Infraspinatus; Teres Minor; Coracobrachialis; Rhomboids; Levator Scapulae; Trapezius, Middle; Trapezius, Lower; Pectoralis Minor","Triceps, Long Head",,,,,,,,,,,,,,,,,,,,,,,,,
Barbell Shrug,https://exrx.net/WeightExercises/TrapeziusUpper/BBShrug,"Trapezius, Upper","Trapezius, Middle; Levator Scapulae",,Erector Spinae,,,,,,,,,,,,,,,,,,,,,,,,
Trap Bar Shrug,https://exrx.net/WeightExercises/TrapeziusUpper/TBShrug,"Trapezius, Upper","Trapezius, Middle; Levator Scapulae",,Erector Spinae,,,,,,,,,,,,,,,,,,,,,,,,
Cable Shrug,https://exrx.net/WeightExercises/TrapeziusUpper/CBShrug,"Trapezius, Upper","Trapezius, Middle; Levator Scapulae",,Erector Spinae,,,,,,,,,,,,,,,,,,,,,,,,
Cable Isolateral Shrug,https://exrx.net/WeightExercises/TrapeziusUpper/CBShrugStirrups,"Trapezius, Upper","Trapezius, Middle; Levator Scapulae",,Erector Spinae,,,,,,,,,,,,,,,,,,,,,,,,
Dumbbell Shrug,https://exrx.net/WeightExercises/TrapeziusUpper/DBShrug,"Trapezius, Upper","Trapezius, Middle; Levator Scapulae",,Erector Spinae,,,,,,,,,,,,,,,,,,,,,,,,
Lever Seated Shrug (plate loaded),https://exrx.net/WeightExercises/TrapeziusUpper/LVSeatedShrug,"Trapezius, Upper","Trapezius, Middle; Levator Scapulae",,No significant stabilizers,,,,,,,,,,,,,,,,,,,,,,,,
Lever Shrug (plate loaded),https://exrx.net/WeightExercises/TrapeziusUpper/LVShrugH,"Trapezius, Upper","Trapezius, Middle; Levator Scapulae",,Erector Spinae,,,,,,,,,,,,,,,,,,,,,,,,
Lever Shrug,https://exrx.net/WeightExercises/TrapeziusUpper/LVShrug,"Trapezius, Upper","Trapezius, Middle; Levator Scapulae",,Erector Spinae,,,,,,,,,,,,,,,,,,,,,,,,
Sled Gripless Shrug,https://exrx.net/WeightExercises/TrapeziusUpper/SLXGripShrug,"Trapezius, Upper","Trapezius, Middle; Levator Scapulae",,Erector Spinae,,,,,,,,,,,,,,,,,,,,,,,,
Smith Shrug,https://exrx.net/WeightExercises/TrapeziusUpper/SMShrug,"Trapezius, Upper","Trapezius, Middle; Levator Scapulae",,Erector Spinae,,,,,,,,,,,,,,,,,,,,,,,,
Hang Clean,https://exrx.net/WeightExercises/OlympicLifts/HangClean,,,,,,,,,,,,,,,,,,,,,,,,,,,,
Inverted Shrug (on parallel bars),https://exrx.net/WeightExercises/TrapeziusUpper/BWInvertedShrugPB,"Trapezius, Upper","Trapezius, Middle; Levator Scapulae",,,,,,,,,,,,,,,,,,,,,,,,,,
Suspended Inverted Shrug,https://exrx.net/WeightExercises/TrapeziusUpper/BWInvertedShrugRings,"Trapezius, Upper","Trapezius, Middle; Levator Scapulae",,,,,,,,,,,,,,,,,,,,,,,,,,
Cable Standing Shoulder External Rotation,https://exrx.net/WeightExercises/Infraspinatus/CBStandingExternalRotation,Infraspinatus,"Teres Minor; Deltoid, Posterior",,"Rhomboids; Trapezius, Lower; Deltoid, Lateral; Wrist Extensors",,,,,,,,,,,,,,,,,,,,,,,,
Dumbbell Lying Shoulder External Rotation,https://exrx.net/WeightExercises/Infraspinatus/DBLyingExternalRotation,Infraspinatus,"Teres Minor; Deltoid, Posterior",,"Rhomboids; Trapezius, Lower; Wrist Extensors",,,,,,,,,,,,,,,,,,,,,,,,
Dumbbell Upright Shoulder External Rotation (with support),https://exrx.net/WeightExercises/Infraspinatus/DBUprightExternalRotationSupport,Teres Minor,"Infraspinatus; Deltoid, Posterior; Supraspinatus",,Serratus Anterior; Wrist Extensors,,,,,,,,,,,,,,,,,,,,,,,,
Lever Isolateral Shoulder External Rotation (plate loaded),https://exrx.net/WeightExercises/Infraspinatus/LVShoulderExternalRotationPL,Teres Minor,"Infraspinatus; Deltoid, Posterior; Supraspinatus",,Serratus Anterior,,,,,,,,,,,,,,,,,,,,,,,,
Lever Shoulder External Rotation,https://exrx.net/WeightExercises/Infraspinatus/LVExternalRotation,Infraspinatus,"Teres Minor; Deltoid, Posterior",,"Trapezius, Lower; Wrist Extensors",,,,,,,,,,,,,,,,,,,,,,,,
Suspended Shoulder External Rotation,https://exrx.net/WeightExercises/Infraspinatus/STShoulderExternalRotation,Infraspinatus,"Teres Minor; Deltoid, Posterior; Trapezius, Middle; Trapezius, Lower; Rhomboids",,Latissimus Dorsi; Teres Major; Wrist Extensors; Erector Spinae; Gluteus Maximus; Hamstrings,Rectus Abdominis; Obliques,,,,,,,,,,,,,,,,,,,,,,,
Cable Standing Shoulder Internal Rotation,https://exrx.net/WeightExercises/Subscapularis/CBStandingInternalRotation,Subscapularis,"Pectoralis Major, Sternal; Pectoralis Major, Clavicular; Latissimus Dorsi; Teres Major; Deltoid, Anterior; Coracobrachialis",,Pectoralis Minor; Rhomboids; Levator Scapulae; Wrist Flexors,,,,,,,,,,,,,,,,,,,,,,,,
Dumbbell Shoulder Internal Rotation (on floor),https://exrx.net/WeightExercises/Subscapularis/DBInternalRotationFloor,Subscapularis,"Pectoralis Major, Sternal; Pectoralis Major, Clavicular; Latissimus Dorsi; Teres Major; Deltoid, Anterior; Coracobrachialis",,Wrist Flexors,,,,,,,,,,,,,,,,,,,,,,,,
Lever Isolateral Shoulder Internal Rotation (plate loaded),https://exrx.net/WeightExercises/Subscapularis/LVShoulderInternalRotationPL,Subscapularis,"Pectoralis Major, Sternal; Latissimus Dorsi; Teres Major; Coracobrachialis",,Serratus Anterior,,,,,,,,,,,,,,,,,,,,,,,,
Lever Shoulder Internal Rotation,https://exrx.net/WeightExercises/Subscapularis/LVInternalRotation,Subscapularis,"Pectoralis Major, Sternal; Pectoralis Major, Clavicular; Latissimus Dorsi; Teres Major; Deltoid, Anterior; Coracobrachialis",,Wrist Flexors,,,,,,,,,,,,,,,,,,,,,,,,
Machine-assisted Chest Dip,https://exrx.net/WeightExercises/PectoralSternal/AsChestDip,"Pectoralis Major, Sternal","Deltoid, Anterior; Triceps Brachii; Pectoralis Major, Clavicular; Pectoralis Minor; Rhomboids; Levator Scapulae; Latissimus Dorsi; Teres Major; Coracobrachialis",,"Trapezius, Lower",,,,,,,,,,,,,,,,,,,,,,,,
Machine-assisted Chest Dip (kneeling),https://exrx.net/WeightExercises/PectoralSternal/AsChestDipKneeling,"Pectoralis Major, Sternal","Deltoid, Anterior; Triceps Brachii; Pectoralis Major, Clavicular; Pectoralis Minor; Rhomboids; Levator Scapulae; Latissimus Dorsi; Teres Major; Coracobrachialis",,"Trapezius, Lower",,,,,,,,,,,,,,,,,,,,,,,,
Barbell Bench Press,https://exrx.net/WeightExercises/PectoralSternal/BBBenchPress,"Pectoralis Major, Sternal","Pectoralis Major, Clavicular; Deltoid, Anterior; Triceps Brachii; Coracobrachialis","Biceps Brachii, Short Head",,,,,,,,,,,,,,,,,,,,,,,,,
Barbell Bench Press (power lift),https://exrx.net/WeightExercises/PectoralSternal/BBBenchPressPowerLift,"Pectoralis Major, Sternal","Pectoralis Major, Clavicular; Deltoid, Anterior; Triceps Brachii; Coracobrachialis","Biceps Brachii, Short Head",Erector Spinae; Gluteus Maximus,,,,,,,,,,,,,,,,,,,,,,,,
Barbell Decline Bench Press,https://exrx.net/WeightExercises/PectoralSternal/BBDeclineBenchPress,"Pectoralis Major, Sternal","Pectoralis Major, Clavicular; Deltoid, Anterior; Triceps Brachii; Coracobrachialis","Biceps Brachii, Short Head",,,,,,,,,,,,,,,,,,,,,,,,,
Cable Isolateral Lying Fly,https://exrx.net/WeightExercises/PectoralSternal/CBLyingFly,"Pectoralis Major, Sternal","Pectoralis Major, Clavicular; Deltoid, Anterior; Biceps Brachii, Short Head; Coracobrachialis",,Biceps Brachii; Brachialis; Triceps Brachii; Wrist Flexors,,,,,,,,,,,,,,,,,,,,,,,,
Cable Isolateral Cable Fly,https://exrx.net/WeightExercises/PectoralSternal/CBSeatedFly,"Pectoralis Major, Sternal","Pectoralis Major, Clavicular; Deltoid, Anterior; Biceps Brachii, Short Head; Coracobrachialis",,Biceps Brachii; Brachialis; Triceps Brachii; Wrist Flexors,,,,,,,,,,,,,,,,,,,,,,,,
Cable Isolateral Standing Fly,https://exrx.net/WeightExercises/PectoralSternal/CBStandingFly,"Pectoralis Major, Sternal","Pectoralis Major, Clavicular; Pectoralis Minor; Rhomboids; Levator Scapulae; Latissimus Dorsi; Coracobrachialis",,Biceps Brachii; Brachialis; Triceps Brachii; Wrist Flexors; Rectus Abdominis; Obliques,Erector Spinae,,,,,,,,,,,,,,,,,,,,,,,
Cable Isolateral Bench Press,https://exrx.net/WeightExercises/PectoralSternal/CBBenchPress,"Pectoralis Major, Sternal","Pectoralis Major, Clavicular; Deltoid, Anterior; Triceps Brachii; Coracobrachialis","Biceps Brachii, Short Head",,,,,,,,,,,,,,,,,,,,,,,,,
Cable Isolateral Chest Press,https://exrx.net/WeightExercises/PectoralSternal/CBChestPress,"Pectoralis Major, Sternal","Pectoralis Major, Clavicular; Deltoid, Anterior; Triceps Brachii; Coracobrachialis","Biceps Brachii, Short Head",,,,,,,,,,,,,,,,,,,,,,,,,
Cable Isolateral Standing Chest Press,https://exrx.net/WeightExercises/PectoralSternal/CBStandingChestPress,"Pectoralis Major, Sternal","Pectoralis Major, Clavicular; Deltoid, Anterior; Triceps Brachii; Coracobrachialis","Biceps Brachii, Short Head",Pectoralis Minor; Serratus Anterior,,,,,,,,,,,,,,,,,,,,,,,,
Cable Isolateral Decline Chest Press,https://exrx.net/WeightExercises/PectoralSternal/CBDeclineChestPress,"Pectoralis Major, Sternal","Pectoralis Major, Clavicular; Deltoid, Anterior; Triceps Brachii; Coracobrachialis","Biceps Brachii, Short Head",,,,,,,,,,,,,,,,,,,,,,,,,
Dumbbell Bench Press,https://exrx.net/WeightExercises/PectoralSternal/DBBenchPress,"Pectoralis Major, Sternal","Pectoralis Major, Clavicular; Deltoid, Anterior; Triceps Brachii; Coracobrachialis","Biceps Brachii, Short Head",,,,,,,,,,,,,,,,,,,,,,,,,
Dumbbell Decline Bench Press,https://exrx.net/WeightExercises/PectoralSternal/DBDeclineBenchPress,"Pectoralis Major, Sternal","Pectoralis Major, Clavicular; Deltoid, Anterior; Triceps Brachii; Coracobrachialis","Biceps Brachii, Short Head",,,,,,,,,,,,,,,,,,,,,,,,,
Dumbbell Fly,https://exrx.net/WeightExercises/PectoralSternal/DBFly,"Pectoralis Major, Sternal","Pectoralis Major, Clavicular; Deltoid, Anterior; Biceps Brachii, Short Head; Coracobrachialis",,Biceps Brachii; Brachialis; Triceps Brachii; Wrist Flexors,,,,,,,,,,,,,,,,,,,,,,,,
Dumbbell Pullover,https://exrx.net/WeightExercises/PectoralSternal/DBPullover,"Pectoralis Major, Sternal","Latissimus Dorsi; Teres Major; Triceps, Long Head; Deltoid, Posterior; Pectoralis Minor; Rhomboids; Levator Scapulae",,"Triceps Brachii; Deltoid, Anterior; Pectoralis Major, Clavicular; Coracobrachialis; Wrist Flexors",,,,,,,,,,,,,,,,,,,,,,,,
Lever Isolateral Bench Press (plate loaded),https://exrx.net/WeightExercises/PectoralSternal/LVBenchPressH,"Pectoralis Major, Sternal","Pectoralis Major, Clavicular; Deltoid, Anterior; Triceps Brachii; Coracobrachialis","Biceps Brachii, Short Head",,,,,,,,,,,,,,,,,,,,,,,,,
Lever Chest Dip (plate loaded),https://exrx.net/WeightExercises/PectoralSternal/LVChestDipH,"Pectoralis Major, Sternal","Deltoid, Anterior; Triceps Brachii; Pectoralis Major, Clavicular; Pectoralis Minor; Rhomboids; Levator Scapulae; Latissimus Dorsi; Teres Major; Coracobrachialis",,"Trapezius, Lower",,,,,,,,,,,,,,,,,,,,,,,,
Lever Isolateral Chest Press (plate loaded),https://exrx.net/WeightExercises/PectoralSternal/LVChestPressH,"Pectoralis Major, Sternal","Pectoralis Major, Clavicular; Deltoid, Anterior; Triceps Brachii; Coracobrachialis","Biceps Brachii, Short Head",,,,,,,,,,,,,,,,,,,,,,,,,
Lever Decline Chest Press (plate loaded),https://exrx.net/WeightExercises/PectoralSternal/LVDeclineChestPressPL,"Pectoralis Major, Sternal","Pectoralis Major, Clavicular; Deltoid, Anterior; Triceps Brachii; Coracobrachialis","Biceps Brachii, Short Head",,,,,,,,,,,,,,,,,,,,,,,,,
Lever Chest Dip,https://exrx.net/WeightExercises/PectoralSternal/LVChestDip,"Pectoralis Major, Sternal","Deltoid, Anterior; Triceps Brachii; Pectoralis Major, Clavicular; Pectoralis Minor; Rhomboids; Levator Scapulae; Latissimus Dorsi; Teres Major; Coracobrachialis",,"Trapezius, Lower",,,,,,,,,,,,,,,,,,,,,,,,
Lever Isolateral Lying Fly (gripless),https://exrx.net/WeightExercises/PectoralSternal/LVLyingFly,"Pectoralis Major, Sternal","Pectoralis Major, Clavicular; Pectoralis Minor; Deltoid, Anterior; Coracobrachialis; Serratus Anterior",,No significant stabilizers,,,,,,,,,,,,,,,,,,,,,,,,
Lever Isolateral Pec Deck Fly,https://exrx.net/WeightExercises/PectoralSternal/LVPecDeckFly,"Pectoralis Major, Sternal","Pectoralis Major, Clavicular; Coracobrachialis; Pectoralis Minor; Serratus Anterior",,No significant stabilizers,,,,,,,,,,,,,,,,,,,,,,,,
Lever Isolateral Seated Fly,https://exrx.net/WeightExercises/PectoralSternal/LVSeatedFly,"Pectoralis Major, Sternal","Pectoralis Major, Clavicular; Pectoralis Minor; Deltoid, Anterior; Biceps Brachii, Short Head; Coracobrachialis; Serratus Anterior",,Biceps Brachii; Brachialis; Wrist Flexors,,,,,,,,,,,,,,,,,,,,,,,,
Lever Bench Press,https://exrx.net/WeightExercises/PectoralSternal/LVBenchPress,"Pectoralis Major, Sternal","Pectoralis Major, Clavicular; Deltoid, Anterior; Triceps Brachii; Coracobrachialis","Biceps Brachii, Short Head",,,,,,,,,,,,,,,,,,,,,,,,,
Lever Chest Press,https://exrx.net/WeightExercises/PectoralSternal/LVChestPress,"Pectoralis Major, Sternal","Pectoralis Major, Clavicular; Deltoid, Anterior; Triceps Brachii; Coracobrachialis","Biceps Brachii, Short Head",,,,,,,,,,,,,,,,,,,,,,,,,
Lever Isolateral Chest Press,https://exrx.net/WeightExercises/PectoralSternal/LVChestPressS,"Pectoralis Major, Sternal","Pectoralis Major, Clavicular; Deltoid, Anterior; Triceps Brachii; Coracobrachialis","Biceps Brachii, Short Head",,,,,,,,,,,,,,,,,,,,,,,,,
Lever Isolateral Decline Chest Press,https://exrx.net/WeightExercises/PectoralSternal/LVDeclineChestPress,"Pectoralis Major, Sternal","Pectoralis Major, Clavicular; Deltoid, Anterior; Triceps Brachii; Coracobrachialis","Biceps Brachii, Short Head",,,,,,,,,,,,,,,,,,,,,,,,,
Sled Standing Chest Dip,https://exrx.net/WeightExercises/PectoralSternal/SLStandingChestDip,"Pectoralis Major, Sternal","Deltoid, Anterior; Triceps Brachii; Pectoralis Major, Clavicular; Pectoralis Minor; Rhomboids; Levator Scapulae; Latissimus Dorsi; Teres Major; Coracobrachialis",,"Trapezius, Lower",,,,,,,,,,,,,,,,,,,,,,,,
Smith Bench Press,https://exrx.net/WeightExercises/PectoralSternal/SMBenchPress,"Pectoralis Major, Sternal","Pectoralis Major, Clavicular; Deltoid, Anterior; Triceps Brachii; Coracobrachialis","Biceps Brachii, Short Head",,,,,,,,,,,,,,,,,,,,,,,,,
Smith Decline Bench Press,https://exrx.net/WeightExercises/PectoralSternal/SMDeclineBenchPress,"Pectoralis Major, Sternal","Pectoralis Major, Clavicular; Deltoid, Anterior; Triceps Brachii; Coracobrachialis","Biceps Brachii, Short Head",,,,,,,,,,,,,,,,,,,,,,,,,
Weighted Chest Dip,https://exrx.net/WeightExercises/PectoralSternal/WtChestDip,"Pectoralis Major, Sternal","Deltoid, Anterior; Triceps Brachii; Pectoralis Major, Clavicular; Pectoralis Minor; Rhomboids; Levator Scapulae; Latissimus Dorsi; Teres Major; Coracobrachialis",,"Trapezius, Lower",,,,,,,,,,,,,,,,,,,,,,,,
Weighted Push-up,https://exrx.net/WeightExercises/PectoralSternal/WtPushup,"Pectoralis Major, Sternal","Pectoralis Major, Clavicular; Deltoid, Anterior; Triceps Brachii; Coracobrachialis","Biceps Brachii, Short Head",Rectus Abdominis; Obliques; Quadriceps; Pectoralis Minor; Serratus Anterior,Erector Spinae,,,,,,,,,,,,,,,,,,,,,,,
Band-assisted Chest Dip,https://exrx.net/WeightExercises/PectoralSternal/ASChestDipBand,"Pectoralis Major, Sternal","Deltoid, Anterior; Triceps Brachii; Pectoralis Major, Clavicular; Pectoralis Minor; Rhomboids; Levator Scapulae; Latissimus Dorsi; Teres Major; Coracobrachialis",,"Trapezius, Lower",,,,,,,,,,,,,,,,,,,,,,,,
Chest Dip,https://exrx.net/WeightExercises/PectoralSternal/BWChestDip,"Pectoralis Major, Sternal","Deltoid, Anterior; Triceps Brachii; Pectoralis Major, Clavicular; Pectoralis Minor; Rhomboids; Levator Scapulae; Latissimus Dorsi; Teres Major; Coracobrachialis",,"Trapezius, Lower",,,,,,,,,,,,,,,,,,,,,,,,
Push-up,https://exrx.net/WeightExercises/PectoralSternal/BWPushup,"Pectoralis Major, Sternal","Pectoralis Major, Clavicular; Deltoid, Anterior; Triceps Brachii; Coracobrachialis","Biceps Brachii, Short Head",Serratus Anterior; Pectoralis Minor; Rectus Abdominis; Obliques; Quadriceps,Erector Spinae,,,,,,,,,,,,,,,,,,,,,,,
Archer Push-up,https://exrx.net/WeightExercises/PectoralSternal/BWArcherPushup,"Pectoralis Major, Sternal","Pectoralis Major, Clavicular; Deltoid, Anterior; Triceps Brachii; Coracobrachialis","Biceps Brachii, Short Head",Serratus Anterior; Pectoralis Minor; Rectus Abdominis; Obliques; Quadriceps,Erector Spinae,,,,,,,,,,,,,,,,,,,,,,,
Incline Push-up,https://exrx.net/WeightExercises/PectoralSternal/BWInclinePushup,"Pectoralis Major, Sternal","Pectoralis Major, Clavicular; Deltoid, Anterior; Triceps Brachii; Coracobrachialis","Biceps Brachii, Short Head",Rectus Abdominis; Obliques; Pectoralis Minor; Serratus Anterior; Quadriceps; Gastrocnemius; Soleus,Erector Spinae,,,,,,,,,,,,,,,,,,,,,,,
Push-up (on knees),https://exrx.net/WeightExercises/PectoralSternal/BWPushupKnee,"Pectoralis Major, Sternal","Pectoralis Major, Clavicular; Deltoid, Anterior; Triceps Brachii; Coracobrachialis","Biceps Brachii, Short Head",Serratus Anterior; Pectoralis Minor; Rectus Abdominis; Obliques,Erector Spinae,,,,,,,,,,,,,,,,,,,,,,,
Self-assisted Chest Dip,https://exrx.net/WeightExercises/PectoralSternal/AsChestDipSelf,"Pectoralis Major, Sternal","Deltoid, Anterior; Triceps Brachii; Pectoralis Major, Clavicular; Pectoralis Minor; Rhomboids; Levator Scapulae; Latissimus Dorsi; Teres Major; Coracobrachialis",,"Trapezius, Lower",,,,,,,,,,,,,,,,,,,,,,,,
Suspended Self-assisted Chest Dip,https://exrx.net/WeightExercises/PectoralSternal/STSelfAssistedChestDip,"Pectoralis Major, Sternal","Deltoid, Anterior; Triceps Brachii; Pectoralis Major, Clavicular; Pectoralis Minor; Rhomboids; Levator Scapulae; Latissimus Dorsi; Teres Major; Coracobrachialis",,"Trapezius, Lower",,,,,,,,,,,,,,,,,,,,,,,,
Suspended Chest Press,https://exrx.net/WeightExercises/PectoralSternal/STChestPress,"Pectoralis Major, Sternal","Pectoralis Major, Clavicular; Deltoid, Anterior; Triceps Brachii; Coracobrachialis","Biceps Brachii, Short Head",Rectus Abdominis; Obliques; Pectoralis Minor; Serratus Anterior; Quadriceps; Gastrocnemius; Soleus,Erector Spinae,,,,,,,,,,,,,,,,,,,,,,,
Suspended Fly,https://exrx.net/WeightExercises/PectoralSternal/STFly,"Pectoralis Major, Sternal","Pectoralis Major, Clavicular; Deltoid, Anterior; Biceps Brachii, Short Head; Coracobrachialis",,Rectus Abdominis; Obliques; Pectoralis Minor; Serratus Anterior; Quadriceps; Gastrocnemius; Soleus; Biceps Brachii; Brachialis; Triceps Brachii; Wrist Flexors,Erector Spinae,,,,,,,,,,,,,,,,,,,,,,,
Barbell Incline Bench Press,https://exrx.net/WeightExercises/PectoralClavicular/BBInclineBenchPress,"Pectoralis Major, Clavicular","Pectoralis Major, Sternal; Deltoid, Anterior; Triceps Brachii; Coracobrachialis","Biceps Brachii, Short Head",,,,,,,,,,,,,,,,,,,,,,,,,
Cable Isolateral Bench Press,https://exrx.net/WeightExercises/PectoralClavicular/CBInclineBenchPress,"Pectoralis Major, Clavicular","Pectoralis Major, Sternal; Deltoid, Anterior; Triceps Brachii; Coracobrachialis","Biceps Brachii, Short Head",,,,,,,,,,,,,,,,,,,,,,,,,
Cable Isolateral Chest Press,https://exrx.net/WeightExercises/PectoralClavicular/CBInclineChestPress,"Pectoralis Major, Clavicular","Pectoralis Major, Sternal; Deltoid, Anterior; Triceps Brachii; Coracobrachialis","Biceps Brachii, Short Head",,,,,,,,,,,,,,,,,,,,,,,,,
Cable Isolateral Incline Fly,https://exrx.net/WeightExercises/PectoralClavicular/CBInclineFly,"Pectoralis Major, Clavicular","Pectoralis Major, Sternal; Deltoid, Anterior; Biceps Brachii, Short Head; Coracobrachialis",,Biceps Brachii; Brachialis; Triceps Brachii; Wrist Flexors,,,,,,,,,,,,,,,,,,,,,,,,
Dumbbell Incline Bench Press,https://exrx.net/WeightExercises/PectoralClavicular/DBInclineBenchPress,"Pectoralis Major, Clavicular","Pectoralis Major, Sternal; Deltoid, Anterior; Triceps Brachii; Coracobrachialis","Biceps Brachii, Short Head",,,,,,,,,,,,,,,,,,,,,,,,,
Dumbbell Incline Fly,https://exrx.net/WeightExercises/PectoralClavicular/DBInclineFly,"Pectoralis Major, Clavicular","Pectoralis Major, Sternal; Deltoid, Anterior; Biceps Brachii, Short Head; Coracobrachialis",,Biceps Brachii; Brachialis; Triceps Brachii; Wrist Flexors,,,,,,,,,,,,,,,,,,,,,,,,
Lever Isolateral Chest Press (plate loaded),https://exrx.net/WeightExercises/PectoralClavicular/LVInclineChestPressPL,"Pectoralis Major, Clavicular","Pectoralis Major, Sternal; Deltoid, Anterior; Triceps Brachii; Coracobrachialis","Biceps Brachii, Short Head",,,,,,,,,,,,,,,,,,,,,,,,,
"Lever Isolateral Incline Chest Press (on Hammer military press, plate loaded)",https://exrx.net/WeightExercises/PectoralClavicular/LVInclineChestPressOnHammerMilitaryPress,"Pectoralis Major, Clavicular","Pectoralis Major, Sternal; Deltoid, Anterior; Triceps Brachii; Coracobrachialis","Biceps Brachii, Short Head",,,,,,,,,,,,,,,,,,,,,,,,,
Lever Incline Bench Press,https://exrx.net/WeightExercises/PectoralClavicular/LVInclineBenchPress,"Pectoralis Major, Clavicular","Pectoralis Major, Sternal; Deltoid, Anterior; Triceps Brachii; Coracobrachialis","Biceps Brachii, Short Head",,,,,,,,,,,,,,,,,,,,,,,,,
Lever Incline Chest Press,https://exrx.net/WeightExercises/PectoralClavicular/LVInclineChestPress,"Pectoralis Major, Clavicular","Pectoralis Major, Sternal; Deltoid, Anterior; Triceps Brachii; Coracobrachialis","Biceps Brachii, Short Head",,,,,,,,,,,,,,,,,,,,,,,,,
Lever Isolateral Incline Chest Press,https://exrx.net/WeightExercises/PectoralClavicular/LVInclineChestPressH,"Pectoralis Major, Clavicular","Pectoralis Major, Sternal; Deltoid, Anterior; Triceps Brachii; Coracobrachialis","Biceps Brachii, Short Head",,,,,,,,,,,,,,,,,,,,,,,,,
Lever Isolateral Incline Fly,https://exrx.net/WeightExercises/PectoralClavicular/LVInclineFly,"Pectoralis Major, Clavicular","Pectoralis Major, Sternal; Deltoid, Anterior; Biceps Brachii; Coracobrachialis",,,,,,,,,,,,,,,,,,,,,,,,,,
Smith Incline Bench Press,https://exrx.net/WeightExercises/PectoralClavicular/SMInclineBenchPress,"Pectoralis Major, Clavicular","Pectoralis Major, Sternal; Deltoid, Anterior; Triceps Brachii; Coracobrachialis","Biceps Brachii, Short Head",,,,,,,,,,,,,,,,,,,,,,,,,
Decline Push-up,https://exrx.net/WeightExercises/PectoralClavicular/BWDeclinePushup,"Pectoralis Major, Clavicular","Pectoralis Major, Sternal; Deltoid, Anterior; Triceps Brachii; Coracobrachialis","Biceps Brachii, Short Head",,Erector Spinae,,,,,,,,,,,,,,,,,,,,,,,
Decline Push-up (on stability ball),https://exrx.net/WeightExercises/PectoralClavicular/BWDeclinePushupOnBall,"Pectoralis Major, Clavicular","Pectoralis Major, Sternal; Deltoid, Anterior; Triceps Brachii; Coracobrachialis","Biceps Brachii, Short Head",,Erector Spinae,,,,,,,,,,,,,,,,,,,,,,,
Barbell Incline Shoulder Raise,https://exrx.net/WeightExercises/SerratusAnterior/BBInclineShoulderRaise,Serratus Anterior,"Pectoralis Major, Clavicular",,"Deltoid, Anterior; Triceps Brachii; Coracobrachialis",,,,,,,,,,,,,,,,,,,,,,,,
Cable Isolateral Incline Shoulder Raise,https://exrx.net/WeightExercises/SerratusAnterior/CBInclineShoulderRaise,Serratus Anterior,"Pectoralis Major, Clavicular",,"Deltoid, Anterior; Triceps Brachii; Coracobrachialis",,,,,,,,,,,,,,,,,,,,,,,,
Dumbbell Incline Shoulder Raise,https://exrx.net/WeightExercises/SerratusAnterior/DBInclineShoulderRaise,Serratus Anterior,"Pectoralis Major, Clavicular",,"Deltoid, Anterior; Triceps Brachii; Coracobrachialis",,,,,,,,,,,,,,,,,,,,,,,,
Lever Isolateral Incline Shoulder Raise (plate loaded),https://exrx.net/WeightExercises/SerratusAnterior/LVInclineShoulderRaisePL,Serratus Anterior,"Pectoralis Major, Clavicular",,"Deltoid, Anterior; Triceps Brachii; Coracobrachialis",,,,,,,,,,,,,,,,,,,,,,,,
Lever Incline Shoulder Raise,https://exrx.net/WeightExercises/SerratusAnterior/LVInclineShoulderRaise,Serratus Anterior,"Pectoralis Major, Clavicular",,"Deltoid, Anterior; Triceps Brachii; Coracobrachialis",,,,,,,,,,,,,,,,,,,,,,,,
Smith Incline Shoulder Raise,https://exrx.net/WeightExercises/SerratusAnterior/SMInclineShoulderRaise,Serratus Anterior,"Pectoralis Major, Clavicular",,"Deltoid, Anterior; Triceps Brachii; Coracobrachialis",,,,,,,,,,,,,,,,,,,,,,,,
Push-up Plus,https://exrx.net/WeightExercises/SerratusAnterior/BWPushUpPlus,Serratus Anterior,"Pectoralis Major, Sternal; Pectoralis Major, Clavicular; Pectoralis Minor; Deltoid, Anterior; Triceps Brachii; Coracobrachialis","Biceps Brachii, Short Head",Rectus Abdominis; Obliques; Quadriceps,Erector Spinae,,,,,,,,,,,,,,,,,,,,,,,
Machine-assisted Triceps Dip,https://exrx.net/WeightExercises/Triceps/ASTriDip,Triceps Brachii,"Deltoid, Anterior; Pectoralis Major, Sternal; Pectoralis Major, Clavicular; Pectoralis Minor; Rhomboids; Levator Scapulae; Latissimus Dorsi; Coracobrachialis",Biceps Brachii,"Trapezius, Lower",,,,,,,,,,,,,,,,,,,,,,,,
Machine-assisted Triceps Dip (kneeling),https://exrx.net/WeightExercises/Triceps/ASTriDipKneeling,Triceps Brachii,"Deltoid, Anterior; Pectoralis Major, Sternal; Pectoralis Major, Clavicular; Pectoralis Minor; Rhomboids; Levator Scapulae; Latissimus Dorsi; Coracobrachialis",Biceps Brachii,"Trapezius, Lower",,,,,,,,,,,,,,,,,,,,,,,,
Barbell Close Grip Bench Press,https://exrx.net/WeightExercises/Triceps/BBCloseGripBenchPress,Triceps Brachii,"Deltoid, Anterior; Pectoralis Major, Sternal; Pectoralis Major, Clavicular; Coracobrachialis",Biceps Brachii,,,,,,,,,,,,,,,,,,,,,,,,,
Barbell Lying Triceps Extension,https://exrx.net/WeightExercises/Triceps/BBLyingTriExt,Triceps Brachii,None,,"Deltoid, Anterior; Pectoralis Major, Clavicular; Pectoralis Major, Sternal; Latissimus Dorsi; Teres Major; Deltoid, Posterior; Coracobrachialis; Wrist Flexors",,,,,,,,,,,,,,,,,,,,,,,,
"Barbell Lying Triceps Extension ""Skull Crusher""",https://exrx.net/WeightExercises/Triceps/BBLyingTriExtSC,Triceps Brachii,None,,"Deltoid, Anterior; Pectoralis Major, Clavicular; Pectoralis Major, Sternal; Latissimus Dorsi; Teres Major; Deltoid, Posterior; Coracobrachialis; Wrist Flexors",,,,,,,,,,,,,,,,,,,,,,,,
Barbell Triceps Extension,https://exrx.net/WeightExercises/Triceps/BBTriExt,Triceps Brachii,None,,"Deltoid, Anterior; Pectoralis          Major, Clavicular; Wrist Flexors",,,,,,,,,,,,,,,,,,,,,,,,
Cable Bent-over Triceps Extension,https://exrx.net/WeightExercises/Triceps/CBBentoverTriExt,Triceps Brachii,None,,"Deltoid, Anterior; Pectoralis Major, Clavicular; Wrist Flexors; Rectus Abdominis; Obliques",Erector Spinae,,,,,,,,,,,,,,,,,,,,,,,
Cable Lying Triceps Extension,https://exrx.net/WeightExercises/Triceps/CBLyingTriExt,Triceps Brachii,None,,"Deltoid, Anterior; Pectoralis Major, Clavicular; Pectoralis Major, Sternal; Latissimus Dorsi; Teres Major; Deltoid, Posterior; Coracobrachialis; Wrist Flexors",,,,,,,,,,,,,,,,,,,,,,,,
Cable Pushdown,https://exrx.net/WeightExercises/Triceps/CBPushdown,Triceps Brachii,None,,"Latissimus Dorsi; Teres Major; Deltoid, Posterior; Pectoralis        Major, Sternal; Pectoralis Minor; Trapezius, Lower; Rectus Abdominis; Obliques; Wrist Flexors",,Erector Spinae,,,,,,,,,,,,,,,,,,,,,,
Cable One Arm Pushdown,https://exrx.net/WeightExercises/Triceps/CBOneArmPushdown,Triceps Brachii,None,,"Latissimus Dorsi; Teres Major; Deltoid, Posterior; Pectoralis        Major, Sternal; Pectoralis Minor; Trapezius, Lower; Obliques; Rectus Abdominis; Wrist Extensors",,Erector Spinae,,,,,,,,,,,,,,,,,,,,,,
Cable Pushdown (with back support),https://exrx.net/WeightExercises/Triceps/CBPushdownSupport,Triceps Brachii,None,,"Latissimus Dorsi; Teres Major; Deltoid, Posterior; Pectoralis        Major, Sternal; Pectoralis Minor; Trapezius, Lower; Rectus Abdominis; Obliques; Wrist Flexors",,Erector Spinae,,,,,,,,,,,,,,,,,,,,,,
Cable Pushdown (with V-bar),https://exrx.net/WeightExercises/Triceps/CBPushdownVBar,Triceps Brachii,None,,"Latissimus Dorsi; Teres Major; Deltoid, Posterior; Pectoralis Major, Sternal; Pectoralis Minor; Trapezius, Lower; Rectus Abdominis; Obliques; Wrist Flexors",Erector Spinae,,,,,,,,,,,,,,,,,,,,,,,
Cable Triceps Dip,https://exrx.net/WeightExercises/Triceps/CBTriDip,Triceps Brachii,"Deltoid, Anterior; Pectoralis Major, Sternal; Pectoralis Major, Clavicular; Pectoralis Minor; Rhomboids; Levator Scapulae; Latissimus Dorsi; Coracobrachialis",Biceps Brachii,"Trapezius, Lower",,,,,,,,,,,,,,,,,,,,,,,,
Cable Triceps Extension,https://exrx.net/WeightExercises/Triceps/CBTriExt,Triceps Brachii,None,,"Deltoid, Anterior; Pectoralis        Major, Clavicular; Wrist Flexors",,,,,,,,,,,,,,,,,,,,,,,,
Cable Triceps Extension (with rope),https://exrx.net/WeightExercises/Triceps/CBStandingTricepsExtensionRope,Triceps Brachii,None,,"Deltoid, Anterior; Pectoralis
      Major, Clavicular; Wrist Flexors",,,,,,,,,,,,,,,,,,,,,,,,
Dumbbell Kickback,https://exrx.net/WeightExercises/Triceps/DBKickback,Triceps Brachii,None,,"Deltoid, Posterior; Latissimus Dorsi; Trapezius, Middle; Trapezius, Lower; Rhomboids; Extensor Carpi          Ulnaris; Flexor Carpi Ulnaris",,,,,,,,,,,,,,,,,,,,,,,,
Dumbbell Lying Triceps Extension,https://exrx.net/WeightExercises/Triceps/DBLyingTriExt,Triceps Brachii,None,,"Deltoid, Anterior; Pectoralis Major, Clavicular; Pectoralis Major, Sternal; Latissimus Dorsi; Teres Major; Deltoid, Posterior; Coracobrachialis; Extensor Carpi Ulnaris; Flexor Carpi Ulnaris",,,,,,,,,,,,,,,,,,,,,,,,
Dumbbell One Arm Triceps Extension (on bench),https://exrx.net/WeightExercises/Triceps/DBOneArmTriExtBench,Triceps Brachii,None,,Wrist Extensors; Flexor Carpi Ulnaris,,,,,,,,,,,,,,,,,,,,,,,,
Dumbbell Triceps Extension,https://exrx.net/WeightExercises/Triceps/DBTriExt,Triceps Brachii,None,,"Deltoid, Anterior; Pectoralis        Major, Clavicular; Wrist Flexors",,,,,,,,,,,,,,,,,,,,,,,,
Lever Isolateral Close Grip Bench Press (plate loaded),https://exrx.net/WeightExercises/Triceps/LVCloseGripBenchPressH,Triceps Brachii,"Deltoid, Anterior; Pectoralis Major, Sternal; Pectoralis Major, Clavicular; Coracobrachialis",Biceps Brachii,,,,,,,,,,,,,,,,,,,,,,,,,
Lever Triceps Dip (plate loaded),https://exrx.net/WeightExercises/Triceps/LVTriDipH,Triceps Brachii,"Deltoid, Anterior; Pectoralis Major, Sternal; Pectoralis Major, Clavicular; Pectoralis Minor; Rhomboids; Levator Scapulae; Latissimus Dorsi; Coracobrachialis",Biceps Brachii,"Trapezius, Lower",,,,,,,,,,,,,,,,,,,,,,,,
Lever Triceps Extension (plate loaded),https://exrx.net/WeightExercises/Triceps/LVTriExtGripless,Triceps Brachii,None,,"Pectoralis        Major, Sternal; Deltoid, Posterior; Latissimus Dorsi; Teres Major; Pectoralis Minor; Trapezius, Lower",,,,,,,,,,,,,,,,,,,,,,,,
Lever Triceps Dip,https://exrx.net/WeightExercises/Triceps/LVTriDip,Triceps Brachii,"Deltoid, Anterior; Pectoralis Major, Sternal; Pectoralis Major, Clavicular; Pectoralis Minor; Rhomboids; Levator Scapulae; Latissimus Dorsi; Coracobrachialis",Biceps Brachii,"Trapezius, Lower",,,,,,,,,,,,,,,,,,,,,,,,
Lever Triceps Dip,https://exrx.net/WeightExercises/Triceps/LVTriDip2,Triceps Brachii,"Deltoid, Anterior; Pectoralis Major, Sternal; Pectoralis Major, Clavicular; Pectoralis Minor; Rhomboids; Levator Scapulae; Latissimus Dorsi; Coracobrachialis",Biceps Brachii,"Trapezius, Lower",,,,,,,,,,,,,,,,,,,,,,,,
Lever Triceps Extension,https://exrx.net/WeightExercises/Triceps/LVTriExt,Triceps Brachii,None,,"Pectoralis        Major, Sternal; Deltoid, Posterior; Latissimus Dorsi; Teres Major; Pectoralis Minor; Trapezius, Lower; Extensor Carpi        Ulnaris; Flexor Carpi Ulnaris",,,,,,,,,,,,,,,,,,,,,,,,
Lever Triceps Extension (with preacher pad),https://exrx.net/WeightExercises/Triceps/LVTriExtPreacherPad,Triceps Brachii,None,,"Pectoralis        Major, Sternal; Deltoid, Posterior; Latissimus Dorsi; Teres Major; Pectoralis Minor; Trapezius, Lower; Extensor Carpi        Ulnaris; Flexor Carpi Ulnaris",,,,,,,,,,,,,,,,,,,,,,,,
Sled Standing Triceps Dip,https://exrx.net/WeightExercises/Triceps/SLStandingTricepsDip,Triceps Brachii,"Deltoid, Anterior; Pectoralis Major, Sternal; Pectoralis Major, Clavicular; Pectoralis Minor; Rhomboids; Levator Scapulae; Latissimus Dorsi; Coracobrachialis",Biceps Brachii,"Trapezius, Lower",,,,,,,,,,,,,,,,,,,,,,,,
Smith Close Grip Bench Press,https://exrx.net/WeightExercises/Triceps/SMCloseGripBenchPress,Triceps Brachii,"Deltoid, Anterior; Pectoralis Major, Sternal; Pectoralis Major, Clavicular; Coracobrachialis",Biceps Brachii,,,,,,,,,,,,,,,,,,,,,,,,,
Weighted Bench Dip,https://exrx.net/WeightExercises/Triceps/WtBenchDip,Triceps Brachii,"Deltoid, Anterior; Pectoralis Major, Sternal; Pectoralis Major, Clavicular; Pectoralis Minor; Rhomboids; Levator Scapulae; Latissimus Dorsi; Coracobrachialis",Biceps Brachii,"Trapezius, Lower",,,,,,,,,,,,,,,,,,,,,,,,
Weighted Triceps Dip,https://exrx.net/WeightExercises/Triceps/WtTriDip,Triceps Brachii,"Deltoid, Anterior; Pectoralis Major, Sternal; Pectoralis Major, Clavicular; Pectoralis Minor; Rhomboids; Levator Scapulae; Latissimus Dorsi; Coracobrachialis",Biceps Brachii,"Trapezius, Lower",,,,,,,,,,,,,,,,,,,,,,,,
Band-assisted Triceps Dip,https://exrx.net/WeightExercises/Triceps/ASTricepsDipBand,Triceps Brachii,"Deltoid, Anterior; Pectoralis Major, Sternal; Pectoralis Major, Clavicular; Pectoralis Minor; Rhomboids; Levator Scapulae; Latissimus Dorsi; Coracobrachialis",Biceps Brachii,"Trapezius, Lower",,,,,,,,,,,,,,,,,,,,,,,,
Bench Dip,https://exrx.net/WeightExercises/Triceps/BWBenchDip,Triceps Brachii,"Deltoid, Anterior; Pectoralis Major, Sternal; Pectoralis Major, Clavicular; Pectoralis Minor; Rhomboids; Levator Scapulae; Latissimus Dorsi; Coracobrachialis",Biceps Brachii,"Trapezius, Lower",,,,,,,,,,,,,,,,,,,,,,,,
Bench Dip (heels on floor),https://exrx.net/WeightExercises/Triceps/BWBenchDipFloor,Triceps Brachii,"Deltoid, Anterior; Pectoralis Major, Sternal; Pectoralis Major, Clavicular; Pectoralis Minor; Rhomboids; Levator Scapulae; Latissimus Dorsi; Coracobrachialis",Biceps Brachii,"Trapezius, Lower",,,,,,,,,,,,,,,,,,,,,,,,
Close Grip Push-up,https://exrx.net/WeightExercises/Triceps/BWCloseGripPushup,Triceps Brachii,"Pectoralis Major, Sternal; Pectoralis Major, Clavicular; Deltoid, Anterior; Coracobrachialis","Biceps Brachii, Short Head",Serratus Anterior; Pectoralis Minor; Rectus Abdominis; Obliques; Quadriceps,,,,,,,,,,,,,,,,,,,,,,,,
Close Grip Incline Push-up (on bar),https://exrx.net/WeightExercises/Triceps/BWCloseGripInclinePushupBar,Triceps Brachii,"Pectoralis Major, Sternal; Pectoralis Major, Clavicular; Deltoid, Anterior; Coracobrachialis","Biceps Brachii, Short Head",Rectus Abdominis; Obliques; Quadriceps; Gastrocnemius; Soleus,,,,,,,,,,,,,,,,,,,,,,,,
Close Grip Push-up (on knees),https://exrx.net/WeightExercises/Triceps/BWCloseGripPushupKnees,Triceps Brachii,"Pectoralis Major, Sternal; Pectoralis Major, Clavicular; Deltoid, Anterior; Coracobrachialis","Biceps Brachii, Short Head",Rectus Abdominis; Obliques,,,,,,,,,,,,,,,,,,,,,,,,
Triceps Dip,https://exrx.net/WeightExercises/Triceps/BWTriDip,Triceps Brachii,"Deltoid, Anterior; Pectoralis Major, Sternal; Pectoralis Major, Clavicular; Pectoralis Minor; Rhomboids; Levator Scapulae; Latissimus Dorsi; Coracobrachialis",Biceps Brachii,"Trapezius, Lower",,,,,,,,,,,,,,,,,,,,,,,,
Suspended Triceps Extension,https://exrx.net/WeightExercises/Triceps/STTricepsExtension,Triceps Brachii,,,"Pectoralis Major, Sternal; Pectoralis Major, Clavicular; Latissimus Dorsi; Teres Major; Rhomboids; Levator Scapulae; Deltoid, Posterior; Coracobrachialis; Pectoralis Minor; Serratus Anterior; Rectus Abdominis; Obliques; Quadriceps; Gastrocnemius; Wrist Flexors",,,,,,,,,,,,,,,,,,,,,,,,
Self-assisted Triceps Dip,https://exrx.net/WeightExercises/Triceps/ASTricepsDipSelf,Triceps Brachii,"Deltoid, Anterior; Pectoralis Major, Sternal; Pectoralis Major, Clavicular; Pectoralis Minor; Rhomboids; Levator Scapulae; Latissimus Dorsi; Coracobrachialis",Biceps Brachii,"Trapezius, Lower",,,,,,,,,,,,,,,,,,,,,,,,
Barbell Curl,https://exrx.net/WeightExercises/Biceps/BBCurl,Biceps Brachii,Brachialis; Brachioradialis,,"Deltoid, Anterior; Coracobrachialis; Trapezius, Upper; Trapezius, Middle; Levator Scapulae; Wrist Flexors",,,,,,,,,,,,,,,,,,,,,,,,
Cable Curl,https://exrx.net/WeightExercises/Biceps/CBCurl,Biceps Brachii,Brachialis; Brachioradialis,,"Deltoid, Anterior; Coracobrachialis; Trapezius, Upper; Trapezius, Middle; Levator Scapulae; Wrist Flexors",,,,,,,,,,,,,,,,,,,,,,,,
Cable Isolateral Curl,https://exrx.net/WeightExercises/Biceps/CBCurlStirrups,Biceps Brachii,Brachialis; Brachioradialis,,"Trapezius, Upper; Trapezius, Middle; Levator Scapulae; Wrist Flexors; Coracobrachialis",,,,,,,,,,,,,,,,,,,,,,,,
Cable Alternating Isolateral Curl,https://exrx.net/WeightExercises/Biceps/CBAlternatingCurl,Biceps Brachii,Brachialis; Brachioradialis,,"Trapezius, Upper; Trapezius, Middle; Levator Scapulae; Wrist Flexors; Coracobrachialis",,,,,,,,,,,,,,,,,,,,,,,,
Cable One Arm Curl,https://exrx.net/WeightExercises/Biceps/CBOneArmCurl,Biceps Brachii,Brachialis; Brachioradialis,,"Deltoid, Anterior; Coracobrachialis; Trapezius, Upper; Trapezius, Middle; Levator Scapulae; Wrist Flexors",,,,,,,,,,,,,,,,,,,,,,,,
Dumbbell Curl,https://exrx.net/WeightExercises/Biceps/DBCurl,Biceps Brachii,Brachialis; Brachioradialis,,"Deltoid, Anterior; Coracobrachialis; Trapezius, Upper; Trapezius, Middle; Levator Scapulae; Wrist Flexors",,,,,,,,,,,,,,,,,,,,,,,,
Dumbbell Incline Curl,https://exrx.net/WeightExercises/Biceps/DBInclineCurl,Biceps Brachii,Brachialis; Brachioradialis,,"Deltoid, Anterior; Coracobrachialis; Wrist Flexors",,,,,,,,,,,,,,,,,,,,,,,,
Lever Isolateral Curl (plate loaded),https://exrx.net/WeightExercises/Biceps/LVCurlPL,Biceps Brachii,Brachialis; Brachioradialis,,Wrist Flexors,,,,,,,,,,,,,,,,,,,,,,,,
Lever Isolateral Curl,https://exrx.net/WeightExercises/Biceps/LVCurl,Biceps Brachii,Brachialis; Brachioradialis,,Wrist Flexors,,,,,,,,,,,,,,,,,,,,,,,,
Suspended Arm Curl,https://exrx.net/WeightExercises/Brachialis/STArmCurl,Brachialis,Biceps Brachii; Brachioradialis,,"Erector Spinae; Gluteus Maximus; Hamstrings; Wrist Flexors; Trapezius, Middle; Rhomboids",,Rectus Abdominis; Obliques,,,,,,,,,,,,,,,,,,,,,,
Barbell Preacher Curl,https://exrx.net/WeightExercises/Brachialis/BBPreacherCurl,Brachialis,Biceps Brachii; Brachioradialis,,Wrist Flexors,,,,,,,,,,,,,,,,,,,,,,,,
Barbell Prone Incline Curl,https://exrx.net/WeightExercises/Brachialis/BBProneInclineCurl,Brachialis,Biceps Brachii; Brachioradialis,,"Wrist Flexors; Trapezius, Middle; Rhomboids",,,,,,,,,,,,,,,,,,,,,,,,
Cable Concentration Curl,https://exrx.net/WeightExercises/Brachialis/CBConcentrationCurl,Brachialis,Biceps Brachii; Brachioradialis,,"Trapezius, Upper; Trapezius, Middle; Levator Scapulae; Obliques; Erector Spinae; Wrist Flexors",,,,,,,,,,,,,,,,,,,,,,,,
Cable Preacher Curl,https://exrx.net/WeightExercises/Brachialis/CBPreacherCurl,Brachialis,Biceps Brachii; Brachioradialis,,Wrist Flexors,,,,,,,,,,,,,,,,,,,,,,,,
Cable Isolateral Preacher Curl,https://exrx.net/WeightExercises/Brachialis/CBPreacherCurlStirrups,Brachialis,Biceps Brachii; Brachioradialis,,Wrist Flexors,,,,,,,,,,,,,,,,,,,,,,,,
Dumbbell Concentration Curl,https://exrx.net/WeightExercises/Brachialis/DBConcentrationCurl,Brachialis,Biceps Brachii; Brachioradialis,,"Trapezius, Upper; Trapezius, Middle; Levator Scapulae; Obliques; Erector Spinae; Wrist Flexors",,,,,,,,,,,,,,,,,,,,,,,,
Dumbbell Preacher Curl,https://exrx.net/WeightExercises/Brachialis/DBPreacherCurl,Brachialis,Biceps Brachii; Brachioradialis,,Wrist Flexors,,,,,,,,,,,,,,,,,,,,,,,,
Lever Isolateral Preacher Curl (plate loaded),https://exrx.net/WeightExercises/Brachialis/LVPreacherCurlH,Brachialis,Biceps Brachii; Brachioradialis,,Wrist Flexors,,,,,,,,,,,,,,,,,,,,,,,,"Triceps Brachii, Long Head"
"Lever Isolateral Preacher Curl (arms high, plate loaded)",https://exrx.net/WeightExercises/Brachialis/LVPreacherCurlHighPL,Brachialis,Biceps Brachii; Brachioradialis,,Wrist Flexors,,,,,,,,,,,,,,,,,,,,,,,,"Triceps Brachii, Long Head"
Lever Preacher Curl,https://exrx.net/WeightExercises/Brachialis/LVPreacherCurl,Brachialis,Biceps Brachii; Brachioradialis,,Wrist Flexors,,,,,,,,,,,,,,,,,,,,,,,,"Triceps Brachii, Long Head"
Lever Isolateral Preacher Curl (arms high),https://exrx.net/WeightExercises/Brachialis/LVPreacherCurlHigh,Brachialis,Biceps Brachii; Brachioradialis,,Wrist Flexors,,,,,,,,,,,,,,,,,,,,,,,,"Triceps Brachii, Long Head"
Barbell Reverse Curl,https://exrx.net/WeightExercises/Brachioradialis/BBReverseCurl,Brachioradialis,Brachialis; Biceps Brachii,,"Deltoid, Anterior; Coracobrachialis; Trapezius, Upper; Trapezius, Middle; Levator Scapulae; Wrist Extensors",,,,,,,,,,,,,,,,,,,,,,,,
Cable Hammer Curl,https://exrx.net/WeightExercises/Brachioradialis/CBHammerCurl,Brachioradialis,Brachialis; Biceps Brachii,,"Deltoid, Anterior; Coracobrachialis; Trapezius, Upper; Trapezius, Middle; Levator Scapulae; Flexor Carpi Radialis; Extensor Carpi Radialis",,,,,,,,,,,,,,,,,,,,,,,,
Cable Reverse Curl,https://exrx.net/WeightExercises/Brachioradialis/CBReverseCurl,Brachioradialis,Brachialis; Biceps Brachii,,"Deltoid, Anterior; Coracobrachialis; Trapezius, Upper; Trapezius, Middle; Levator Scapulae; Wrist Extensors",,,,,,,,,,,,,,,,,,,,,,,,
Dumbbell Hammer Curl,https://exrx.net/WeightExercises/Brachioradialis/DBHammerCurl,Brachioradialis,Brachialis; Biceps Brachii,,"Deltoid, Anterior; Coracobrachialis; Trapezius, Upper; Trapezius, Middle; Levator Scapulae; Flexor Carpi Radialis; Extensor Carpi Radialis",,,,,,,,,,,,,,,,,,,,,,,,
Lever Isolateral Hammer Preacher Curl (plate loaded),https://exrx.net/WeightExercises/Brachioradialis/LVHammerPreacherCurlPL,Brachioradialis,Brachialis; Biceps Brachii,,Flexor Carpi Radialis; Extensor Carpi Radialis,,,,,,,,,,,,,,,,,,,,,,,,
Lever Isolateral Reverse Curl,https://exrx.net/WeightExercises/Brachioradialis/LVReverseCurl,Brachioradialis,Brachialis; Biceps Brachii,,"Deltoid, Anterior; Coracobrachialis; Wrist Flexors",,,,,,,,,,,,,,,,,,,,,,,,
Barbell Wrist Curl,https://exrx.net/WeightExercises/WristFlexors/BBWristCurl,Wrist Flexors,None,,No significant stabilizers,,,,,,,,,,,,,,,,,,,,,,,,
Cable Wrist Curl,https://exrx.net/WeightExercises/WristFlexors/CBWristCurl,Wrist Flexors,None,,No significant stabilizers,,,,,,,,,,,,,,,,,,,,,,,,
Dumbbell Wrist Curl,https://exrx.net/WeightExercises/WristFlexors/DBWristCurl,Wrist Flexors,None,,No significant stabilizers,,,,,,,,,,,,,,,,,,,,,,,,
Lever Grip (plate loaded),https://exrx.net/WeightExercises/WristFlexors/LVGripPL,Wrist Flexors,None,,No significant stabilizers,,,,,,,,,,,,,,,,,,,,,,,,
Lever Wrist Curl (plate loaded),https://exrx.net/WeightExercises/WristFlexors/LVWristCurlPL,Wrist Flexors,None,,No significant stabilizers,,,,,,,,,,,,,,,,,,,,,,,,
Lever Isolateral Grip,https://exrx.net/WeightExercises/WristFlexors/LVGrip,Wrist Flexors,None,,No significant stabilizers,,,,,,,,,,,,,,,,,,,,,,,,
Lever Isolateral Wrist Curl,https://exrx.net/WeightExercises/WristFlexors/LVWristCurl,Wrist Flexors,None,,No significant stabilizers,,,,,,,,,,,,,,,,,,,,,,,,
Sled One Hand Grip,https://exrx.net/WeightExercises/WristFlexors/SLGrip,Wrist Flexors,None,,No significant stabilizers,,,,,,,,,,,,,,,,,,,,,,,,
Sled One Hand Grip (plate loaded),https://exrx.net/WeightExercises/WristFlexors/SLOneHandGripPlateLoaded,Wrist Flexors,None,,No significant stabilizers,,,,,,,,,,,,,,,,,,,,,,,,
Barbell Reverse Wrist Curl,https://exrx.net/WeightExercises/WristExtensors/BBReverseWristCurl,Wrist Extensors,None,,No significant stabilizers,,,,,,,,,,,,,,,,,,,,,,,,
Cable Reverse Wrist Curl,https://exrx.net/WeightExercises/WristExtensors/CBReverseWristCurl,Wrist Extensors,None,,No significant stabilizers,,,,,,,,,,,,,,,,,,,,,,,,
Dumbbell Reverse Wrist Curl,https://exrx.net/WeightExercises/WristExtensors/DBReverseWristCurl,Wrist Extensors,None,,No significant stabilizers,,,,,,,,,,,,,,,,,,,,,,,,
Lever Reverse Wrist Curl (plate loaded),https://exrx.net/WeightExercises/WristExtensors/LVReverseWristCurlPL,Wrist Extensors,None,,No significant stabilizers,,,,,,,,,,,,,,,,,,,,,,,,
Lever Isolateral Reverse Wrist Curl,https://exrx.net/WeightExercises/WristExtensors/LVReverseWristCurl,Wrist Extensors,None,,No significant stabilizers,,,,,,,,,,,,,,,,,,,,,,,,
Dumbbell Seated Pronation,https://exrx.net/WeightExercises/Pronators/DBSeatedPronation,Pronators,None,,No significant stabilizers,,,,,,,,,,,,,,,,,,,,,,,,
Lever Isolateral Seated Forearm Pronation,https://exrx.net/WeightExercises/Pronators/LVSeatedPronation,Pronators,None,,No significant stabilizers,,,,,,,,,,,,,,,,,,,,,,,,
Dumbbell Seated Supination,https://exrx.net/WeightExercises/Supinators/DBSeatedSupination,Supinator,Biceps Brachii,,,,,,,,,,,,,,,,,,,,,,,,,,
Lever Isolateral Forearm Supination,https://exrx.net/WeightExercises/Supinators/LVSeatedSupination,Supinator,Biceps Brachii,,,,,,,,,,,,,,,,,,,,,,,,,,
